,ang_dist,cone_dist,inplane_dist,common_voxels,ccc,ccc_masked,z_score,z_score_masked,cone_ang_dist,cone_cone_dist,cone_inplane_dist,cone_common_voxels,cone_ccc,cone_ccc_masked,cone_z_score,cone_z_score_masked,inplane_ang_dist,inplane_cone_dist,inplane_inplane_dist,inplane_common_voxels,inplane_ccc,inplane_ccc_masked,inplane_z_score,inplane_z_score_masked
0,0.0,0.0,0.0,44473.0,0.9999999403953552,0.9999999403953552,13.798697471618652,13.798697471618652,0.0,0.0,0.0,44473.0,0.9999999403953552,0.9999999403953552,13.798697471618652,13.798697471618652,0.0,0.0,0.0,44473.0,0.9999999403953552,0.9999999403953552,13.798697471618652,13.798697471618652
1,2.2360452719662183,0.9999999999999002,1.0,41665.0,0.9770767092704773,0.9770767092704773,11.003568649291992,11.003568649291992,1.414204587376545,0.9999999999999002,0.0,41885.0,1.0,1.0,11.593521118164062,11.593521118164062,0.9999999999997249,0.0,1.0,42545.0,1.0,1.0,12.299129486083984,12.299129486083984
2,4.4719542941297075,1.999999999999765,2.0,41567.0,0.8673382997512817,0.8673382997512817,9.46202564239502,9.46202564239502,2.828355321903896,1.999999999999765,0.0,41485.0,0.9454023241996765,0.9454023241996765,10.460728645324707,10.460728645324707,1.9999999999998004,0.0,2.0,42177.0,0.97667396068573,0.97667396068573,11.53290843963623,11.53290843963623
3,6.707590733669952,2.999999999999923,3.0,41591.0,0.7937061786651611,0.7937061786651611,8.598846435546875,8.598846435546875,4.242398336379447,2.999999999999923,0.0,41551.0,0.8766741752624512,0.8766741752624512,9.546528816223145,9.546528816223145,3.0000000000000884,0.0,3.0,42273.0,0.919203519821167,0.919203519821167,10.677342414855957,10.677342414855957
4,8.942818091649205,4.000000000000042,4.0,41569.0,0.749040424823761,0.749040424823761,8.08182144165039,8.08182144165039,5.6562797348856595,4.000000000000042,0.0,41557.0,0.8225845694541931,0.8225845694541931,8.933610916137695,8.933610916137695,3.9999999999998943,0.0,4.0,42365.0,0.8646097779273987,0.8646097779273987,9.994978904724121,9.994978904724121
5,11.177499619780882,4.999999999999992,5.0,41543.0,0.7151748538017273,0.7151748538017273,7.706457138061523,7.706457138061523,7.069945578430074,4.999999999999992,0.0,41485.0,0.7835493087768555,0.7835493087768555,8.498231887817383,8.498231887817383,4.999999999999906,0.0,5.0,42269.0,0.8195315599441528,0.8195315599441528,9.450661659240723,9.450661659240723
6,13.411498236963396,5.999999999999965,6.0,41531.0,0.6871005892753601,0.6871005892753601,7.408762454986572,7.408762454986572,8.483341870563546,5.999999999999965,0.0,41559.0,0.752880334854126,0.752880334854126,8.168530464172363,8.168530464172363,6.000000000000089,0.0,6.0,42369.0,0.7824443578720093,0.7824443578720093,9.022918701171875,9.022918701171875
7,15.644676445529212,6.9999999999999725,7.0,41583.0,0.665918231010437,0.665918231010437,7.202081680297852,7.202081680297852,9.896414542988197,6.9999999999999725,0.0,41539.0,0.7285035848617554,0.7285035848617554,7.896526336669922,7.896526336669922,7.000000000000101,0.0,7.0,42297.0,0.7538296580314636,0.7538296580314636,8.679377555847168,8.679377555847168
8,17.876896247126297,7.999999999999981,8.0,41577.0,0.6507459878921509,0.6507459878921509,7.023679256439209,7.023679256439209,11.309109441148529,7.999999999999981,0.0,41499.0,0.7091922760009766,0.7091922760009766,7.676135540008545,7.676135540008545,8.000000000000083,0.0,8.0,42305.0,0.7322893142700195,0.7322893142700195,8.416764259338379,8.416764259338379
9,20.108019058157538,8.999999999999984,9.0,41593.0,0.6365424394607544,0.6365424394607544,6.8694047927856445,6.8694047927856445,12.721372309794734,8.999999999999984,0.0,41477.0,0.6924434304237366,0.6924434304237366,7.485150337219238,7.485150337219238,9.00000000000002,0.0,9.0,42301.0,0.7134261727333069,0.7134261727333069,8.195672035217285,8.195672035217285
10,22.33790562470978,9.999999999999975,10.0,41555.0,0.6228576898574829,0.6228576898574829,6.728511333465576,6.728511333465576,14.133148778523188,9.999999999999975,0.0,41493.0,0.6788285970687866,0.6788285970687866,7.333179950714111,7.333179950714111,9.999999999999984,0.0,10.0,42297.0,0.6968060731887817,0.6968060731887817,8.00225830078125,8.00225830078125
11,24.56641593689463,10.999999999999993,11.0,41581.0,0.6125190854072571,0.6125190854072571,6.635640621185303,6.635640621185303,15.544384347284582,10.999999999999993,0.0,41519.0,0.6665815711021423,0.6665815711021423,7.197994232177734,7.197994232177734,10.999999999999943,0.0,11.0,42297.0,0.6835104823112488,0.6835104823112488,7.837814807891846,7.837814807891846
12,26.79340914253257,11.999999999999988,12.0,41559.0,0.6055507063865662,0.6055507063865662,6.571200847625732,6.571200847625732,16.955024371859913,11.999999999999988,0.0,41497.0,0.6557079553604126,0.6557079553604126,7.0831685066223145,7.0831685066223145,12.000000000000052,0.0,12.0,42269.0,0.6717671155929565,0.6717671155929565,7.7004475593566895,7.7004475593566895
13,29.018743460102378,12.999999999999996,13.0,41555.0,0.5983611345291138,0.5983611345291138,6.515196323394775,6.515196323394775,18.36501404929687,12.999999999999996,0.0,41517.0,0.6465891599655151,0.6465891599655151,6.991567134857178,6.991567134857178,13.000000000000043,0.0,13.0,42337.0,0.6608242988586426,0.6608242988586426,7.582242965698242,7.582242965698242
14,31.24227609088961,14.0,14.0,41583.0,0.5915870666503906,0.5915870666503906,6.450087070465088,6.450087070465088,19.774298403307757,14.0,0.0,41577.0,0.6386450529098511,0.6386450529098511,6.913331031799316,6.913331031799316,14.00000000000005,0.0,14.0,42289.0,0.6502069234848022,0.6502069234848022,7.475403785705566,7.475403785705566
15,33.46386313025452,14.999999999999996,15.0,41551.0,0.58768630027771,0.58768630027771,6.421335697174072,6.421335697174072,21.182822269620416,14.999999999999996,0.0,41559.0,0.6325175762176514,0.6325175762176514,6.840111255645752,6.840111255645752,15.000000000000027,0.0,15.0,42337.0,0.6427081227302551,0.6427081227302551,7.380920886993408,7.380920886993408
16,35.68335947795264,15.999999999999972,16.0,41651.0,0.5813450813293457,0.5813450813293457,6.373954772949219,6.373954772949219,22.590530281282334,15.999999999999995,0.0,41569.0,0.6255245208740234,0.6255245208740234,6.768488883972168,6.768488883972168,15.999999999999963,0.0,16.0,42353.0,0.6372125148773193,0.6372125148773193,7.298501491546631,7.298501491546631
17,37.90061874743379,16.999999999999968,17.0,41557.0,0.5755366683006287,0.5755366683006287,6.333045959472656,6.333045959472656,23.997366853913302,16.99999999999999,0.0,41569.0,0.6189038753509521,0.6189038753509521,6.702181816101074,6.702181816101074,17.000000000000004,0.0,17.0,42317.0,0.6312000155448914,0.6312000155448914,7.228486061096191,7.228486061096191
18,40.11549317404756,18.00000000000001,18.0,41587.0,0.5711679458618164,0.5711679458618164,6.297807216644287,6.297807216644287,25.403276170902156,17.999999999999986,0.0,41487.0,0.6122460961341858,0.6122460961341858,6.632483959197998,6.632483959197998,17.999999999999968,0.0,18.0,42269.0,0.6264938116073608,0.6264938116073608,7.163028717041016,7.163028717041016
19,42.3278335220864,18.999999999999975,19.0,41591.0,0.5656912326812744,0.5656912326812744,6.254120349884033,6.254120349884033,26.80820216854692,18.999999999999975,0.0,41531.0,0.6069483757019043,0.6069483757019043,6.585857391357422,6.585857391357422,18.99999999999998,0.0,19.0,42273.0,0.620324432849884,0.620324432849884,7.10451602935791,7.10451602935791
20,44.53748899059379,19.999999999999993,20.0,41547.0,0.5617808103561401,0.5617808103561401,6.241209506988525,6.241209506988525,28.21208852113278,19.999999999999993,0.0,41573.0,0.6033787727355957,0.6033787727355957,6.555691242218018,6.555691242218018,20.000000000000025,0.0,20.0,42305.0,0.6145370602607727,0.6145370602607727,7.044573783874512,7.044573783874512
21,46.7443071178688,20.999999999999986,21.0,41579.0,0.558421790599823,0.558421790599823,6.218823432922363,6.218823432922363,29.614878625945472,20.999999999999986,0.0,41545.0,0.5995464324951172,0.5995464324951172,6.526933193206787,6.526933193206787,20.999999999999982,0.0,21.0,42225.0,0.6090822219848633,0.6090822219848633,6.9846415519714355,6.9846415519714355
22,48.9481336845988,21.999999999999996,22.0,41601.0,0.553355872631073,0.553355872631073,6.186493396759033,6.186493396759033,31.016515588218535,21.999999999999996,0.0,41619.0,0.5958441495895386,0.5958441495895386,6.496792793273926,6.496792793273926,21.999999999999986,0.0,22.0,42305.0,0.6040495038032532,0.6040495038032532,6.927727222442627,6.927727222442627
23,51.148812615551314,22.999999999999993,23.0,41559.0,0.5465704798698425,0.5465704798698425,6.127554416656494,6.127554416656494,32.41694220600873,22.999999999999993,0.0,41577.0,0.5919839143753052,0.5919839143753052,6.46400260925293,6.46400260925293,23.000000000000014,0.0,23.0,42261.0,0.5997292399406433,0.5997292399406433,6.889358043670654,6.889358043670654
24,53.34618587975917,23.99999999999999,24.0,41547.0,0.5410066843032837,0.5410066843032837,6.079817295074463,6.079817295074463,33.816100954999484,23.99999999999999,0.0,41551.0,0.5903158187866211,0.5903158187866211,6.450898170471191,6.450898170471191,23.999999999999975,0.0,24.0,42305.0,0.5969369411468506,0.5969369411468506,6.855905055999756,6.855905055999756
25,55.540093389134725,25.000000000000004,25.0,41555.0,0.5371579527854919,0.5371579527854919,6.054093360900879,6.054093360900879,35.21393397322867,24.99999999999999,0.0,41587.0,0.5875656008720398,0.5875656008720398,6.4297380447387695,6.4297380447387695,25.000000000000004,0.0,25.0,42385.0,0.5943584442138672,0.5943584442138672,6.826745510101318,6.826745510101318
26,57.7303728954473,25.999999999999996,26.0,41545.0,0.5335620641708374,0.5335620641708374,6.036336421966553,6.036336421966553,36.61038304573711,25.999999999999996,0.0,41555.0,0.5834083557128906,0.5834083557128906,6.405908584594727,6.405908584594727,25.999999999999993,0.0,26.0,42433.0,0.5904188752174377,0.5904188752174377,6.8009538650512695,6.8009538650512695
27,59.91685988560488,26.999999999999996,27.0,41587.0,0.5304998159408569,0.5304998159408569,6.017292499542236,6.017292499542236,38.005389589137636,26.999999999999996,0.0,41591.0,0.5794636607170105,0.5794636607170105,6.377011299133301,6.377011299133301,27.00000000000002,0.0,27.0,42401.0,0.5881341695785522,0.5881341695785522,6.770823955535889,6.770823955535889
28,62.099387475178595,27.999999999999996,28.0,41543.0,0.5267205834388733,0.5267205834388733,5.991933822631836,5.991933822631836,39.39889463610048,27.999999999999996,0.0,41591.0,0.5760857462882996,0.5760857462882996,6.341456413269043,6.341456413269043,28.0,0.0,28.0,42377.0,0.5851143002510071,0.5851143002510071,6.749202251434326,6.749202251434326
29,64.27778630011413,29.00000000000001,29.0,41583.0,0.5245283246040344,0.5245283246040344,5.985984802246094,5.985984802246094,40.790838819754036,28.999999999999996,0.0,41593.0,0.571629524230957,0.571629524230957,6.304808139801025,6.304808139801025,29.000000000000014,0.0,29.0,42341.0,0.5817911028862,0.5817911028862,6.718029499053955,6.718029499053955
30,66.45188440657513,30.000000000000004,30.0,41579.0,0.5246050357818604,0.5246050357818604,5.99934196472168,5.99934196472168,42.18116235799819,29.99999999999998,0.0,41539.0,0.5670643448829651,0.5670643448829651,6.272751331329346,6.272751331329346,29.999999999999993,0.0,30.0,42313.0,0.5780792236328125,0.5780792236328125,6.687327861785889,6.687327861785889
31,68.62150713886848,31.0,31.0,41545.0,0.5252538919448853,0.5252538919448853,6.027204990386963,6.027204990386963,43.56980503772961,31.0,0.0,41541.0,0.5642245411872864,0.5642245411872864,6.2393364906311035,6.2393364906311035,31.000000000000018,0.0,31.0,42321.0,0.5753464102745056,0.5753464102745056,6.650944232940674,6.650944232940674
32,70.78647702540268,31.99999999999999,32.0,41559.0,0.5257523059844971,0.5257523059844971,6.04785680770874,6.04785680770874,44.95670619897573,31.99999999999999,0.0,41491.0,0.5602220296859741,0.5602220296859741,6.204646587371826,6.204646587371826,31.99999999999999,0.0,32.0,42289.0,0.571526050567627,0.571526050567627,6.618338108062744,6.618338108062744
33,72.94661366263803,33.0,33.0,41453.0,0.5238987803459167,0.5238987803459167,6.03956413269043,6.03956413269043,46.34180471893829,33.0,0.0,41527.0,0.5566830635070801,0.5566830635070801,6.169427394866943,6.169427394866943,33.0,0.0,33.0,42385.0,0.5687901377677917,0.5687901377677917,6.586161136627197,6.586161136627197
34,75.10173359698793,34.00000000000001,34.0,41595.0,0.5235620737075806,0.5235620737075806,6.044989585876465,6.044989585876465,47.725038995942796,34.00000000000001,0.0,41571.0,0.554283618927002,0.554283618927002,6.150267601013184,6.150267601013184,34.000000000000014,0.0,34.0,42345.0,0.5664597153663635,0.5664597153663635,6.567477703094482,6.567477703094482
35,77.25165020463892,35.0,35.0,41595.0,0.5223990678787231,0.5223990678787231,6.048062324523926,6.048062324523926,49.106346933294915,34.99999999999999,0.0,41549.0,0.5516946315765381,0.5516946315765381,6.1325602531433105,6.1325602531433105,35.0,0.0,35.0,42361.0,0.5653167963027954,0.5653167963027954,6.558548927307129,6.558548927307129
36,79.39617356926189,36.0,36.0,41565.0,0.5225666165351868,0.5225666165351868,6.062535285949707,6.062535285949707,50.48566592304224,36.0,0.0,41537.0,0.5492322444915771,0.5492322444915771,6.116865158081055,6.116865158081055,36.00000000000002,0.0,36.0,42341.0,0.5633580088615417,0.5633580088615417,6.5483784675598145,6.5483784675598145
37,81.53511035759179,37.0,37.0,41597.0,0.5225030183792114,0.5225030183792114,6.068393707275391,6.068393707275391,51.8629328296406,37.0,0.0,41557.0,0.5452003479003906,0.5452003479003906,6.098617076873779,6.098617076873779,37.0,0.0,37.0,42441.0,0.5573275685310364,0.5573275685310364,6.54291296005249,6.54291296005249
38,83.66826369286379,38.00000000000001,38.0,41559.0,0.5211266875267029,0.5211266875267029,6.05098295211792,6.05098295211792,53.238083973526024,38.000000000000014,0.0,41605.0,0.5443142056465149,0.5443142056465149,6.078586578369141,6.078586578369141,37.99999999999999,0.0,38.0,42313.0,0.5591839551925659,0.5591839551925659,6.526878833770752,6.526878833770752
39,85.79543302609778,38.99999999999999,39.0,41543.0,0.5192467570304871,0.5192467570304871,6.038686275482178,6.038686275482178,54.61105511459088,39.0,0.0,41587.0,0.5427275896072388,0.5427275896072388,6.068371295928955,6.068371295928955,38.99999999999999,0.0,39.0,42361.0,0.5574862360954285,0.5574862360954285,6.508857250213623,6.508857250213623
40,87.91641400523554,39.99999999999999,40.0,41569.0,0.5179995894432068,0.5179995894432068,6.033288478851318,6.033288478851318,55.98178143556566,39.99999999999999,0.0,41569.0,0.5418047308921814,0.5418047308921814,6.06142520904541,6.06142520904541,39.999999999999986,0.0,40.0,42273.0,0.5555775165557861,0.5555775165557861,6.494294166564941,6.494294166564941
41,90.03099834214207,40.999999999999986,41.0,41601.0,0.518560528755188,0.518560528755188,6.042754173278809,6.042754173278809,57.35019752530688,40.999999999999986,0.0,41561.0,0.5415710210800171,0.5415710210800171,6.062443256378174,6.062443256378174,41.00000000000002,0.0,41.0,42269.0,0.5538902282714844,0.5538902282714844,6.478149890899658,6.478149890899658
42,92.13897367749519,42.0,42.0,41547.0,0.5198142528533936,0.5198142528533936,6.052014350891113,6.052014350891113,58.71623736199178,42.0,0.0,41519.0,0.5411433577537537,0.5411433577537537,6.075019836425781,6.075019836425781,42.0,0.0,42.0,42269.0,0.5517644882202148,0.5517644882202148,6.454569339752197,6.454569339752197
43,94.2401234435988,43.0,43.0,41551.0,0.5201593041419983,0.5201593041419983,6.0506744384765625,6.0506744384765625,60.07983429622183,43.0,0.0,41569.0,0.5420404672622681,0.5420404672622681,6.086987018585205,6.086987018585205,42.99999999999999,0.0,43.0,42329.0,0.549346923828125,0.549346923828125,6.436245441436768,6.436245441436768
44,96.33422672516798,43.999999999999986,44.0,41591.0,0.5220954418182373,0.5220954418182373,6.076526165008545,6.076526165008545,61.440921034036286,43.999999999999986,0.0,41573.0,0.5424951910972595,0.5424951910972595,6.097872257232666,6.097872257232666,43.99999999999999,0.0,44.0,42269.0,0.5477099418640137,0.5477099418640137,6.421660900115967,6.421660900115967
45,98.42105811814942,44.999999999999986,45.0,41517.0,0.5209017395973206,0.5209017395973206,6.0895538330078125,6.0895538330078125,62.799429619838094,45.0,0.0,41491.0,0.540857195854187,0.540857195854187,6.105447769165039,6.105447769165039,45.00000000000001,0.0,45.0,42357.0,0.5459235906600952,0.5459235906600952,6.405795097351074,6.405795097351074
46,100.50038758665605,45.99999999999999,46.0,41539.0,0.5235593318939209,0.5235593318939209,6.091216087341309,6.091216087341309,64.15529141923497,45.99999999999999,0.0,41573.0,0.5432111024856567,0.5432111024856567,6.106573104858398,6.106573104858398,45.999999999999986,0.0,46.0,42269.0,0.5445578694343567,0.5445578694343567,6.395753383636475,6.395753383636475
47,102.57198031811251,46.99999999999999,47.0,41571.0,0.5257377028465271,0.5257377028465271,6.111783504486084,6.111783504486084,65.50843710179858,46.99999999999999,0.0,41569.0,0.5423892736434937,0.5423892736434937,6.099079132080078,6.099079132080078,47.0,0.0,47.0,42329.0,0.5417017936706543,0.5417017936706543,6.379697799682617,6.379697799682617
48,104.63559657672629,48.0,48.0,41521.0,0.5270277857780457,0.5270277857780457,6.121580600738525,6.121580600738525,66.85879662374492,48.0,0.0,41519.0,0.5406110882759094,0.5406110882759094,6.084192752838135,6.084192752838135,48.00000000000001,0.0,48.0,42269.0,0.5390616655349731,0.5390616655349731,6.353351593017578,6.353351593017578
49,106.69099155542152,48.99999999999999,49.0,41557.0,0.5278334021568298,0.5278334021568298,6.124033451080322,6.124033451080322,68.20629921054035,48.99999999999999,0.0,41561.0,0.5386270880699158,0.5386270880699158,6.060683250427246,6.060683250427246,49.0,0.0,49.0,42269.0,0.5367385149002075,0.5367385149002075,6.335082530975342,6.335082530975342
50,108.73791522639392,50.0,50.0,41545.0,0.5275191068649292,0.5275191068649292,6.108779430389404,6.108779430389404,69.55087333943784,50.0,0.0,41569.0,0.5362971425056458,0.5362971425056458,6.040123462677002,6.040123462677002,50.00000000000001,0.0,50.0,42273.0,0.5346821546554565,0.5346821546554565,6.32085657119751,6.32085657119751
51,110.77611219047019,50.99999999999999,51.0,41529.0,0.5254343748092651,0.5254343748092651,6.080353736877441,6.080353736877441,70.89244672194765,50.99999999999999,0.0,41587.0,0.5333302617073059,0.5333302617073059,6.0144853591918945,6.0144853591918945,50.99999999999999,0.0,51.0,42361.0,0.5322211980819702,0.5322211980819702,6.305714130401611,6.305714130401611
52,112.80532152548253,52.0,52.0,41595.0,0.5240902304649353,0.5240902304649353,6.046031475067139,6.046031475067139,72.23094628624911,52.0,0.0,41605.0,0.5309063196182251,0.5309063196182251,5.976388454437256,5.976388454437256,51.99999999999999,0.0,52.0,42313.0,0.5296728610992432,0.5296728610992432,6.293636322021484,6.293636322021484
53,114.82527663389715,53.0,53.0,41557.0,0.5239008069038391,0.5239008069038391,6.0339226722717285,6.0339226722717285,73.56629815954877,53.0,0.0,41557.0,0.5270026922225952,0.5270026922225952,5.936656475067139,5.936656475067139,52.999999999999986,0.0,53.0,42441.0,0.5248506665229797,0.5248506665229797,6.288822174072266,6.288822174072266
54,116.83570508996763,53.999999999999986,54.0,41543.0,0.5241947174072266,0.5241947174072266,6.02549934387207,6.02549934387207,74.89842765039239,53.999999999999986,0.0,41537.0,0.5268003940582275,0.5268003940582275,5.911829948425293,5.911829948425293,53.99999999999999,0.0,54.0,42341.0,0.5271275639533997,0.5271275639533997,6.269240379333496,6.269240379333496
55,118.8363284867174,54.999999999999986,55.0,41559.0,0.5225529670715332,0.5225529670715332,5.991076469421387,5.991076469421387,76.22725923093766,54.99999999999999,0.0,41549.0,0.5254700779914856,0.5254700779914856,5.889688491821289,5.889688491821289,55.0,0.0,55.0,42361.0,0.5255422592163086,0.5255422592163086,6.249042510986328,6.249042510986328
56,120.8268622830925,56.0,56.0,41565.0,0.5204256772994995,0.5204256772994995,5.9562153816223145,5.9562153816223145,77.55271651919618,56.0,0.0,41571.0,0.5240629315376282,0.5240629315376282,5.86615514755249,5.86615514755249,55.99999999999999,0.0,56.0,42345.0,0.5237599611282349,0.5237599611282349,6.230256080627441,6.230256080627441
57,122.80701565166504,57.00000000000001,57.0,41519.0,0.5170677304267883,0.5170677304267883,5.9231767654418945,5.9231767654418945,78.87472226125368,57.00000000000001,0.0,41527.0,0.521568775177002,0.521568775177002,5.833159923553467,5.833159923553467,57.0,0.0,57.0,42385.0,0.5230734348297119,0.5230734348297119,6.224401950836182,6.224401950836182
58,124.77649132730967,58.00000000000001,58.0,41591.0,0.5176458954811096,0.5176458954811096,5.892355918884277,5.892355918884277,80.19319831347727,58.00000000000002,0.0,41491.0,0.5202658772468567,0.5202658772468567,5.81803560256958,5.81803560256958,58.00000000000002,0.0,58.0,42289.0,0.5214598774909973,0.5214598774909973,6.232280254364014,6.232280254364014
59,126.73498545732119,59.00000000000001,59.0,41547.0,0.5168560147285461,0.5168560147285461,5.868487358093262,5.868487358093262,81.50806562472117,59.00000000000001,0.0,41541.0,0.519230306148529,0.519230306148529,5.798007011413574,5.798007011413574,58.99999999999999,0.0,59.0,42321.0,0.5207857489585876,0.5207857489585876,6.236966133117676,6.236966133117676
60,128.68218745348943,59.999999999999986,60.0,41531.0,0.5158053040504456,0.5158053040504456,5.844118595123291,5.844118595123291,82.8192442185417,59.999999999999986,0.0,41539.0,0.5161420106887817,0.5161420106887817,5.772311687469482,5.772311687469482,59.999999999999986,0.0,60.0,42313.0,0.5195808410644531,0.5195808410644531,6.241012096405029,6.241012096405029
61,130.61777984669925,60.999999999999986,61.0,41505.0,0.5124858617782593,0.5124858617782593,5.791532039642334,5.791532039642334,84.12665317543313,61.0,0.0,41593.0,0.5158559679985046,0.5158559679985046,5.752751350402832,5.752751350402832,60.999999999999986,0.0,61.0,42341.0,0.5190034508705139,0.5190034508705139,6.232619285583496,6.232619285583496
62,132.5414381446787,62.0,62.0,41603.0,0.5089641809463501,0.5089641809463501,5.730720520019531,5.730720520019531,85.43021061509813,61.999999999999986,0.0,41591.0,0.5151383280754089,0.5151383280754089,5.734347343444824,5.734347343444824,62.0,0.0,62.0,42377.0,0.5177302956581116,0.5177302956581116,6.212707042694092,6.212707042694092
63,134.45283069357663,63.0,63.0,41579.0,0.504928708076477,0.504928708076477,5.6691575050354,5.6691575050354,86.72983367876635,62.999999999999986,0.0,41591.0,0.5138998031616211,0.5138998031616211,5.715404510498047,5.715404510498047,63.000000000000014,0.0,63.0,42401.0,0.5159957408905029,0.5159957408905029,6.193323612213135,6.193323612213135
64,136.35161854411305,64.0,64.0,41515.0,0.5029332041740417,0.5029332041740417,5.628744602203369,5.628744602203369,88.0254385115759,64.0,0.0,41555.0,0.5121928453445435,0.5121928453445435,5.688946723937988,5.688946723937988,64.0,0.0,64.0,42433.0,0.5134365558624268,0.5134365558624268,6.175874710083008,6.175874710083008
65,138.2374553231104,65.00000000000001,65.0,41537.0,0.5008626580238342,0.5008626580238342,5.5903401374816895,5.5903401374816895,89.31694024503408,65.0,0.0,41587.0,0.5110991597175598,0.5110991597175598,5.662733554840088,5.662733554840088,65.0,0.0,65.0,42385.0,0.5129045844078064,0.5129045844078064,6.171487331390381,6.171487331390381
66,140.10998711128366,66.0,66.0,41533.0,0.498691201210022,0.498691201210022,5.549838542938232,5.549838542938232,90.6042529795737,65.99999999999999,0.0,41551.0,0.5099303126335144,0.5099303126335144,5.646595001220703,5.646595001220703,66.0,0.0,66.0,42305.0,0.5109843611717224,0.5109843611717224,6.168652057647705,6.168652057647705
67,141.96885232823828,67.0,67.0,41569.0,0.4982765018939972,0.4982765018939972,5.527059555053711,5.527059555053711,91.88728976722363,67.0,0.0,41577.0,0.5096281170845032,0.5096281170845032,5.641371250152588,5.641371250152588,66.99999999999999,0.0,67.0,42261.0,0.5092097520828247,0.5092097520828247,6.164533615112305,6.164533615112305
68,143.81368162570172,68.00000000000001,68.0,41573.0,0.4960715174674988,0.4960715174674988,5.49399995803833,5.49399995803833,93.16596259441228,68.00000000000001,0.0,41619.0,0.5100645422935486,0.5100645422935486,5.635867595672607,5.635867595672607,68.00000000000001,0.0,68.0,42305.0,0.5085614323616028,0.5085614323616028,6.156196594238281,6.156196594238281
69,145.6440977900911,69.0,69.0,41537.0,0.49606192111968994,0.49606192111968994,5.4796905517578125,5.4796905517578125,94.44018236492481,69.0,0.0,41545.0,0.5100758671760559,0.5100758671760559,5.629699230194092,5.629699230194092,69.0,0.0,69.0,42225.0,0.5072141289710999,0.5072141289710999,6.1446638107299805,6.1446638107299805
70,147.45971565560436,70.0,70.0,41561.0,0.495850533246994,0.495850533246994,5.4637603759765625,5.4637603759765625,95.70985888303566,70.0,0.0,41573.0,0.5103037357330322,0.5103037357330322,5.625585079193115,5.625585079193115,70.0,0.0,70.0,42305.0,0.5058042407035828,0.5058042407035828,6.131750583648682,6.131750583648682
71,149.26014202910235,71.0,71.0,41585.0,0.4937393367290497,0.4937393367290497,5.434102535247803,5.434102535247803,96.97490083683867,71.0,0.0,41531.0,0.5101136565208435,0.5101136565208435,5.620349407196045,5.620349407196045,71.0,0.0,71.0,42273.0,0.5040643811225891,0.5040643811225891,6.118370532989502,6.118370532989502
72,151.04497562814015,72.0,72.0,41559.0,0.49149563908576965,0.49149563908576965,5.397185325622559,5.397185325622559,98.23521578180001,72.0,0.0,41487.0,0.5104328393936157,0.5104328393936157,5.621016025543213,5.621016025543213,72.0,0.0,72.0,42269.0,0.5029981136322021,0.5029981136322021,6.1056013107299805,6.1056013107299805
73,152.81380703359105,73.0,73.0,41571.0,0.48938313126564026,0.48938313126564026,5.360902786254883,5.360902786254883,99.49071012455872,73.00000000000001,0.0,41569.0,0.5106512904167175,0.5106512904167175,5.621052265167236,5.621052265167236,73.00000000000001,0.0,73.0,42317.0,0.5009167790412903,0.5009167790412903,6.097164154052734,6.097164154052734
74,154.5662186583985,74.0,74.0,41545.0,0.48691704869270325,0.48691704869270325,5.317391872406006,5.317391872406006,100.74128910700206,74.0,0.0,41569.0,0.5108610987663269,0.5108610987663269,5.614109039306641,5.614109039306641,74.0,0.0,74.0,42353.0,0.4992578625679016,0.4992578625679016,6.078645706176758,6.078645706176758
75,156.301784734081,75.0,75.0,41595.0,0.48214808106422424,0.48214808106422424,5.259978771209717,5.259978771209717,101.98685679064441,75.0,0.0,41559.0,0.5101705193519592,0.5101705193519592,5.603152751922607,5.603152751922607,75.0,0.0,75.0,42337.0,0.49568286538124084,0.49568286538124084,6.056624889373779,6.056624889373779
76,158.020071316705,76.00000000000001,76.0,41579.0,0.4792187511920929,0.4792187511920929,5.218338489532471,5.218338489532471,103.22731604133925,76.0,0.0,41577.0,0.5091163516044617,0.5091163516044617,5.592968463897705,5.592968463897705,76.00000000000001,0.0,76.0,42289.0,0.4938379228115082,0.4938379228115082,6.048912525177002,6.048912525177002
77,159.72063631413093,77.0,77.0,41555.0,0.47961294651031494,0.47961294651031494,5.209736347198486,5.209736347198486,104.46256851435584,77.0,0.0,41517.0,0.5090396404266357,0.5090396404266357,5.588846206665039,5.588846206665039,77.0,0.0,77.0,42337.0,0.49372345209121704,0.49372345209121704,6.039036273956299,6.039036273956299
78,161.40302953642424,78.0,78.0,41567.0,0.4788457155227661,0.4788457155227661,5.195805549621582,5.195805549621582,105.69251463985408,78.0,0.0,41497.0,0.5085686445236206,0.5085686445236206,5.58466100692749,5.58466100692749,78.0,0.0,78.0,42269.0,0.4927630126476288,0.4927630126476288,6.029174327850342,6.029174327850342
79,163.0667927714078,79.0,79.0,41571.0,0.4776970446109772,0.4776970446109772,5.177766799926758,5.177766799926758,106.91705360879146,79.0,0.0,41519.0,0.5075545310974121,0.5075545310974121,5.574150085449219,5.574150085449219,79.0,0.0,79.0,42297.0,0.49132290482521057,0.49132290482521057,6.018542766571045,6.018542766571045
80,164.71145988741114,80.0,80.0,41543.0,0.47746211290359497,0.47746211290359497,5.168606758117676,5.168606758117676,108.13608335929945,80.0,0.0,41493.0,0.5060299038887024,0.5060299038887024,5.55787467956543,5.55787467956543,80.00000000000001,0.0,80.0,42297.0,0.48994016647338867,0.48994016647338867,6.009788990020752,6.009788990020752
81,166.33655696534586,81.0,81.0,41525.0,0.4778713285923004,0.4778713285923004,5.169059753417969,5.169059753417969,109.34950056356652,81.0,0.0,41477.0,0.5045621395111084,0.5045621395111084,5.545274257659912,5.545274257659912,81.0,0.0,81.0,42301.0,0.48870909214019775,0.48870909214019775,6.0026774406433105,6.0026774406433105
82,167.94160246230194,82.0,82.0,41525.0,0.47827544808387756,0.47827544808387756,5.170600891113281,5.170600891113281,110.55720061526843,82.0,0.0,41499.0,0.5041700005531311,0.5041700005531311,5.543777942657471,5.543777942657471,82.0,0.0,82.0,42305.0,0.48829469084739685,0.48829469084739685,5.998137950897217,5.998137950897217
83,169.52610740891632,83.0,83.0,41525.0,0.4797649383544922,0.4797649383544922,5.181457996368408,5.181457996368408,111.75907761758678,83.0,0.0,41539.0,0.5030305981636047,0.5030305981636047,5.539289951324463,5.539289951324463,83.0,0.0,83.0,42297.0,0.4872906804084778,0.4872906804084778,5.991208553314209,5.991208553314209
84,171.08957564280857,84.0,84.0,41549.0,0.48133957386016846,0.48133957386016846,5.199621200561523,5.199621200561523,112.95502437185985,84.0,0.0,41559.0,0.5015333294868469,0.5015333294868469,5.527417182922363,5.527417182922363,84.0,0.0,84.0,42369.0,0.4863220751285553,0.4863220751285553,5.9853949546813965,5.9853949546813965
85,172.63150408041076,85.0,85.0,41485.0,0.4825083911418915,0.4825083911418915,5.20712947845459,5.20712947845459,114.14493236691044,85.0,0.0,41485.0,0.5010734796524048,0.5010734796524048,5.516521453857422,5.516521453857422,85.00000000000001,0.0,85.0,42269.0,0.48632940649986267,0.48632940649986267,5.981351852416992,5.981351852416992
86,174.15138302953218,86.0,86.0,41527.0,0.4833470582962036,0.4833470582962036,5.215058326721191,5.215058326721191,115.3286917690985,86.0,0.0,41557.0,0.4996422529220581,0.4996422529220581,5.511444568634033,5.511444568634033,86.0,0.0,86.0,42365.0,0.4867456257343292,0.4867456257343292,5.9945855140686035,5.9945855140686035
87,175.64869654499552,87.0,87.0,41495.0,0.4854762852191925,0.4854762852191925,5.2290754318237305,5.2290754318237305,116.50619141314722,87.0,0.0,41551.0,0.4977847933769226,0.4977847933769226,5.507521152496338,5.507521152496338,87.00000000000001,0.0,87.0,42273.0,0.4860171973705292,0.4860171973705292,6.0008864402771,6.0008864402771
88,177.12292282965709,88.0,88.0,41435.0,0.48343759775161743,0.48343759775161743,5.24062442779541,5.24062442779541,117.67731879379372,88.0,0.0,41485.0,0.4930006265640259,0.4930006265640259,5.51703405380249,5.51703405380249,88.0,0.0,88.0,42177.0,0.47999438643455505,0.47999438643455505,6.0099992752075195,6.0099992752075195
89,178.57353468307312,89.0,89.0,41515.0,0.467819482088089,0.467819482088089,5.272037982940674,5.272037982940674,118.8419600583173,89.00000000000001,0.0,41885.0,0.47391653060913086,0.47391653060913086,5.541375637054443,5.541375637054443,89.00000000000001,0.0,89.0,42545.0,0.4624220132827759,0.4624220132827759,6.021600246429443,6.021600246429443
90,180.0,89.99999999999999,90.0,44473.0,0.39454734325408936,0.39454734325408936,5.363800048828125,5.363800048828125,119.99999999999999,89.99999999999999,0.0,44473.0,0.4067673981189728,0.4067673981189728,5.6536736488342285,5.6536736488342285,90.0,0.0,90.0,44473.0,0.41736412048339844,0.41736412048339844,6.1091837882995605,6.1091837882995605
91,178.59821767919053,90.99999999999999,91.0,41523.0,0.4693945050239563,0.4693945050239563,5.294103622436523,5.294103622436523,121.1513220525765,91.0,0.0,41885.0,0.47161346673965454,0.47161346673965454,5.532787799835205,5.532787799835205,91.0,0.0,91.0,42545.0,0.46176519989967346,0.46176519989967346,6.025139808654785,6.025139808654785
92,177.2216585642362,92.0,92.0,41427.0,0.48704811930656433,0.48704811930656433,5.2804646492004395,5.2804646492004395,122.29580828573194,92.0,0.0,41485.0,0.4908313453197479,0.4908313453197479,5.5232439041137695,5.5232439041137695,92.00000000000001,0.0,92.0,42177.0,0.4786650538444519,0.4786650538444519,6.0127716064453125,6.0127716064453125
93,175.8708659550775,92.99999999999999,93.0,41513.0,0.4897119104862213,0.4897119104862213,5.271356105804443,5.271356105804443,123.43333940170834,92.99999999999999,0.0,41551.0,0.4962139427661896,0.4962139427661896,5.526495456695557,5.526495456695557,92.99999999999999,0.0,93.0,42273.0,0.48403891921043396,0.48403891921043396,5.999678134918213,5.999678134918213
94,174.54638552475643,94.0,94.0,41507.0,0.48851364850997925,0.48851364850997925,5.256439208984375,5.256439208984375,124.56379473308242,94.0,0.0,41557.0,0.4973110854625702,0.4973110854625702,5.537508010864258,5.537508010864258,94.0,0.0,94.0,42365.0,0.483795702457428,0.483795702457428,5.985774993896484,5.985774993896484
95,173.24876454380865,95.0,95.0,41479.0,0.4878723919391632,0.4878723919391632,5.250786304473877,5.250786304473877,125.68705224177907,95.0,0.0,41485.0,0.49810609221458435,0.49810609221458435,5.550021648406982,5.550021648406982,95.0,0.0,95.0,42269.0,0.4845801591873169,0.4845801591873169,5.997602939605713,5.997602939605713
96,171.97855104512698,96.00000000000001,96.0,41539.0,0.48632416129112244,0.48632416129112244,5.236408710479736,5.236408710479736,126.80298851938687,96.00000000000001,0.0,41559.0,0.49772849678993225,0.49772849678993225,5.556276798248291,5.556276798248291,96.0,0.0,96.0,42369.0,0.48400798439979553,0.48400798439979553,6.00422477722168,6.00422477722168
97,170.7362929286088,97.0,97.0,41497.0,0.48599717020988464,0.48599717020988464,5.227832317352295,5.227832317352295,127.9114787888439,97.0,0.0,41539.0,0.4973546266555786,0.4973546266555786,5.554632663726807,5.554632663726807,97.0,0.0,97.0,42297.0,0.4838767349720001,0.4838767349720001,6.004488468170166,6.004488468170166
98,169.52253700527913,98.0,98.0,41531.0,0.485958993434906,0.485958993434906,5.23104190826416,5.23104190826416,129.0123969075634,98.00000000000001,0.0,41499.0,0.49708569049835205,0.49708569049835205,5.554011344909668,5.554011344909668,98.00000000000001,0.0,98.0,42305.0,0.48391321301460266,0.48391321301460266,6.004602432250977,6.004602432250977
99,168.3378279810035,99.00000000000001,99.0,41535.0,0.4871330261230469,0.4871330261230469,5.240295886993408,5.240295886993408,130.1056153720714,99.0,0.0,41477.0,0.4956882894039154,0.4956882894039154,5.547358989715576,5.547358989715576,99.0,0.0,99.0,42301.0,0.4832516610622406,0.4832516610622406,6.000316143035889,6.000316143035889
100,167.18270738037293,100.0,100.0,41547.0,0.48729243874549866,0.48729243874549866,5.245769023895264,5.245769023895264,131.19100532422874,100.0,0.0,41493.0,0.4938938617706299,0.4938938617706299,5.531669616699219,5.531669616699219,100.0,0.0,100.0,42297.0,0.4823874235153198,0.4823874235153198,5.9935197830200195,5.9935197830200195
101,166.05771241185445,101.0,101.0,41569.0,0.48791617155075073,0.48791617155075073,5.250024318695068,5.250024318695068,132.26843655911273,101.0,0.0,41519.0,0.4924759566783905,0.4924759566783905,5.5223188400268555,5.5223188400268555,101.0,0.0,101.0,42297.0,0.4822312295436859,0.4822312295436859,5.986584663391113,5.986584663391113
102,164.96337477585138,102.0,102.0,41551.0,0.4885740578174591,0.4885740578174591,5.260572910308838,5.260572910308838,133.3377775346342,102.0,0.0,41497.0,0.49125316739082336,0.49125316739082336,5.520641803741455,5.520641803741455,101.99999999999999,0.0,102.0,42269.0,0.4816109836101532,0.4816109836101532,5.9800591468811035,5.9800591468811035
103,163.90021941790852,103.0,103.0,41549.0,0.4893750846385956,0.4893750846385956,5.272659778594971,5.272659778594971,134.39889538296734,103.0,0.0,41517.0,0.49151545763015747,0.49151545763015747,5.5349812507629395,5.5349812507629395,103.0,0.0,103.0,42337.0,0.48032793402671814,0.48032793402671814,5.971761703491211,5.971761703491211
104,162.86876322992077,104.0,104.0,41595.0,0.49048149585723877,0.49048149585723877,5.285552024841309,5.285552024841309,135.45165592387065,104.0,0.0,41577.0,0.4916854202747345,0.4916854202747345,5.547762393951416,5.547762393951416,104.0,0.0,104.0,42289.0,0.4787546992301941,0.4787546992301941,5.966188430786133,5.966188430786133
105,161.8695137028553,105.0,105.0,41555.0,0.4925006031990051,0.4925006031990051,5.304023742675781,5.304023742675781,136.4959236799788,105.00000000000001,0.0,41559.0,0.4917844533920288,0.4917844533920288,5.554195880889893,5.554195880889893,105.0,0.0,105.0,42337.0,0.47962087392807007,0.47962087392807007,5.971531391143799,5.971531391143799
106,160.902967535171,106.0,106.0,41573.0,0.4938732385635376,0.4938732385635376,5.318594932556152,5.318594932556152,137.53156189414517,106.0,0.0,41569.0,0.4916560649871826,0.4916560649871826,5.561085224151611,5.561085224151611,106.0,0.0,106.0,42353.0,0.48122507333755493,0.48122507333755493,5.97528600692749,5.97528600692749
107,159.9696092018077,106.99999999999999,107.0,41551.0,0.49487119913101196,0.49487119913101196,5.321153163909912,5.321153163909912,138.55843254891653,106.99999999999999,0.0,41569.0,0.4909166395664215,0.4909166395664215,5.560358047485352,5.560358047485352,107.0,0.0,107.0,42317.0,0.48139894008636475,0.48139894008636475,5.976543426513672,5.976543426513672
108,159.0699094893081,108.0,108.0,41577.0,0.4967052638530731,0.4967052638530731,5.3467535972595215,5.3467535972595215,139.5763963882205,108.0,0.0,41487.0,0.489976704120636,0.489976704120636,5.55711030960083,5.55711030960083,108.0,0.0,108.0,42269.0,0.4816354811191559,0.4816354811191559,5.96720027923584,5.96720027923584
109,158.20432400332476,109.00000000000001,109.0,41567.0,0.4980592429637909,0.4980592429637909,5.363146781921387,5.363146781921387,140.58531294134804,109.00000000000001,0.0,41531.0,0.4880811870098114,0.4880811870098114,5.546943187713623,5.546943187713623,109.0,0.0,109.0,42273.0,0.4804230332374573,0.4804230332374573,5.959605693817139,5.959605693817139
110,157.37329165543323,110.0,110.0,41569.0,0.4995969235897064,0.4995969235897064,5.382220268249512,5.382220268249512,141.58504054931169,109.99999999999999,0.0,41573.0,0.4867834746837616,0.4867834746837616,5.5429229736328125,5.5429229736328125,109.99999999999999,0.0,110.0,42305.0,0.4792057275772095,0.4792057275772095,5.945509910583496,5.945509910583496
111,156.57723313681655,111.00000000000001,111.0,41559.0,0.5004380941390991,0.5004380941390991,5.393072605133057,5.393072605133057,142.57543639366165,111.00000000000001,0.0,41545.0,0.4875662326812744,0.4875662326812744,5.566431045532227,5.566431045532227,111.0,0.0,111.0,42225.0,0.4785790741443634,0.4785790741443634,5.936717510223389,5.936717510223389
112,155.8165493869856,112.00000000000001,112.0,41543.0,0.5014104247093201,0.5014104247093201,5.40424919128418,5.40424919128418,143.55635652783909,112.0,0.0,41619.0,0.4881000518798828,0.4881000518798828,5.58434534072876,5.58434534072876,112.0,0.0,112.0,42305.0,0.47786301374435425,0.47786301374435425,5.9244208335876465,5.9244208335876465
113,155.0916200662483,113.0,113.0,41583.0,0.5020763278007507,0.5020763278007507,5.4184441566467285,5.4184441566467285,144.52765591114746,113.0,0.0,41577.0,0.48807165026664734,0.48807165026664734,5.5961384773254395,5.5961384773254395,113.0,0.0,113.0,42261.0,0.47607412934303284,0.47607412934303284,5.906253337860107,5.906253337860107
114,154.4028020411185,114.00000000000001,114.0,41569.0,0.5031765699386597,0.5031765699386597,5.431890964508057,5.431890964508057,145.48918844541973,114.00000000000001,0.0,41551.0,0.48793476819992065,0.48793476819992065,5.595251560211182,5.595251560211182,114.00000000000001,0.0,114.0,42305.0,0.47475308179855347,0.47475308179855347,5.880016803741455,5.880016803741455
115,153.75042789225387,115.0,115.0,41549.0,0.5049566626548767,0.5049566626548767,5.450831413269043,5.450831413269043,146.44080701445822,115.0,0.0,41587.0,0.48738348484039307,0.48738348484039307,5.596598148345947,5.596598148345947,115.0,0.0,115.0,42385.0,0.47288793325424194,0.47288793325424194,5.848561763763428,5.848561763763428
116,153.13480445481832,116.00000000000001,116.0,41561.0,0.5056928992271423,0.5056928992271423,5.460987567901611,5.460987567901611,147.38236352632242,116.00000000000001,0.0,41555.0,0.48686960339546204,0.48686960339546204,5.60397481918335,5.60397481918335,116.00000000000001,0.0,116.0,42433.0,0.4725654423236847,0.4725654423236847,5.8561553955078125,5.8561553955078125
117,152.55621140136236,117.0,117.0,41597.0,0.5069969296455383,0.5069969296455383,5.476198673248291,5.476198673248291,148.31370895853718,117.0,0.0,41591.0,0.48685500025749207,0.48685500025749207,5.606808185577393,5.606808185577393,117.0,0.0,117.0,42401.0,0.4735735356807709,0.4735735356807709,5.858798503875732,5.858798503875732
118,152.01489987740106,118.00000000000001,118.0,41557.0,0.5093216896057129,0.5093216896057129,5.503576278686523,5.503576278686523,149.23469340629114,118.00000000000001,0.0,41591.0,0.4876205325126648,0.4876205325126648,5.620229721069336,5.620229721069336,118.00000000000001,0.0,118.0,42377.0,0.4732126295566559,0.4732126295566559,5.860366344451904,5.860366344451904
119,151.511091199829,119.0,119.0,41593.0,0.5113782286643982,0.5113782286643982,5.527980327606201,5.527980327606201,150.14516613369165,119.0,0.0,41593.0,0.48774439096450806,0.48774439096450806,5.635729789733887,5.635729789733887,119.0,0.0,119.0,42341.0,0.4725377559661865,0.4725377559661865,5.849700450897217,5.849700450897217
120,151.04497562814015,119.99999999999999,120.0,41601.0,0.5128026604652405,0.5128026604652405,5.544925212860107,5.544925212860107,151.04497562814012,119.99999999999999,0.0,41539.0,0.4865777790546417,0.4865777790546417,5.6414289474487305,5.6414289474487305,119.99999999999999,0.0,120.0,42313.0,0.47194862365722656,0.47194862365722656,5.846078395843506,5.846078395843506
121,150.61671121811636,121.0,121.0,41523.0,0.5143686532974243,0.5143686532974243,5.5599565505981445,5.5599565505981445,151.93396965788583,121.0,0.0,41541.0,0.48821890354156494,0.48821890354156494,5.650547027587891,5.650547027587891,121.0,0.0,121.0,42321.0,0.47353506088256836,0.47353506088256836,5.8564558029174805,5.8564558029174805
122,150.22642276720308,122.0,122.0,41551.0,0.5147954225540161,0.5147954225540161,5.572247505187988,5.572247505187988,152.81199533281256,122.0,0.0,41491.0,0.48834773898124695,0.48834773898124695,5.662600517272949,5.662600517272949,122.0,0.0,122.0,42289.0,0.4742443263530731,0.4742443263530731,5.868924617767334,5.868924617767334
123,149.8742008602139,123.00000000000001,123.0,41565.0,0.5153402090072632,0.5153402090072632,5.576263904571533,5.576263904571533,153.67889916850845,123.00000000000001,0.0,41527.0,0.48896491527557373,0.48896491527557373,5.670576572418213,5.670576572418213,123.00000000000001,0.0,123.0,42385.0,0.4755401313304901,0.4755401313304901,5.875107765197754,5.875107765197754
124,149.5601010232938,124.0,124.0,41569.0,0.5179844498634338,0.5179844498634338,5.602043151855469,5.602043151855469,154.53452715366066,124.0,0.0,41571.0,0.48868390917778015,0.48868390917778015,5.671089172363281,5.671089172363281,124.0,0.0,124.0,42345.0,0.476269006729126,0.476269006729126,5.884041786193848,5.884041786193848
125,149.2841429932345,125.00000000000001,125.0,41539.0,0.5199687480926514,0.5199687480926514,5.628661155700684,5.628661155700684,155.37872482081409,125.00000000000001,0.0,41549.0,0.48908519744873047,0.48908519744873047,5.674013614654541,5.674013614654541,125.00000000000001,0.0,125.0,42361.0,0.47696855664253235,0.47696855664253235,5.887100696563721,5.887100696563721
126,149.0463101082873,126.0,126.0,41517.0,0.5211696028709412,0.5211696028709412,5.641355514526367,5.641355514526367,156.2113373205238,126.0,0.0,41537.0,0.48941853642463684,0.48941853642463684,5.6796183586120605,5.6796183586120605,126.0,0.0,126.0,42341.0,0.4768398404121399,0.4768398404121399,5.887099266052246,5.887099266052246
127,148.84654882556327,127.00000000000001,127.0,41563.0,0.5222374200820923,0.5222374200820923,5.654933452606201,5.654933452606201,157.032209498925,127.00000000000001,0.0,41557.0,0.4878534972667694,0.4878534972667694,5.679198265075684,5.679198265075684,127.00000000000001,0.0,127.0,42441.0,0.4729134142398834,0.4729134142398834,5.886740207672119,5.886740207672119
128,148.68476836897534,127.99999999999997,128.0,41561.0,0.5234500765800476,0.5234500765800476,5.670501708984375,5.670501708984375,157.841185978736,128.0,0.0,41605.0,0.4879573881626129,0.4879573881626129,5.6801347732543945,5.6801347732543945,128.0,0.0,128.0,42313.0,0.4763929843902588,0.4763929843902588,5.8865509033203125,5.8865509033203125
129,148.56084051046602,129.0,129.0,41569.0,0.5251569151878357,0.5251569151878357,5.692588806152344,5.692588806152344,158.63811124370162,129.0,0.0,41587.0,0.4868115782737732,0.4868115782737732,5.66932487487793,5.66932487487793,129.0,0.0,129.0,42361.0,0.4768564701080322,0.4768564701080322,5.882828235626221,5.882828235626221
130,148.4745994860103,130.0,130.0,41567.0,0.5272005796432495,0.5272005796432495,5.715360164642334,5.715360164642334,159.422829726475,130.0,0.0,41569.0,0.4870913624763489,0.4870913624763489,5.670879364013672,5.670879364013672,130.0,0.0,130.0,42273.0,0.47627031803131104,0.47627031803131104,5.871814727783203,5.871814727783203
131,148.42584204659707,131.0,131.0,41505.0,0.5289073586463928,0.5289073586463928,5.736233234405518,5.736233234405518,160.19518589992666,131.0,0.0,41561.0,0.4876352846622467,0.4876352846622467,5.672820091247559,5.672820091247559,131.0,0.0,131.0,42269.0,0.47550076246261597,0.47550076246261597,5.854424953460693,5.854424953460693
132,148.41432764310008,131.99999999999997,132.0,41545.0,0.5301054120063782,0.5301054120063782,5.747379302978516,5.747379302978516,160.95502437185985,132.0,0.0,41519.0,0.4874679446220398,0.4874679446220398,5.677886486053467,5.677886486053467,132.0,0.0,132.0,42269.0,0.4748290181159973,0.4748290181159973,5.83484411239624,5.83484411239624
133,148.43977874267392,133.0,133.0,41531.0,0.5302396416664124,0.5302396416664124,5.758179664611816,5.758179664611816,161.70218998309934,133.0,0.0,41569.0,0.4880235195159912,0.4880235195159912,5.682773590087891,5.682773590087891,133.0,0.0,133.0,42329.0,0.47408485412597656,0.47408485412597656,5.821258544921875,5.821258544921875
134,148.50188127306947,134.0,134.0,41525.0,0.5304640531539917,0.5304640531539917,5.7749247550964355,5.7749247550964355,162.4365279089117,134.0,0.0,41573.0,0.4876610338687897,0.4876610338687897,5.680269718170166,5.680269718170166,134.0,0.0,134.0,42269.0,0.4741956293582916,0.4741956293582916,5.813891887664795,5.813891887664795
135,148.60028519008097,135.0,135.0,41517.0,0.531302273273468,0.531302273273468,5.801634311676025,5.801634311676025,163.15788376370116,135.0,0.0,41491.0,0.4844934940338135,0.4844934940338135,5.6687164306640625,5.6687164306640625,135.0,0.0,135.0,42357.0,0.47369134426116943,0.47369134426116943,5.799134254455566,5.799134254455566
136,148.73460516223054,136.0,136.0,41585.0,0.534069836139679,0.534069836139679,5.818925857543945,5.818925857543945,163.8661037089153,136.0,0.0,41573.0,0.48624804615974426,0.48624804615974426,5.656554222106934,5.656554222106934,136.0,0.0,136.0,42269.0,0.47398608922958374,0.47398608922958374,5.796927452087402,5.796927452087402
137,148.90442136578332,137.0,137.0,41533.0,0.5361310839653015,0.5361310839653015,5.835813045501709,5.835813045501709,164.56103456408007,137.0,0.0,41569.0,0.48739463090896606,0.48739463090896606,5.666431427001953,5.666431427001953,137.0,0.0,137.0,42329.0,0.47353947162628174,0.47353947162628174,5.794770240783691,5.794770240783691
138,149.10928038228255,138.00000000000003,138.0,41563.0,0.5374138355255127,0.5374138355255127,5.849263668060303,5.849263668060303,165.24252392087243,138.0,0.0,41519.0,0.4872214198112488,0.4872214198112488,5.670457363128662,5.670457363128662,138.0,0.0,138.0,42269.0,0.4736306667327881,0.4736306667327881,5.788885593414307,5.788885593414307
139,149.34869619001023,139.0,139.0,41585.0,0.5389389991760254,0.5389389991760254,5.857712268829346,5.857712268829346,165.91042026012443,139.0,0.0,41561.0,0.486921101808548,0.486921101808548,5.664838790893555,5.664838790893555,139.0,0.0,139.0,42269.0,0.47295069694519043,0.47295069694519043,5.778099536895752,5.778099536895752
140,149.62215124012698,140.0,140.0,41565.0,0.5390346646308899,0.5390346646308899,5.8630475997924805,5.8630475997924805,166.56457307163916,140.0,0.0,41569.0,0.4877699911594391,0.4877699911594391,5.670933723449707,5.670933723449707,140.0,0.0,140.0,42273.0,0.47175517678260803,0.47175517678260803,5.758512496948242,5.758512496948242
141,149.9290976077273,141.0,141.0,41523.0,0.5387008190155029,0.5387008190155029,5.865022659301758,5.865022659301758,167.2048329766856,141.0,0.0,41587.0,0.4884297847747803,0.4884297847747803,5.673758506774902,5.673758506774902,141.0,0.0,141.0,42361.0,0.4712595045566559,0.4712595045566559,5.750629425048828,5.750629425048828
142,150.26895820767012,142.0,142.0,41533.0,0.5389779806137085,0.5389779806137085,5.866115093231201,5.866115093231201,167.83105185302384,142.0,0.0,41605.0,0.48850885033607483,0.48850885033607483,5.676736831665039,5.676736831665039,142.0,0.0,142.0,42313.0,0.47061577439308167,0.47061577439308167,5.744866847991943,5.744866847991943
143,150.64112806480824,143.0,143.0,41561.0,0.5393896102905273,0.5393896102905273,5.871257781982422,5.871257781982422,168.4430829622995,143.0,0.0,41557.0,0.487006813287735,0.487006813287735,5.670102596282959,5.670102596282959,143.0,0.0,143.0,42441.0,0.4682605266571045,0.4682605266571045,5.750419616699219,5.750419616699219
144,151.04497562814015,144.0,144.0,41553.0,0.5402019619941711,0.5402019619941711,5.877115726470947,5.877115726470947,169.04078107963062,144.0,0.0,41537.0,0.4888458251953125,0.4888458251953125,5.667015075683594,5.667015075683594,144.0,0.0,144.0,42341.0,0.47309231758117676,0.47309231758117676,5.752903938293457,5.752903938293457
145,151.47984411844274,145.0,145.0,41525.0,0.5411303639411926,0.5411303639411926,5.8845534324646,5.8845534324646,169.62400262519586,145.0,0.0,41549.0,0.4893980026245117,0.4893980026245117,5.664034843444824,5.664034843444824,145.0,0.0,145.0,42361.0,0.47467777132987976,0.47467777132987976,5.7579665184021,5.7579665184021
146,151.945052899099,146.0,146.0,41557.0,0.5415948033332825,0.5415948033332825,5.883577823638916,5.883577823638916,170.19260579761945,146.0,0.0,41571.0,0.48863986134529114,0.48863986134529114,5.652314186096191,5.652314186096191,146.0,0.0,146.0,42345.0,0.47562065720558167,0.47562065720558167,5.75829553604126,5.75829553604126
147,152.43989886011104,147.0,147.0,41541.0,0.5407457947731018,0.5407457947731018,5.879421710968018,5.879421710968018,170.74645070893325,147.0,0.0,41527.0,0.48790454864501953,0.48790454864501953,5.633252143859863,5.633252143859863,147.0,0.0,147.0,42385.0,0.47574925422668457,0.47574925422668457,5.746096134185791,5.746096134185791
148,152.96365780566475,148.0,148.0,41513.0,0.5393997430801392,0.5393997430801392,5.865815162658691,5.865815162658691,171.28539952088227,148.0,0.0,41491.0,0.48690223693847656,0.48690223693847656,5.61877965927124,5.61877965927124,148.0,0.0,148.0,42289.0,0.4740140438079834,0.4740140438079834,5.734349727630615,5.734349727630615
149,153.51558583608323,149.0,149.0,41525.0,0.538616955280304,0.538616955280304,5.855299472808838,5.855299472808838,171.80931658232723,149.0,0.0,41541.0,0.4867132604122162,0.4867132604122162,5.609422206878662,5.609422206878662,149.0,0.0,149.0,42321.0,0.4736376702785492,0.4736376702785492,5.7262163162231445,5.7262163162231445
150,154.09492071555528,150.0,150.0,41539.0,0.5372747182846069,0.5372747182846069,5.841507434844971,5.841507434844971,172.31806856748375,150.00000000000003,0.0,41539.0,0.4860655665397644,0.4860655665397644,5.605621814727783,5.605621814727783,150.0,0.0,150.0,42313.0,0.473339706659317,0.473339706659317,5.721200942993164,5.721200942993164
151,154.70088321763927,151.0,151.0,41541.0,0.5377593636512756,0.5377593636512756,5.8464250564575195,5.8464250564575195,172.81152461472547,151.0,0.0,41593.0,0.48625192046165466,0.48625192046165466,5.592584609985352,5.592584609985352,151.0,0.0,151.0,42341.0,0.4741985499858856,0.4741985499858856,5.714570045471191,5.714570045471191
152,155.3326784412099,152.0,152.0,41551.0,0.5374400019645691,0.5374400019645691,5.843230724334717,5.843230724334717,173.28955646566618,152.0,0.0,41591.0,0.4852433204650879,0.4852433204650879,5.563981533050537,5.563981533050537,152.0,0.0,152.0,42377.0,0.47543856501579285,0.47543856501579285,5.710071563720703,5.710071563720703
153,155.9894970902193,153.0,153.0,41557.0,0.5368915796279907,0.5368915796279907,5.838614463806152,5.838614463806152,173.7520386042248,153.0,0.0,41591.0,0.48398518562316895,0.48398518562316895,5.545174598693848,5.545174598693848,153.0,0.0,153.0,42401.0,0.476912260055542,0.476912260055542,5.715756893157959,5.715756893157959
154,156.67051671137617,154.0,154.0,41547.0,0.5365232229232788,0.5365232229232788,5.8339033126831055,5.8339033126831055,174.19884839536678,154.0,0.0,41555.0,0.4843498766422272,0.4843498766422272,5.53790807723999,5.53790807723999,154.0,0.0,154.0,42433.0,0.4765351116657257,0.4765351116657257,5.709105014801025,5.709105014801025
155,157.37490288458912,155.00000000000003,155.0,41503.0,0.5366418361663818,0.5366418361663818,5.827701568603516,5.827701568603516,174.62986622320574,155.00000000000003,0.0,41587.0,0.4859667718410492,0.4859667718410492,5.544133186340332,5.544133186340332,155.0,0.0,155.0,42385.0,0.4766605496406555,0.4766605496406555,5.695110321044922,5.695110321044922
156,158.10181036176957,156.0,156.0,41547.0,0.5363041162490845,0.5363041162490845,5.824737548828125,5.824737548828125,175.04497562814015,156.0,0.0,41551.0,0.48675423860549927,0.48675423860549927,5.54703426361084,5.54703426361084,156.0,0.0,156.0,42305.0,0.4757859706878662,0.4757859706878662,5.685166835784912,5.685166835784912
157,158.85038415032636,157.0,157.0,41571.0,0.5361691117286682,0.5361691117286682,5.819403648376465,5.819403648376465,175.44406344269382,157.0,0.0,41577.0,0.48732054233551025,0.48732054233551025,5.554800033569336,5.554800033569336,157.0,0.0,157.0,42261.0,0.4746460020542145,0.4746460020542145,5.672705173492432,5.672705173492432
158,159.61976053841065,158.00000000000003,158.0,41529.0,0.535608172416687,0.535608172416687,5.809589385986328,5.809589385986328,175.82701992572078,158.00000000000003,0.0,41619.0,0.48885810375213623,0.48885810375213623,5.559377193450928,5.559377193450928,158.0,0.0,158.0,42305.0,0.47443100810050964,0.47443100810050964,5.652683734893799,5.652683734893799
159,160.4090680596664,159.0,159.0,41541.0,0.5340859293937683,0.5340859293937683,5.790170669555664,5.790170669555664,176.19373889463236,159.00000000000003,0.0,41545.0,0.489911824464798,0.489911824464798,5.560852527618408,5.560852527618408,159.0,0.0,159.0,42225.0,0.4752643406391144,0.4752643406391144,5.650542736053467,5.650542736053467
160,161.217428395913,160.0,160.0,41547.0,0.5313147306442261,0.5313147306442261,5.7669453620910645,5.7669453620910645,176.544117855299,160.0,0.0,41573.0,0.49033322930336,0.49033322930336,5.5585222244262695,5.5585222244262695,160.0,0.0,160.0,42305.0,0.47576889395713806,0.47576889395713806,5.645728588104248,5.645728588104248
161,162.04395721682116,161.0,161.0,41577.0,0.5306049585342407,0.5306049585342407,5.7644944190979,5.7644944190979,176.878058129278,161.00000000000003,0.0,41531.0,0.4910489022731781,0.4910489022731781,5.561651706695557,5.561651706695557,161.0,0.0,161.0,42273.0,0.475518137216568,0.475518137216568,5.63346004486084,5.63346004486084
162,162.88776495623767,162.0,162.0,41581.0,0.5299952030181885,0.5299952030181885,5.75521993637085,5.75521993637085,177.19546497801844,162.00000000000003,0.0,41487.0,0.4914320409297943,0.4914320409297943,5.558440208435059,5.558440208435059,162.0,0.0,162.0,42269.0,0.4758738875389099,0.4758738875389099,5.6231865882873535,5.6231865882873535
163,163.74795752537128,163.0,163.0,41545.0,0.5297480821609497,0.5297480821609497,5.749462604522705,5.749462604522705,177.4962477236937,163.0,0.0,41569.0,0.49226638674736023,0.49226638674736023,5.561521053314209,5.561521053314209,163.0,0.0,163.0,42317.0,0.4749082922935486,0.4749082922935486,5.611590385437012,5.611590385437012
164,164.62363696356076,164.0,164.0,41557.0,0.5297312140464783,0.5297312140464783,5.749432563781738,5.749432563781738,177.78031986631711,164.0,0.0,41569.0,0.4932462275028229,0.4932462275028229,5.560805797576904,5.560805797576904,164.0,0.0,164.0,42353.0,0.47507187724113464,0.47507187724113464,5.600640773773193,5.600640773773193
165,165.51390202781633,165.0,165.0,41585.0,0.529184103012085,0.529184103012085,5.752959728240967,5.752959728240967,178.0475991967985,165.0,0.0,41559.0,0.4943675994873047,0.4943675994873047,5.565558433532715,5.565558433532715,165.0,0.0,165.0,42337.0,0.4739018976688385,0.4739018976688385,5.592373847961426,5.592373847961426
166,166.41784872274826,166.0,166.0,41571.0,0.5285293459892273,0.5285293459892273,5.748515605926514,5.748515605926514,178.29800790560606,166.0,0.0,41577.0,0.495135635137558,0.495135635137558,5.5714874267578125,5.5714874267578125,166.0,0.0,166.0,42289.0,0.4733712077140808,0.4733712077140808,5.584647178649902,5.584647178649902
167,167.33457077287812,167.00000000000003,167.0,41529.0,0.5289864540100098,0.5289864540100098,5.74957799911499,5.74957799911499,178.5314726867064,167.00000000000003,0.0,41517.0,0.4968881905078888,0.4968881905078888,5.579934120178223,5.579934120178223,167.0,0.0,167.0,42337.0,0.4747928977012634,0.4747928977012634,5.580092906951904,5.580092906951904
168,168.26316003966946,168.00000000000003,168.0,41527.0,0.5292547345161438,0.5292547345161438,5.757894515991211,5.757894515991211,178.74792483646377,168.00000000000003,0.0,41497.0,0.4987538158893585,0.4987538158893585,5.592332363128662,5.592332363128662,168.0,0.0,168.0,42269.0,0.47535911202430725,0.47535911202430725,5.575236797332764,5.575236797332764
169,169.20270688591452,169.00000000000003,169.0,41515.0,0.5282444953918457,0.5282444953918457,5.764089584350586,5.764089584350586,178.94730034719134,169.00000000000003,0.0,41519.0,0.49981623888015747,0.49981623888015747,5.598715305328369,5.598715305328369,169.0,0.0,169.0,42297.0,0.4758435785770416,0.4758435785770416,5.574019908905029,5.574019908905029
170,170.15230049037842,170.00000000000003,170.0,41541.0,0.5263234376907349,0.5263234376907349,5.766368865966797,5.766368865966797,179.12953999506018,170.00000000000003,0.0,41493.0,0.5007658004760742,0.5007658004760742,5.607287883758545,5.607287883758545,170.0,0.0,170.0,42297.0,0.4756428599357605,0.4756428599357605,5.565077781677246,5.565077781677246
171,171.11102911583137,171.00000000000003,171.0,41621.0,0.524093508720398,0.524093508720398,5.7635345458984375,5.7635345458984375,179.2945894220848,171.00000000000003,0.0,41477.0,0.5028921961784363,0.5028921961784363,5.625277996063232,5.625277996063232,171.0,0.0,171.0,42301.0,0.4753116965293884,0.4753116965293884,5.555027008056641,5.555027008056641
172,172.0779803337984,172.0,172.0,41709.0,0.5211958885192871,0.5211958885192871,5.760847568511963,5.760847568511963,179.44239921192238,172.0,0.0,41499.0,0.504526674747467,0.504526674747467,5.642064571380615,5.642064571380615,172.0,0.0,172.0,42305.0,0.47575312852859497,0.47575312852859497,5.547615051269531,5.547615051269531
173,173.05224120952408,172.99999999999997,173.0,41849.0,0.5192211866378784,0.5192211866378784,5.7698516845703125,5.7698516845703125,179.5729249592372,172.99999999999997,0.0,41539.0,0.5069172978401184,0.5069172978401184,5.664609432220459,5.664609432220459,173.0,0.0,173.0,42297.0,0.47567614912986755,0.47567614912986755,5.539957523345947,5.539957523345947
174,174.03289845079433,174.0,174.0,42031.0,0.5173057317733765,0.5173057317733765,5.78120231628418,5.78120231628418,179.68612733240337,174.0,0.0,41559.0,0.5103063583374023,0.5103063583374023,5.6909027099609375,5.6909027099609375,174.0,0.0,174.0,42369.0,0.47580915689468384,0.47580915689468384,5.535373687744141,5.535373687744141
175,175.0190385243755,175.0,175.0,42129.0,0.5166716575622559,0.5166716575622559,5.791576385498047,5.791576385498047,179.78197212933742,175.0,0.0,41485.0,0.5127929449081421,0.5127929449081421,5.702589988708496,5.702589988708496,175.0,0.0,175.0,42269.0,0.4762955904006958,0.4762955904006958,5.524649620056152,5.524649620056152
176,176.00974774393208,176.00000000000006,176.0,42283.0,0.5147457718849182,0.5147457718849182,5.800454616546631,5.800454616546631,179.8604303262742,175.99999999999997,0.0,41557.0,0.5152860879898071,0.5152860879898071,5.715995788574219,5.715995788574219,176.0,0.0,176.0,42365.0,0.4760202467441559,0.4760202467441559,5.516435623168945,5.516435623168945
177,177.0041123333646,177.00000000000009,177.0,42245.0,0.5124428868293762,0.5124428868293762,5.809780597686768,5.809780597686768,179.92147811932284,177.00000000000009,0.0,41551.0,0.5159991383552551,0.5159991383552551,5.711852550506592,5.711852550506592,177.0,0.0,177.0,42273.0,0.4752787947654724,0.4752787947654724,5.511742115020752,5.511742115020752
178,178.00121846957364,178.00000000000026,178.0,42145.0,0.5050200819969177,0.5050200819969177,5.818603992462158,5.818603992462158,179.96509695866112,178.00000000000026,0.0,41485.0,0.5104950666427612,0.5104950666427612,5.71808385848999,5.71808385848999,178.0,0.0,178.0,42177.0,0.46926411986351013,0.46926411986351013,5.50771427154541,5.50771427154541
179,179.0001523087091,179.0000000000001,179.0,42545.0,0.48129794001579285,0.48129794001579285,5.8337836265563965,5.8337836265563965,179.9912735752534,179.0000000000001,0.0,41885.0,0.48968252539634705,0.48968252539634705,5.726379871368408,5.726379871368408,179.0,0.0,179.0,42545.0,0.4538224935531616,0.4538224935531616,5.53122091293335,5.53122091293335
180,180.0,180.0,0.0,44473.0,0.4289777874946594,0.4289777874946594,5.872711658477783,5.872711658477783,180.0,180.0,180.0,44473.0,0.419770747423172,0.419770747423172,5.824128150939941,5.824128150939941,180.0,0.0,180.0,44473.0,0.40996310114860535,0.40996310114860535,5.5798211097717285,5.5798211097717285
181,179.00015230870906,179.0000000000001,1.0,42545.0,0.48112741112709045,0.48112741112709045,5.83501672744751,5.83501672744751,179.9912735752534,179.0000000000001,180.0,41885.0,0.4901570975780487,0.4901570975780487,5.713789463043213,5.713789463043213,179.0,0.0,178.99999999999997,42545.0,0.45358964800834656,0.45358964800834656,5.519693851470947,5.519693851470947
182,178.00121846957364,178.00000000000026,2.0,42145.0,0.5053834319114685,0.5053834319114685,5.835338592529297,5.835338592529297,179.96509695866112,178.00000000000026,180.0,41485.0,0.5128017067909241,0.5128017067909241,5.711397171020508,5.711397171020508,178.00000000000003,0.0,178.0,42177.0,0.46888864040374756,0.46888864040374756,5.482762813568115,5.482762813568115
183,177.00411233336462,177.00000000000009,2.9999999999999716,42245.0,0.5135529041290283,0.5135529041290283,5.844947814941406,5.844947814941406,179.92147811932284,177.00000000000009,180.0,41551.0,0.520165205001831,0.520165205001831,5.718327522277832,5.718327522277832,177.00000000000003,0.0,177.0,42273.0,0.474357932806015,0.474357932806015,5.46550178527832,5.46550178527832
184,176.0097477439321,176.00000000000006,4.0,42283.0,0.5169678926467896,0.5169678926467896,5.854480266571045,5.854480266571045,179.8604303262742,175.99999999999997,180.0,41557.0,0.5230891108512878,0.5230891108512878,5.743058204650879,5.743058204650879,176.00000000000003,0.0,176.0,42365.0,0.4750071167945862,0.4750071167945862,5.455045700073242,5.455045700073242
185,175.01903852437553,175.00000000000009,5.0,42129.0,0.5198259949684143,0.5198259949684143,5.8596272468566895,5.8596272468566895,179.78197212933742,175.0,180.0,41485.0,0.5254601240158081,0.5254601240158081,5.772858142852783,5.772858142852783,175.00000000000003,0.0,175.0,42269.0,0.47448572516441345,0.47448572516441345,5.442878723144531,5.442878723144531
186,174.03289845079436,174.00000000000003,6.0,42031.0,0.5208212733268738,0.5208212733268738,5.862405300140381,5.862405300140381,179.68612733240337,174.00000000000003,180.0,41559.0,0.5263521075248718,0.5263521075248718,5.787879943847656,5.787879943847656,174.00000000000003,0.0,174.0,42369.0,0.4730445444583893,0.4730445444583893,5.431866645812988,5.431866645812988
187,173.0522412095241,172.99999999999997,7.0,41849.0,0.5229383707046509,0.5229383707046509,5.861523628234863,5.861523628234863,179.5729249592372,173.00000000000003,180.0,41539.0,0.5278869271278381,0.5278869271278381,5.798928737640381,5.798928737640381,173.00000000000003,0.0,173.0,42297.0,0.472459077835083,0.472459077835083,5.420964241027832,5.420964241027832
188,172.07798033379837,172.0,8.0,41709.0,0.5260272026062012,0.5260272026062012,5.863266944885254,5.863266944885254,179.44239921192238,172.0,180.0,41499.0,0.5292761325836182,0.5292761325836182,5.806145191192627,5.806145191192627,172.0,0.0,172.0,42305.0,0.47241532802581787,0.47241532802581787,5.413402557373047,5.413402557373047
189,171.11102911583137,171.00000000000003,9.0,41621.0,0.5284688472747803,0.5284688472747803,5.862487316131592,5.862487316131592,179.2945894220848,171.00000000000003,180.0,41477.0,0.5314408540725708,0.5314408540725708,5.822929859161377,5.822929859161377,171.00000000000003,0.0,171.0,42301.0,0.47169575095176697,0.47169575095176697,5.4039835929870605,5.4039835929870605
190,170.15230049037842,170.00000000000003,10.0,41541.0,0.5294457674026489,0.5294457674026489,5.85507869720459,5.85507869720459,179.12953999506018,170.00000000000003,180.0,41493.0,0.533435046672821,0.533435046672821,5.836912631988525,5.836912631988525,170.0,0.0,169.99999999999997,42297.0,0.4709372818470001,0.4709372818470001,5.394871711730957,5.394871711730957
191,169.20270688591452,169.00000000000006,11.0,41515.0,0.5301313400268555,0.5301313400268555,5.844099521636963,5.844099521636963,178.94730034719137,169.00000000000003,180.0,41519.0,0.5349348187446594,0.5349348187446594,5.84883975982666,5.84883975982666,169.00000000000003,0.0,169.0,42297.0,0.4712440073490143,0.4712440073490143,5.391529560089111,5.391529560089111
192,168.26316003966946,167.99999999999997,12.0,41527.0,0.5306799411773682,0.5306799411773682,5.838729381561279,5.838729381561279,178.74792483646377,167.99999999999997,180.0,41497.0,0.5361871123313904,0.5361871123313904,5.855562686920166,5.855562686920166,168.0,0.0,167.99999999999997,42269.0,0.470458060503006,0.470458060503006,5.379824638366699,5.379824638366699
193,167.33457077287812,167.00000000000003,13.0,41529.0,0.531093418598175,0.531093418598175,5.838064193725586,5.838064193725586,178.5314726867064,167.00000000000003,180.0,41517.0,0.5379436016082764,0.5379436016082764,5.876101493835449,5.876101493835449,167.00000000000003,0.0,167.0,42337.0,0.4688897728919983,0.4688897728919983,5.3657426834106445,5.3657426834106445
194,166.4178487227483,166.00000000000003,14.0,41571.0,0.5308253169059753,0.5308253169059753,5.838275909423828,5.838275909423828,178.29800790560606,166.00000000000003,180.0,41577.0,0.5397968292236328,0.5397968292236328,5.898838520050049,5.898838520050049,166.00000000000003,0.0,166.0,42289.0,0.46683114767074585,0.46683114767074585,5.3514790534973145,5.3514790534973145
195,165.51390202781636,165.00000000000003,15.0,41585.0,0.531000554561615,0.531000554561615,5.836947441101074,5.836947441101074,178.0475991967985,165.00000000000003,180.0,41559.0,0.5416470170021057,0.5416470170021057,5.912797451019287,5.912797451019287,165.00000000000003,0.0,165.0,42337.0,0.46634870767593384,0.46634870767593384,5.33828067779541,5.33828067779541
196,164.62363696356076,164.00000000000003,16.0,41557.0,0.5317268371582031,0.5317268371582031,5.83280086517334,5.83280086517334,177.78031986631711,164.0,180.0,41569.0,0.5426331758499146,0.5426331758499146,5.922318935394287,5.922318935394287,164.00000000000003,0.0,164.0,42353.0,0.46751269698143005,0.46751269698143005,5.336599349975586,5.336599349975586
197,163.74795752537128,163.0,17.0,41545.0,0.5325825810432434,0.5325825810432434,5.841452598571777,5.841452598571777,177.4962477236937,163.0,180.0,41569.0,0.5436016321182251,0.5436016321182251,5.933023452758789,5.933023452758789,163.0,0.0,163.0,42317.0,0.4675692915916443,0.4675692915916443,5.334643840789795,5.334643840789795
198,162.88776495623767,162.00000000000003,18.0,41581.0,0.5331669449806213,0.5331669449806213,5.8597917556762695,5.8597917556762695,177.19546497801844,162.00000000000003,180.0,41487.0,0.5450631976127625,0.5450631976127625,5.951219081878662,5.951219081878662,162.0,0.0,162.0,42269.0,0.4676973223686218,0.4676973223686218,5.325839996337891,5.325839996337891
199,162.04395721682113,161.0,19.0,41577.0,0.5333200097084045,0.5333200097084045,5.8694748878479,5.8694748878479,176.878058129278,160.99999999999997,180.0,41531.0,0.5452103614807129,0.5452103614807129,5.955878257751465,5.955878257751465,161.0,0.0,160.99999999999997,42273.0,0.4665858745574951,0.4665858745574951,5.319747447967529,5.319747447967529
200,161.217428395913,160.00000000000003,20.0,41547.0,0.5333133935928345,0.5333133935928345,5.8657307624816895,5.8657307624816895,176.544117855299,160.00000000000003,180.0,41573.0,0.5447046756744385,0.5447046756744385,5.946863651275635,5.946863651275635,160.00000000000003,0.0,160.0,42305.0,0.465787410736084,0.465787410736084,5.313628196716309,5.313628196716309
201,160.4090680596664,159.0,21.0,41541.0,0.5337449908256531,0.5337449908256531,5.862709999084473,5.862709999084473,176.19373889463236,158.99999999999997,180.0,41545.0,0.5425870418548584,0.5425870418548584,5.924258708953857,5.924258708953857,159.0,0.0,158.99999999999997,42225.0,0.4660418927669525,0.4660418927669525,5.317219257354736,5.317219257354736
202,159.61976053841067,158.00000000000003,22.0,41529.0,0.5335087180137634,0.5335087180137634,5.859423637390137,5.859423637390137,175.82701992572078,158.00000000000003,180.0,41619.0,0.5427389740943909,0.5427389740943909,5.925071716308594,5.925071716308594,158.0,0.0,158.0,42305.0,0.4662255346775055,0.4662255346775055,5.319563388824463,5.319563388824463
203,158.8503841503264,157.00000000000003,23.0,41571.0,0.5329750776290894,0.5329750776290894,5.858099460601807,5.858099460601807,175.44406344269382,157.00000000000003,180.0,41577.0,0.5425931215286255,0.5425931215286255,5.9291887283325195,5.9291887283325195,157.00000000000003,0.0,157.0,42261.0,0.4650029242038727,0.4650029242038727,5.311530113220215,5.311530113220215
204,158.10181036176957,156.00000000000003,24.0,41547.0,0.5335882306098938,0.5335882306098938,5.869640827178955,5.869640827178955,175.04497562814018,156.00000000000003,180.0,41551.0,0.5437991619110107,0.5437991619110107,5.9415202140808105,5.9415202140808105,156.00000000000003,0.0,156.0,42305.0,0.4661028981208801,0.4661028981208801,5.321765422821045,5.321765422821045
205,157.37490288458915,155.00000000000003,25.0,41503.0,0.5348398685455322,0.5348398685455322,5.883127212524414,5.883127212524414,174.62986622320574,155.00000000000003,180.0,41587.0,0.5444137454032898,0.5444137454032898,5.952086925506592,5.952086925506592,155.00000000000003,0.0,155.0,42385.0,0.46680232882499695,0.46680232882499695,5.327948093414307,5.327948093414307
206,156.67051671137614,154.0,26.0,41547.0,0.5355013012886047,0.5355013012886047,5.891971111297607,5.891971111297607,174.19884839536678,154.0,180.0,41555.0,0.5436645746231079,0.5436645746231079,5.955653190612793,5.955653190612793,154.0,0.0,154.0,42433.0,0.466095507144928,0.466095507144928,5.332432270050049,5.332432270050049
207,155.98949709021932,153.00000000000003,27.0,41557.0,0.5364271402359009,0.5364271402359009,5.899502277374268,5.899502277374268,173.7520386042248,153.00000000000003,180.0,41591.0,0.5430108904838562,0.5430108904838562,5.951883316040039,5.951883316040039,153.00000000000003,0.0,153.0,42401.0,0.46614137291908264,0.46614137291908264,5.327800273895264,5.327800273895264
208,155.33267844120988,152.0,28.0,41551.0,0.5381948947906494,0.5381948947906494,5.912661075592041,5.912661075592041,173.28955646566618,152.0,180.0,41591.0,0.5417630076408386,0.5417630076408386,5.932384490966797,5.932384490966797,152.0,0.0,151.99999999999997,42377.0,0.4652230739593506,0.4652230739593506,5.324954509735107,5.324954509735107
209,154.7008832176393,151.00000000000003,29.0,41541.0,0.5394457578659058,0.5394457578659058,5.923444747924805,5.923444747924805,172.81152461472547,151.00000000000003,180.0,41593.0,0.5390642881393433,0.5390642881393433,5.908583164215088,5.908583164215088,151.00000000000003,0.0,151.0,42341.0,0.4642518162727356,0.4642518162727356,5.317032337188721,5.317032337188721
210,154.09492071555528,150.0,30.0,41539.0,0.5405135750770569,0.5405135750770569,5.933002948760986,5.933002948760986,172.31806856748375,150.0,180.0,41539.0,0.5361930727958679,0.5361930727958679,5.885621070861816,5.885621070861816,149.99999999999997,0.0,149.99999999999997,42313.0,0.4629795551300049,0.4629795551300049,5.30979061126709,5.30979061126709
211,153.51558583608323,149.0,31.0,41525.0,0.5412288904190063,0.5412288904190063,5.937589645385742,5.937589645385742,171.80931658232723,149.0,180.0,41541.0,0.5348400473594666,0.5348400473594666,5.864045143127441,5.864045143127441,149.0,0.0,149.0,42321.0,0.46277350187301636,0.46277350187301636,5.301151275634766,5.301151275634766
212,152.96365780566475,148.00000000000003,32.0,41513.0,0.5412234663963318,0.5412234663963318,5.9400248527526855,5.9400248527526855,171.28539952088227,148.00000000000003,180.0,41491.0,0.5340621471405029,0.5340621471405029,5.858875274658203,5.858875274658203,148.00000000000003,0.0,148.0,42289.0,0.46145737171173096,0.46145737171173096,5.2920145988464355,5.2920145988464355
213,152.43989886011104,147.00000000000003,33.0,41541.0,0.542219877243042,0.542219877243042,5.946634292602539,5.946634292602539,170.74645070893328,147.00000000000003,180.0,41527.0,0.5331907272338867,0.5331907272338867,5.846815586090088,5.846815586090088,147.00000000000003,0.0,147.0,42385.0,0.46057412028312683,0.46057412028312683,5.2792134284973145,5.2792134284973145
214,151.945052899099,146.00000000000003,34.0,41557.0,0.5433282852172852,0.5433282852172852,5.951165676116943,5.951165676116943,170.19260579761948,146.00000000000003,180.0,41571.0,0.5317806601524353,0.5317806601524353,5.836676597595215,5.836676597595215,146.00000000000003,0.0,146.0,42345.0,0.45956555008888245,0.45956555008888245,5.271097183227539,5.271097183227539
215,151.47984411844274,145.0,35.0,41525.0,0.5430743098258972,0.5430743098258972,5.949545860290527,5.949545860290527,169.62400262519583,145.0,180.0,41549.0,0.5301235914230347,0.5301235914230347,5.816679954528809,5.816679954528809,145.0,0.0,145.0,42361.0,0.45951250195503235,0.45951250195503235,5.272207260131836,5.272207260131836
216,151.04497562814015,144.00000000000003,36.0,41553.0,0.5425218939781189,0.5425218939781189,5.943282604217529,5.943282604217529,169.04078107963065,144.0,180.0,41537.0,0.5287693738937378,0.5287693738937378,5.813027381896973,5.813027381896973,144.0,0.0,144.0,42341.0,0.4590100049972534,0.4590100049972534,5.2738518714904785,5.2738518714904785
217,150.64112806480824,143.0,37.0,41561.0,0.5419436097145081,0.5419436097145081,5.934297561645508,5.934297561645508,168.44308296229948,143.0,180.0,41557.0,0.5269107222557068,0.5269107222557068,5.821158409118652,5.821158409118652,143.0,0.0,142.99999999999997,42441.0,0.4547690451145172,0.4547690451145172,5.275772571563721,5.275772571563721
218,150.26895820767012,142.00000000000003,38.0,41533.0,0.5411545634269714,0.5411545634269714,5.919898986816406,5.919898986816406,167.83105185302384,142.00000000000003,180.0,41605.0,0.5281096696853638,0.5281096696853638,5.823918342590332,5.823918342590332,142.00000000000003,0.0,142.0,42313.0,0.45774054527282715,0.45774054527282715,5.277329921722412,5.277329921722412
219,149.9290976077273,140.99999999999997,39.0,41523.0,0.540393054485321,0.540393054485321,5.906886577606201,5.906886577606201,167.20483297668557,140.99999999999997,180.0,41587.0,0.5283294320106506,0.5283294320106506,5.825290679931641,5.825290679931641,140.99999999999997,0.0,140.99999999999997,42361.0,0.4579750895500183,0.4579750895500183,5.278071403503418,5.278071403503418
220,149.62215124012698,140.00000000000003,40.0,41565.0,0.541009783744812,0.541009783744812,5.905788898468018,5.905788898468018,166.56457307163916,140.00000000000003,180.0,41569.0,0.5274403095245361,0.5274403095245361,5.815441131591797,5.815441131591797,140.0,0.0,140.0,42273.0,0.4573511779308319,0.4573511779308319,5.275676727294922,5.275676727294922
221,149.34869619001023,139.0,40.99999999999997,41585.0,0.5408886075019836,0.5408886075019836,5.900712966918945,5.900712966918945,165.91042026012443,139.00000000000003,180.0,41561.0,0.5259338021278381,0.5259338021278381,5.802498817443848,5.802498817443848,139.00000000000003,0.0,139.0,42269.0,0.4572467803955078,0.4572467803955078,5.27618932723999,5.27618932723999
222,149.10928038228255,138.00000000000003,42.0,41563.0,0.5403950214385986,0.5403950214385986,5.899013519287109,5.899013519287109,165.24252392087243,138.00000000000003,180.0,41519.0,0.5255126357078552,0.5255126357078552,5.808782577514648,5.808782577514648,138.00000000000003,0.0,138.0,42269.0,0.4570588767528534,0.4570588767528534,5.272133827209473,5.272133827209473
223,148.90442136578332,137.00000000000003,43.0,41533.0,0.540244996547699,0.540244996547699,5.895544052124023,5.895544052124023,164.56103456408007,137.00000000000003,180.0,41569.0,0.526106059551239,0.526106059551239,5.809802055358887,5.809802055358887,137.00000000000003,0.0,137.0,42329.0,0.4562737047672272,0.4562737047672272,5.268708229064941,5.268708229064941
224,148.73460516223054,136.0,44.0,41585.0,0.5395635962486267,0.5395635962486267,5.891794204711914,5.891794204711914,163.8661037089153,136.0,180.0,41573.0,0.5254580974578857,0.5254580974578857,5.806082248687744,5.806082248687744,136.0,0.0,136.0,42269.0,0.45597484707832336,0.45597484707832336,5.2672810554504395,5.2672810554504395
225,148.60028519008097,135.0,45.0,41517.0,0.5379947423934937,0.5379947423934937,5.884593963623047,5.884593963623047,163.15788376370116,135.0,180.0,41491.0,0.5230458378791809,0.5230458378791809,5.805931568145752,5.805931568145752,135.0,0.0,135.0,42357.0,0.4565836191177368,0.4565836191177368,5.278581619262695,5.278581619262695
226,148.50188127306947,134.0,46.0,41525.0,0.53840172290802,0.53840172290802,5.871638298034668,5.871638298034668,162.4365279089117,134.0,180.0,41573.0,0.5246580243110657,0.5246580243110657,5.805738925933838,5.805738925933838,134.0,0.0,133.99999999999997,42269.0,0.45785242319107056,0.45785242319107056,5.2965803146362305,5.2965803146362305
227,148.43977874267392,133.00000000000003,47.0,41531.0,0.5373895168304443,0.5373895168304443,5.849001407623291,5.849001407623291,161.70218998309937,133.00000000000003,180.0,41569.0,0.5245609879493713,0.5245609879493713,5.798373222351074,5.798373222351074,133.00000000000003,0.0,133.0,42329.0,0.4578472375869751,0.4578472375869751,5.3114471435546875,5.3114471435546875
228,148.41432764310008,131.99999999999997,48.0,41545.0,0.5365405082702637,0.5365405082702637,5.825944900512695,5.825944900512695,160.95502437185985,131.99999999999997,180.0,41519.0,0.5233613848686218,0.5233613848686218,5.793453693389893,5.793453693389893,131.99999999999997,0.0,131.99999999999997,42269.0,0.4580802321434021,0.4580802321434021,5.3180108070373535,5.3180108070373535
229,148.42584204659707,131.0,49.0,41505.0,0.5348984003067017,0.5348984003067017,5.802712440490723,5.802712440490723,160.19518589992668,131.00000000000003,180.0,41561.0,0.5223287343978882,0.5223287343978882,5.778026103973389,5.778026103973389,131.0,0.0,131.0,42269.0,0.4581921696662903,0.4581921696662903,5.32595157623291,5.32595157623291
230,148.4745994860103,130.00000000000003,49.99999999999997,41567.0,0.5324868559837341,0.5324868559837341,5.780704498291016,5.780704498291016,159.422829726475,130.00000000000003,180.0,41569.0,0.5197794437408447,0.5197794437408447,5.758459091186523,5.758459091186523,130.0,0.0,130.0,42273.0,0.45742613077163696,0.45742613077163696,5.323981761932373,5.323981761932373
231,148.56084051046602,129.00000000000003,50.99999999999997,41569.0,0.529430091381073,0.529430091381073,5.750833034515381,5.750833034515381,158.63811124370164,129.00000000000003,180.0,41587.0,0.5175134539604187,0.5175134539604187,5.738476753234863,5.738476753234863,129.00000000000003,0.0,129.00000000000003,42361.0,0.45676183700561523,0.45676183700561523,5.3264055252075195,5.3264055252075195
232,148.68476836897534,127.99999999999997,52.0,41561.0,0.527059018611908,0.527059018611908,5.718070030212402,5.718070030212402,157.841185978736,127.99999999999997,180.0,41605.0,0.5149314403533936,0.5149314403533936,5.7111945152282715,5.7111945152282715,127.99999999999997,0.0,127.99999999999997,42313.0,0.45592862367630005,0.45592862367630005,5.330159664154053,5.330159664154053
233,148.84654882556327,126.99999999999999,53.0,41563.0,0.5248804092407227,0.5248804092407227,5.683431625366211,5.683431625366211,157.03220949892497,127.00000000000001,180.0,41557.0,0.5126503109931946,0.5126503109931946,5.704701900482178,5.704701900482178,126.99999999999999,0.0,126.99999999999999,42441.0,0.45370104908943176,0.45370104908943176,5.346613883972168,5.346613883972168
234,149.04631010828726,126.00000000000003,53.99999999999997,41517.0,0.5232394337654114,0.5232394337654114,5.660868167877197,5.660868167877197,156.2113373205238,126.00000000000003,180.0,41537.0,0.5133652687072754,0.5133652687072754,5.696948051452637,5.696948051452637,126.00000000000003,0.0,126.0,42341.0,0.4568970203399658,0.4568970203399658,5.343554496765137,5.343554496765137
235,149.2841429932345,125.00000000000004,54.99999999999997,41539.0,0.5221092700958252,0.5221092700958252,5.6464738845825195,5.6464738845825195,155.3787248208141,125.00000000000004,180.0,41549.0,0.5122754573822021,0.5122754573822021,5.678253650665283,5.678253650665283,125.00000000000004,0.0,125.00000000000001,42361.0,0.4562894403934479,0.4562894403934479,5.334494590759277,5.334494590759277
236,149.5601010232938,123.99999999999997,56.00000000000003,41569.0,0.5209082365036011,0.5209082365036011,5.627002716064453,5.627002716064453,154.53452715366066,124.0,180.0,41571.0,0.5117314457893372,0.5117314457893372,5.671791076660156,5.671791076660156,123.99999999999997,0.0,123.99999999999997,42345.0,0.45579585433006287,0.45579585433006287,5.328345775604248,5.328345775604248
237,149.8742008602139,122.99999999999999,57.0,41565.0,0.5192545652389526,0.5192545652389526,5.6025004386901855,5.6025004386901855,153.67889916850845,122.99999999999999,180.0,41527.0,0.5108270049095154,0.5108270049095154,5.670828819274902,5.670828819274902,122.99999999999999,0.0,122.99999999999999,42385.0,0.4559211730957031,0.4559211730957031,5.329861640930176,5.329861640930176
238,150.22642276720305,122.0,58.0,41551.0,0.5176973938941956,0.5176973938941956,5.5857672691345215,5.5857672691345215,152.81199533281256,122.00000000000001,180.0,41491.0,0.5094858407974243,0.5094858407974243,5.6641154289245605,5.6641154289245605,122.0,0.0,122.0,42289.0,0.45413878560066223,0.45413878560066223,5.331355094909668,5.331355094909668
239,150.61671121811636,121.0,59.0,41523.0,0.5171688199043274,0.5171688199043274,5.581239223480225,5.581239223480225,151.93396965788583,121.0,180.0,41541.0,0.5082621574401855,0.5082621574401855,5.652532577514648,5.652532577514648,121.0,0.0,121.0,42321.0,0.4531955122947693,0.4531955122947693,5.328998565673828,5.328998565673828
240,151.04497562814015,120.00000000000001,59.99999999999997,41601.0,0.5159589052200317,0.5159589052200317,5.5797529220581055,5.5797529220581055,151.04497562814018,120.00000000000001,180.0,41539.0,0.50577312707901,0.50577312707901,5.63958215713501,5.63958215713501,120.00000000000001,0.0,120.00000000000001,42313.0,0.4523812234401703,0.4523812234401703,5.333584785461426,5.333584785461426
241,151.511091199829,118.99999999999997,61.00000000000003,41593.0,0.5163837671279907,0.5163837671279907,5.5808939933776855,5.5808939933776855,150.14516613369165,119.0,180.0,41593.0,0.5042693018913269,0.5042693018913269,5.613837242126465,5.613837242126465,118.99999999999997,0.0,118.99999999999997,42341.0,0.4532719552516937,0.4532719552516937,5.3427324295043945,5.3427324295043945
242,152.01489987740106,117.99999999999999,62.0,41557.0,0.5163477659225464,0.5163477659225464,5.57289457321167,5.57289457321167,149.23469340629111,117.99999999999999,180.0,41591.0,0.5023767948150635,0.5023767948150635,5.5889387130737305,5.5889387130737305,117.99999999999999,0.0,117.99999999999999,42377.0,0.4537617862224579,0.4537617862224579,5.344135761260986,5.344135761260986
243,152.55621140136233,117.00000000000003,63.0,41597.0,0.5154148936271667,0.5154148936271667,5.559839248657227,5.559839248657227,148.31370895853718,117.00000000000003,180.0,41591.0,0.5012341737747192,0.5012341737747192,5.577998638153076,5.577998638153076,117.00000000000003,0.0,117.0,42401.0,0.45404866337776184,0.45404866337776184,5.348477840423584,5.348477840423584
244,153.13480445481832,116.00000000000004,63.99999999999997,41561.0,0.5127837657928467,0.5127837657928467,5.53045654296875,5.53045654296875,147.38236352632242,116.00000000000004,180.0,41555.0,0.5000734925270081,0.5000734925270081,5.564696311950684,5.564696311950684,116.00000000000004,0.0,116.00000000000001,42433.0,0.454135000705719,0.454135000705719,5.361680030822754,5.361680030822754
245,153.7504278922539,114.99999999999997,65.00000000000003,41549.0,0.5101914405822754,0.5101914405822754,5.494470119476318,5.494470119476318,146.4408070144582,114.99999999999997,180.0,41587.0,0.5002472996711731,0.5002472996711731,5.561324596405029,5.561324596405029,114.99999999999997,0.0,114.99999999999997,42385.0,0.45538100600242615,0.45538100600242615,5.3788580894470215,5.3788580894470215
246,154.4028020411185,114.00000000000001,66.0,41569.0,0.5079765915870667,0.5079765915870667,5.469092845916748,5.469092845916748,145.48918844541973,114.0,180.0,41551.0,0.49986422061920166,0.49986422061920166,5.5607709884643555,5.5607709884643555,114.00000000000001,0.0,113.99999999999999,42305.0,0.4552730619907379,0.4552730619907379,5.39567756652832,5.39567756652832
247,155.0916200662483,113.0,67.0,41583.0,0.5058556795120239,0.5058556795120239,5.440892696380615,5.440892696380615,144.52765591114746,113.0,180.0,41577.0,0.49825769662857056,0.49825769662857056,5.554861068725586,5.554861068725586,113.0,0.0,113.0,42261.0,0.454696387052536,0.454696387052536,5.403478622436523,5.403478622436523
248,155.81654938698557,112.0,68.0,41543.0,0.5045168995857239,0.5045168995857239,5.426694869995117,5.426694869995117,143.55635652783909,112.00000000000001,180.0,41619.0,0.4970618188381195,0.4970618188381195,5.53934383392334,5.53934383392334,112.00000000000003,0.0,112.0,42305.0,0.45499375462532043,0.45499375462532043,5.40612268447876,5.40612268447876
249,156.57723313681652,111.00000000000004,68.99999999999997,41559.0,0.5031861066818237,0.5031861066818237,5.4126386642456055,5.4126386642456055,142.57543639366168,111.00000000000004,180.0,41545.0,0.4967668950557709,0.4967668950557709,5.53763484954834,5.53763484954834,111.00000000000004,0.0,111.00000000000001,42225.0,0.455730676651001,0.455730676651001,5.420254707336426,5.420254707336426
250,157.37329165543326,109.99999999999999,70.00000000000003,41569.0,0.5017503499984741,0.5017503499984741,5.394881725311279,5.394881725311279,141.58504054931169,109.99999999999999,180.0,41573.0,0.4971323013305664,0.4971323013305664,5.54032564163208,5.54032564163208,109.99999999999999,0.0,109.99999999999997,42305.0,0.45680028200149536,0.45680028200149536,5.437406063079834,5.437406063079834
251,158.20432400332476,109.00000000000001,71.0,41567.0,0.5007255673408508,0.5007255673408508,5.388238906860352,5.388238906860352,140.58531294134804,109.00000000000001,180.0,41531.0,0.4970671534538269,0.4970671534538269,5.548648357391357,5.548648357391357,109.0,0.0,108.99999999999999,42273.0,0.4572586417198181,0.4572586417198181,5.450503349304199,5.450503349304199
252,159.0699094893081,108.00000000000001,72.0,41577.0,0.5000773668289185,0.5000773668289185,5.382604122161865,5.382604122161865,139.57639638822053,108.00000000000001,180.0,41487.0,0.4969514310359955,0.4969514310359955,5.5535993576049805,5.5535993576049805,108.00000000000003,0.0,108.0,42269.0,0.45815396308898926,0.45815396308898926,5.462517261505127,5.462517261505127
253,159.96960920180769,107.00000000000003,73.0,41551.0,0.4999423921108246,0.4999423921108246,5.3806867599487305,5.3806867599487305,138.55843254891656,107.00000000000003,180.0,41569.0,0.49656376242637634,0.49656376242637634,5.555614948272705,5.555614948272705,107.00000000000003,0.0,107.00000000000001,42317.0,0.45817646384239197,0.45817646384239197,5.4793853759765625,5.4793853759765625
254,160.902967535171,106.0,74.0,41573.0,0.4996682405471802,0.4996682405471802,5.380475997924805,5.380475997924805,137.53156189414517,106.0,180.0,41569.0,0.49765729904174805,0.49765729904174805,5.566840171813965,5.566840171813965,106.0,0.0,105.99999999999997,42353.0,0.4583115577697754,0.4583115577697754,5.483246803283691,5.483246803283691
255,161.8695137028553,105.0,75.0,41555.0,0.49942514300346375,0.49942514300346375,5.374912261962891,5.374912261962891,136.4959236799788,105.00000000000001,180.0,41559.0,0.498285174369812,0.498285174369812,5.573212146759033,5.573212146759033,105.0,0.0,104.99999999999999,42337.0,0.4574204683303833,0.4574204683303833,5.494054317474365,5.494054317474365
256,162.86876322992077,104.0,76.0,41595.0,0.49856969714164734,0.49856969714164734,5.367232322692871,5.367232322692871,135.45165592387065,104.0,180.0,41577.0,0.49746179580688477,0.49746179580688477,5.571898937225342,5.571898937225342,104.0,0.0,104.0,42289.0,0.45710572600364685,0.45710572600364685,5.504572868347168,5.504572868347168
257,163.9002194179085,103.00000000000001,77.0,41549.0,0.49747878313064575,0.49747878313064575,5.351984977722168,5.351984977722168,134.39889538296734,103.00000000000001,180.0,41517.0,0.4978664815425873,0.4978664815425873,5.583529949188232,5.583529949188232,103.00000000000003,0.0,103.0,42337.0,0.4588574767112732,0.4588574767112732,5.518898010253906,5.518898010253906
258,164.96337477585135,102.00000000000003,78.0,41551.0,0.4953235387802124,0.4953235387802124,5.3298797607421875,5.3298797607421875,133.33777753463423,102.00000000000003,180.0,41497.0,0.498917818069458,0.498917818069458,5.604218482971191,5.604218482971191,102.00000000000003,0.0,102.00000000000001,42269.0,0.4597030282020569,0.4597030282020569,5.531949043273926,5.531949043273926
259,166.05771241185448,100.99999999999999,79.0,41569.0,0.49390098452568054,0.49390098452568054,5.314408302307129,5.314408302307129,132.2684365591127,100.99999999999999,180.0,41519.0,0.5005205273628235,0.5005205273628235,5.627281188964844,5.627281188964844,100.99999999999999,0.0,100.99999999999997,42297.0,0.46037715673446655,0.46037715673446655,5.548092365264893,5.548092365264893
260,167.18270738037293,100.0,80.0,41547.0,0.49332502484321594,0.49332502484321594,5.308379173278809,5.308379173278809,131.19100532422874,100.0,180.0,41493.0,0.5014422535896301,0.5014422535896301,5.644837379455566,5.644837379455566,100.0,0.0,99.99999999999999,42297.0,0.46059802174568176,0.46059802174568176,5.559504508972168,5.559504508972168
261,168.33782798100347,99.00000000000003,81.0,41535.0,0.4931764304637909,0.4931764304637909,5.3092474937438965,5.3092474937438965,130.10561537207144,99.00000000000003,180.0,41477.0,0.5029508471488953,0.5029508471488953,5.674132823944092,5.674132823944092,99.00000000000003,0.0,99.0,42301.0,0.46080636978149414,0.46080636978149414,5.570562362670898,5.570562362670898
262,169.5225370052791,98.00000000000004,82.0,41531.0,0.49301788210868835,0.49301788210868835,5.304297924041748,5.304297924041748,129.01239690756344,98.00000000000003,180.0,41499.0,0.5038865804672241,0.5038865804672241,5.69338321685791,5.69338321685791,98.00000000000003,0.0,98.00000000000001,42305.0,0.4616488814353943,0.4616488814353943,5.581915855407715,5.581915855407715
263,170.7362929286088,96.99999999999999,83.0,41497.0,0.4925112724304199,0.4925112724304199,5.299612045288086,5.299612045288086,127.9114787888439,96.99999999999999,180.0,41539.0,0.5042452216148376,0.5042452216148376,5.704618453979492,5.704618453979492,96.99999999999999,0.0,96.99999999999997,42297.0,0.46272310614585876,0.46272310614585876,5.60145902633667,5.60145902633667
264,171.97855104512698,96.00000000000001,84.0,41539.0,0.49127891659736633,0.49127891659736633,5.292612552642822,5.292612552642822,126.80298851938687,96.00000000000001,180.0,41559.0,0.5043033361434937,0.5043033361434937,5.711813926696777,5.711813926696777,96.0,0.0,95.99999999999999,42369.0,0.464341938495636,0.464341938495636,5.629278182983398,5.629278182983398
265,173.24876454380865,95.0,85.0,41479.0,0.4911746680736542,0.4911746680736542,5.291074752807617,5.291074752807617,125.68705224177907,95.0,180.0,41485.0,0.5059280395507812,0.5059280395507812,5.730898857116699,5.730898857116699,95.0,0.0,95.0,42269.0,0.4664762318134308,0.4664762318134308,5.653162479400635,5.653162479400635
266,174.5463855247564,94.00000000000003,86.0,41507.0,0.4912785291671753,0.4912785291671753,5.2940592765808105,5.2940592765808105,124.56379473308243,94.00000000000001,180.0,41557.0,0.5059365630149841,0.5059365630149841,5.741575717926025,5.741575717926025,94.00000000000003,0.0,94.0,42365.0,0.46774789690971375,0.46774789690971375,5.676499366760254,5.676499366760254
267,175.87086595507745,93.00000000000003,87.0,41513.0,0.49232426285743713,0.49232426285743713,5.303943157196045,5.303943157196045,123.43333940170837,93.00000000000004,180.0,41551.0,0.5065774321556091,0.5065774321556091,5.760892868041992,5.760892868041992,93.00000000000003,0.0,93.00000000000001,42273.0,0.46808522939682007,0.46808522939682007,5.695333003997803,5.695333003997803
268,177.2216585642362,91.99999999999999,88.0,41427.0,0.4895205497741699,0.4895205497741699,5.300445079803467,5.300445079803467,122.29580828573191,91.99999999999999,180.0,41485.0,0.5010940432548523,0.5010940432548523,5.77747106552124,5.77747106552124,91.99999999999999,0.0,91.99999999999997,42177.0,0.46359530091285706,0.46359530091285706,5.721129894256592,5.721129894256592
269,178.59821767919053,90.99999999999999,89.0,41523.0,0.47053807973861694,0.47053807973861694,5.301572799682617,5.301572799682617,121.1513220525765,91.0,180.0,41885.0,0.4808295667171478,0.4808295667171478,5.792744159698486,5.792744159698486,91.0,0.0,90.99999999999999,42545.0,0.4476970434188843,0.4476970434188843,5.746386528015137,5.746386528015137
270,180.0,90.00000000000001,90.0,44473.0,0.39454734325408936,0.39454734325408936,5.363800048828125,5.363800048828125,120.00000000000001,90.00000000000001,180.0,44473.0,0.41059914231300354,0.41059914231300354,5.895461082458496,5.895461082458496,90.00000000000001,0.0,90.0,44473.0,0.40350183844566345,0.40350183844566345,5.8287858963012695,5.8287858963012695
271,178.57353468307315,89.00000000000004,91.0,41515.0,0.4678990840911865,0.4678990840911865,5.2768144607543945,5.2768144607543945,118.84196005831733,89.00000000000003,180.0,41885.0,0.48099109530448914,0.48099109530448914,5.805748462677002,5.805748462677002,89.00000000000003,0.0,89.00000000000001,42545.0,0.4482382833957672,0.4482382833957672,5.765116214752197,5.765116214752197
272,177.12292282965706,87.99999999999999,92.0,41435.0,0.48363563418388367,0.48363563418388367,5.244819641113281,5.244819641113281,117.67731879379372,87.99999999999999,180.0,41485.0,0.5030413866043091,0.5030413866043091,5.822140693664551,5.822140693664551,88.0,0.0,87.99999999999997,42177.0,0.46494898200035095,0.46494898200035095,5.756617069244385,5.756617069244385
273,175.64869654499552,87.0,93.0,41495.0,0.4843522906303406,0.4843522906303406,5.225664138793945,5.225664138793945,116.50619141314722,87.0,180.0,41551.0,0.5106724500656128,0.5106724500656128,5.840701103210449,5.840701103210449,87.00000000000001,0.0,86.99999999999999,42273.0,0.47041788697242737,0.47041788697242737,5.746043682098389,5.746043682098389
274,174.15138302953218,86.0,94.0,41527.0,0.48163503408432007,0.48163503408432007,5.2083539962768555,5.2083539962768555,115.3286917690985,86.0,180.0,41557.0,0.5115483403205872,0.5115483403205872,5.849003314971924,5.849003314971924,86.0,0.0,86.0,42365.0,0.47100770473480225,0.47100770473480225,5.742920398712158,5.742920398712158
275,172.6315040804108,85.00000000000001,95.0,41485.0,0.4802730083465576,0.4802730083465576,5.185614109039307,5.185614109039307,114.14493236691044,85.00000000000001,180.0,41485.0,0.5116404891014099,0.5116404891014099,5.849008083343506,5.849008083343506,85.00000000000001,0.0,85.0,42269.0,0.4708026051521301,0.4708026051521301,5.740546703338623,5.740546703338623
276,171.0895756428086,84.00000000000001,96.0,41549.0,0.47759705781936646,0.47759705781936646,5.167671203613281,5.167671203613281,112.95502437185989,84.00000000000003,180.0,41559.0,0.5111256241798401,0.5111256241798401,5.846156120300293,5.846156120300293,84.00000000000004,0.0,84.00000000000001,42369.0,0.4693461060523987,0.4693461060523987,5.733719825744629,5.733719825744629
277,169.5261074089163,82.99999999999999,97.0,41525.0,0.47602027654647827,0.47602027654647827,5.14764404296875,5.14764404296875,111.75907761758678,82.99999999999999,180.0,41539.0,0.5104203224182129,0.5104203224182129,5.834035396575928,5.834035396575928,83.0,0.0,82.99999999999997,42297.0,0.4691174030303955,0.4691174030303955,5.731309413909912,5.731309413909912
278,167.94160246230194,82.0,98.0,41525.0,0.47369223833084106,0.47369223833084106,5.129925727844238,5.129925727844238,110.55720061526843,82.0,180.0,41499.0,0.5099318623542786,0.5099318623542786,5.828511714935303,5.828511714935303,82.0,0.0,81.99999999999999,42305.0,0.47036364674568176,0.47036364674568176,5.746687412261963,5.746687412261963
279,166.33655696534586,81.00000000000001,99.0,41525.0,0.47300317883491516,0.47300317883491516,5.13115119934082,5.13115119934082,109.34950056356652,81.00000000000001,180.0,41477.0,0.511152446269989,0.511152446269989,5.844794273376465,5.844794273376465,81.0,0.0,81.0,42301.0,0.47101521492004395,0.47101521492004395,5.758065223693848,5.758065223693848
280,164.71145988741117,80.00000000000004,100.0,41543.0,0.47313258051872253,0.47313258051872253,5.140533924102783,5.140533924102783,108.13608335929949,80.00000000000003,180.0,41493.0,0.5122138857841492,0.5122138857841492,5.857860565185547,5.857860565185547,80.00000000000003,0.0,80.00000000000001,42297.0,0.4722256660461426,0.4722256660461426,5.777337551116943,5.777337551116943
281,163.06679277140776,78.99999999999999,101.0,41571.0,0.47318583726882935,0.47318583726882935,5.151747226715088,5.151747226715088,106.91705360879143,78.99999999999999,180.0,41519.0,0.5123438835144043,0.5123438835144043,5.857157230377197,5.857157230377197,78.99999999999997,0.0,78.99999999999997,42297.0,0.47427406907081604,0.47427406907081604,5.797995567321777,5.797995567321777
282,161.40302953642424,78.0,102.0,41567.0,0.4733039438724518,0.4733039438724518,5.158151149749756,5.158151149749756,105.69251463985408,78.0,180.0,41497.0,0.5112346410751343,0.5112346410751343,5.847658157348633,5.847658157348633,78.0,0.0,77.99999999999999,42269.0,0.47547537088394165,0.47547537088394165,5.814321041107178,5.814321041107178
283,159.72063631413093,77.0,103.0,41555.0,0.47310808300971985,0.47310808300971985,5.161377429962158,5.161377429962158,104.46256851435584,77.0,180.0,41517.0,0.5105170011520386,0.5105170011520386,5.847952842712402,5.847952842712402,77.0,0.0,77.0,42337.0,0.4763621985912323,0.4763621985912323,5.833003997802734,5.833003997802734
284,158.020071316705,76.00000000000001,104.0,41579.0,0.4726058542728424,0.4726058542728424,5.167071342468262,5.167071342468262,103.22731604133925,76.00000000000001,180.0,41577.0,0.5092892646789551,0.5092892646789551,5.841750144958496,5.841750144958496,76.00000000000001,0.0,76.0,42289.0,0.47759950160980225,0.47759950160980225,5.862947463989258,5.862947463989258
285,156.30178473408102,75.00000000000003,105.0,41595.0,0.4728001654148102,0.4728001654148102,5.186633110046387,5.186633110046387,101.98685679064442,75.00000000000003,180.0,41559.0,0.5084125399589539,0.5084125399589539,5.8277997970581055,5.8277997970581055,75.00000000000003,0.0,75.00000000000001,42337.0,0.48004284501075745,0.48004284501075745,5.887379169464111,5.887379169464111
286,154.56621865839847,73.99999999999997,106.0,41545.0,0.4760271906852722,0.4760271906852722,5.231288433074951,5.231288433074951,100.74128910700202,73.99999999999997,180.0,41569.0,0.5086752772331238,0.5086752772331238,5.830085754394531,5.830085754394531,73.99999999999999,0.0,73.99999999999997,42353.0,0.4828025996685028,0.4828025996685028,5.903707027435303,5.903707027435303
287,152.81380703359105,73.0,107.0,41571.0,0.47915107011795044,0.47915107011795044,5.2817606925964355,5.2817606925964355,99.49071012455872,73.00000000000001,180.0,41569.0,0.5089250802993774,0.5089250802993774,5.834071636199951,5.834071636199951,73.00000000000001,0.0,72.99999999999999,42317.0,0.48417162895202637,0.48417162895202637,5.9186506271362305,5.9186506271362305
288,151.04497562814018,72.00000000000003,108.0,41559.0,0.4811055362224579,0.4811055362224579,5.318434238433838,5.318434238433838,98.23521578180002,72.00000000000001,180.0,41487.0,0.5088992714881897,0.5088992714881897,5.833280563354492,5.833280563354492,72.00000000000003,0.0,72.0,42269.0,0.4858662486076355,0.4858662486076355,5.926074028015137,5.926074028015137
289,149.2601420291024,71.00000000000001,109.0,41585.0,0.4822133779525757,0.4822133779525757,5.3426971435546875,5.3426971435546875,96.97490083683869,71.00000000000003,180.0,41531.0,0.5083717703819275,0.5083717703819275,5.830625534057617,5.830625534057617,71.00000000000003,0.0,71.00000000000001,42273.0,0.4865034818649292,0.4865034818649292,5.940742492675781,5.940742492675781
290,147.45971565560433,69.99999999999997,110.0,41561.0,0.48344042897224426,0.48344042897224426,5.371359348297119,5.371359348297119,95.70985888303562,69.99999999999997,180.0,41573.0,0.5075739622116089,0.5075739622116089,5.822134971618652,5.822134971618652,69.99999999999999,0.0,69.99999999999997,42305.0,0.4878273606300354,0.4878273606300354,5.957665920257568,5.957665920257568
291,145.6440977900911,69.0,111.0,41537.0,0.4838639497756958,0.4838639497756958,5.396398544311523,5.396398544311523,94.44018236492481,69.0,180.0,41545.0,0.5064405202865601,0.5064405202865601,5.816973686218262,5.816973686218262,69.0,0.0,68.99999999999999,42225.0,0.48911312222480774,0.48911312222480774,5.970966339111328,5.970966339111328
292,143.81368162570172,68.00000000000001,112.0,41573.0,0.4846054017543793,0.4846054017543793,5.420995712280273,5.420995712280273,93.16596259441228,68.00000000000001,180.0,41619.0,0.5069335699081421,0.5069335699081421,5.825007915496826,5.825007915496826,68.00000000000001,0.0,68.0,42305.0,0.49125900864601135,0.49125900864601135,5.993373870849609,5.993373870849609
293,141.96885232823834,67.0,113.0,41569.0,0.48577016592025757,0.48577016592025757,5.44571590423584,5.44571590423584,91.88728976722366,67.0,180.0,41577.0,0.5074353218078613,0.5074353218078613,5.839646816253662,5.839646816253662,67.00000000000001,0.0,67.0,42261.0,0.492617130279541,0.492617130279541,6.014798164367676,6.014798164367676
294,140.10998711128371,66.00000000000003,114.0,41533.0,0.4871934652328491,0.4871934652328491,5.48965311050415,5.48965311050415,90.60425297957374,66.00000000000003,180.0,41551.0,0.5092992186546326,0.5092992186546326,5.854006767272949,5.854006767272949,66.00000000000001,0.0,66.00000000000001,42305.0,0.49512091279029846,0.49512091279029846,6.035417079925537,6.035417079925537
295,138.2374553231104,65.0,115.0,41537.0,0.49044468998908997,0.49044468998908997,5.541670799255371,5.541670799255371,89.31694024503408,65.0,180.0,41587.0,0.5104049444198608,0.5104049444198608,5.8643293380737305,5.8643293380737305,65.0,0.0,64.99999999999997,42385.0,0.4974573850631714,0.4974573850631714,6.055440902709961,6.055440902709961
296,136.35161854411305,64.0,116.0,41515.0,0.4932476878166199,0.4932476878166199,5.595337867736816,5.595337867736816,88.0254385115759,64.0,180.0,41555.0,0.5100188255310059,0.5100188255310059,5.8687005043029785,5.8687005043029785,64.0,0.0,63.999999999999986,42433.0,0.4985075294971466,0.4985075294971466,6.078215599060059,6.078215599060059
297,134.45283069357666,63.0,117.0,41579.0,0.4947530925273895,0.4947530925273895,5.634303569793701,5.634303569793701,86.72983367876635,63.0,180.0,41591.0,0.509293794631958,0.509293794631958,5.8627238273620605,5.8627238273620605,63.000000000000014,0.0,63.0,42401.0,0.5009015798568726,0.5009015798568726,6.094141483306885,6.094141483306885
298,132.54143814467875,62.00000000000002,118.0,41603.0,0.49669715762138367,0.49669715762138367,5.663585662841797,5.663585662841797,85.43021061509818,62.00000000000002,180.0,41591.0,0.5090267062187195,0.5090267062187195,5.856184005737305,5.856184005737305,62.000000000000014,0.0,62.000000000000014,42377.0,0.5021674036979675,0.5021674036979675,6.113476276397705,6.113476276397705
299,130.61777984669925,60.999999999999986,119.0,41505.0,0.4971725642681122,0.4971725642681122,5.689195156097412,5.689195156097412,84.12665317543313,61.0,180.0,41593.0,0.508847713470459,0.508847713470459,5.853694438934326,5.853694438934326,60.999999999999986,0.0,60.99999999999997,42341.0,0.5037238001823425,0.5037238001823425,6.127481460571289,6.127481460571289
300,128.68218745348943,59.999999999999986,120.0,41531.0,0.5005034804344177,0.5005034804344177,5.750520706176758,5.750520706176758,82.8192442185417,59.999999999999986,180.0,41539.0,0.5082741379737854,0.5082741379737854,5.851543426513672,5.851543426513672,59.999999999999986,0.0,59.999999999999986,42313.0,0.5054053068161011,0.5054053068161011,6.149204254150391,6.149204254150391
301,126.73498545732119,59.00000000000001,121.0,41547.0,0.5040032863616943,0.5040032863616943,5.798401832580566,5.798401832580566,81.50806562472117,59.00000000000001,180.0,41541.0,0.5098696351051331,0.5098696351051331,5.859601020812988,5.859601020812988,58.99999999999999,0.0,59.0,42321.0,0.5080660581588745,0.5080660581588745,6.16838264465332,6.16838264465332
302,124.77649132730967,58.00000000000003,122.0,41591.0,0.5059325695037842,0.5059325695037842,5.842562675476074,5.842562675476074,80.19319831347727,58.00000000000002,180.0,41491.0,0.5106334090232849,0.5106334090232849,5.867589950561523,5.867589950561523,58.00000000000002,0.0,58.0,42289.0,0.5098555088043213,0.5098555088043213,6.191215991973877,6.191215991973877
303,122.80701565166507,57.00000000000002,123.0,41519.0,0.5045304298400879,0.5045304298400879,5.86461067199707,5.86461067199707,78.87472226125371,57.00000000000002,180.0,41527.0,0.5123204588890076,0.5123204588890076,5.877569675445557,5.877569675445557,57.00000000000003,0.0,57.000000000000014,42385.0,0.5119725465774536,0.5119725465774536,6.203133583068848,6.203133583068848
304,120.82686228309247,55.99999999999999,124.0,41565.0,0.5058599710464478,0.5058599710464478,5.8774824142456055,5.8774824142456055,77.55271651919618,55.99999999999999,180.0,41571.0,0.5138830542564392,0.5138830542564392,5.891022205352783,5.891022205352783,55.99999999999999,0.0,55.99999999999997,42345.0,0.5130956172943115,0.5130956172943115,6.211126804351807,6.211126804351807
305,118.8363284867174,54.999999999999986,125.0,41559.0,0.5082440376281738,0.5082440376281738,5.919624328613281,5.919624328613281,76.22725923093766,54.99999999999999,180.0,41549.0,0.5147537589073181,0.5147537589073181,5.898738861083984,5.898738861083984,55.0,0.0,54.999999999999986,42361.0,0.5151160955429077,0.5151160955429077,6.223761081695557,6.223761081695557
306,116.83570508996769,54.000000000000014,126.0,41543.0,0.5094882249832153,0.5094882249832153,5.937837600708008,5.937837600708008,74.89842765039242,54.000000000000014,180.0,41537.0,0.5152282118797302,0.5152282118797302,5.903083801269531,5.903083801269531,54.00000000000002,0.0,54.0,42341.0,0.5171464085578918,0.5171464085578918,6.246551990509033,6.246551990509033
307,114.8252766338972,53.00000000000002,127.0,41557.0,0.50726717710495,0.50726717710495,5.942355155944824,5.942355155944824,73.56629815954882,53.000000000000014,180.0,41557.0,0.5144522190093994,0.5144522190093994,5.907866954803467,5.907866954803467,53.000000000000014,0.0,53.000000000000014,42441.0,0.5160052180290222,0.5160052180290222,6.283174514770508,6.283174514770508
308,112.80532152548253,51.999999999999986,128.0,41595.0,0.5069661140441895,0.5069661140441895,5.941773891448975,5.941773891448975,72.23094628624911,51.999999999999986,180.0,41605.0,0.5176218152046204,0.5176218152046204,5.929123401641846,5.929123401641846,51.99999999999999,0.0,51.99999999999997,42313.0,0.5220388174057007,0.5220388174057007,6.305124759674072,6.305124759674072
309,110.77611219047017,50.999999999999986,129.0,41529.0,0.507635772228241,0.507635772228241,5.952588081359863,5.952588081359863,70.89244672194765,50.999999999999986,180.0,41587.0,0.5199791789054871,0.5199791789054871,5.950303077697754,5.950303077697754,50.99999999999999,0.0,51.0,42361.0,0.5244590044021606,0.5244590044021606,6.321249008178711,6.321249008178711
310,108.73791522639392,50.00000000000001,130.0,41545.0,0.5083429217338562,0.5083429217338562,5.97184419631958,5.97184419631958,69.55087333943784,50.00000000000001,180.0,41569.0,0.5218769311904907,0.5218769311904907,5.961788177490234,5.961788177490234,50.00000000000001,0.0,50.0,42273.0,0.5259981751441956,0.5259981751441956,6.332798480987549,6.332798480987549
311,106.69099155542158,49.00000000000003,131.0,41557.0,0.5107062458992004,0.5107062458992004,6.002737522125244,6.002737522125244,68.20629921054041,49.00000000000003,180.0,41561.0,0.5236008167266846,0.5236008167266846,5.966948509216309,5.966948509216309,49.00000000000003,0.0,49.0,42269.0,0.5274155735969543,0.5274155735969543,6.338688373565674,6.338688373565674
312,104.63559657672636,48.000000000000036,132.0,41521.0,0.5113646388053894,0.5113646388053894,6.019421100616455,6.019421100616455,66.85879662374494,48.00000000000002,180.0,41519.0,0.5243147611618042,0.5243147611618042,5.974985122680664,5.974985122680664,48.00000000000004,0.0,48.0,42269.0,0.5291823148727417,0.5291823148727417,6.343462944030762,6.343462944030762
313,102.5719803181125,46.99999999999998,133.0,41571.0,0.511114776134491,0.511114776134491,6.016234397888184,6.016234397888184,65.50843710179858,46.999999999999986,180.0,41569.0,0.5256738662719727,0.5256738662719727,5.978062152862549,5.978062152862549,47.0,0.0,46.99999999999997,42329.0,0.5322850942611694,0.5322850942611694,6.372287750244141,6.372287750244141
314,100.50038758665605,45.99999999999999,134.0,41539.0,0.5092959403991699,0.5092959403991699,5.993679523468018,5.993679523468018,64.15529141923497,45.99999999999999,180.0,41573.0,0.5272343754768372,0.5272343754768372,5.993670463562012,5.993670463562012,45.999999999999986,0.0,46.0,42269.0,0.534999430179596,0.534999430179596,6.391829967498779,6.391829967498779
315,98.42105811814943,45.00000000000001,135.0,41517.0,0.5055439472198486,0.5055439472198486,5.9724812507629395,5.9724812507629395,62.799429619838094,45.00000000000001,180.0,41491.0,0.5274527072906494,0.5274527072906494,6.018394947052002,6.018394947052002,45.00000000000001,0.0,45.0,42357.0,0.5370535254478455,0.5370535254478455,6.403688907623291,6.403688907623291
316,96.33422672516805,44.00000000000002,136.0,41591.0,0.5083481669425964,0.5083481669425964,5.974039077758789,5.974039077758789,61.440921034036336,44.00000000000002,180.0,41573.0,0.5321523547172546,0.5321523547172546,6.031853675842285,6.031853675842285,44.00000000000003,0.0,44.0,42269.0,0.5386106371879578,0.5386106371879578,6.412852764129639,6.412852764129639
317,94.24012344359879,42.999999999999986,137.0,41551.0,0.5096491575241089,0.5096491575241089,5.989119529724121,5.989119529724121,60.07983429622183,42.999999999999986,180.0,41569.0,0.5349198579788208,0.5349198579788208,6.054837226867676,6.054837226867676,42.99999999999999,0.0,42.99999999999997,42329.0,0.5403271317481995,0.5403271317481995,6.433563232421875,6.433563232421875
318,92.13897367749519,42.0,138.0,41547.0,0.5091657638549805,0.5091657638549805,5.982579231262207,5.982579231262207,58.71623736199178,41.999999999999986,180.0,41519.0,0.5372145175933838,0.5372145175933838,6.075784683227539,6.075784683227539,42.0,0.0,42.0,42269.0,0.5422832369804382,0.5422832369804382,6.444101810455322,6.444101810455322
319,90.03099834214207,41.00000000000001,139.0,41601.0,0.5079509019851685,0.5079509019851685,5.960190773010254,5.960190773010254,57.35019752530688,41.00000000000001,180.0,41561.0,0.5398076772689819,0.5398076772689819,6.088738918304443,6.088738918304443,41.00000000000002,0.0,41.0,42269.0,0.5434896945953369,0.5434896945953369,6.451437950134277,6.451437950134277
320,87.91641400523561,40.000000000000014,140.0,41569.0,0.5106714963912964,0.5106714963912964,5.993288516998291,5.993288516998291,55.981781435565715,40.000000000000014,180.0,41569.0,0.5421784520149231,0.5421784520149231,6.109124660491943,6.109124660491943,40.00000000000002,0.0,40.0,42273.0,0.5450193285942078,0.5450193285942078,6.461191654205322,6.461191654205322
321,85.79543302609785,39.000000000000014,141.0,41543.0,0.5122313499450684,0.5122313499450684,6.001643657684326,6.001643657684326,54.611055114590904,39.000000000000014,180.0,41587.0,0.5449188947677612,0.5449188947677612,6.131794452667236,6.131794452667236,39.00000000000003,0.0,39.0,42361.0,0.5479564666748047,0.5479564666748047,6.492416858673096,6.492416858673096
322,83.66826369286376,37.999999999999986,142.0,41559.0,0.5133456587791443,0.5133456587791443,5.99275541305542,5.99275541305542,53.238083973526024,37.999999999999986,180.0,41605.0,0.5483621954917908,0.5483621954917908,6.162413597106934,6.162413597106934,37.99999999999999,0.0,37.99999999999997,42313.0,0.5498413443565369,0.5498413443565369,6.516498565673828,6.516498565673828
323,81.53511035759179,37.0,143.0,41597.0,0.513620138168335,0.513620138168335,5.986644268035889,5.986644268035889,51.8629328296406,37.0,180.0,41557.0,0.5495601892471313,0.5495601892471313,6.182065963745117,6.182065963745117,37.0,0.0,37.0,42441.0,0.5486083626747131,0.5486083626747131,6.538661956787109,6.538661956787109
324,79.3961735692619,36.000000000000014,144.0,41565.0,0.514542818069458,0.514542818069458,5.983829975128174,5.983829975128174,50.48566592304224,36.000000000000014,180.0,41537.0,0.5543496608734131,0.5543496608734131,6.208514213562012,6.208514213562012,36.00000000000002,0.0,36.0,42341.0,0.5558179020881653,0.5558179020881653,6.555202484130859,6.555202484130859
325,77.25165020463902,35.00000000000002,145.0,41595.0,0.5165114402770996,0.5165114402770996,5.989485740661621,5.989485740661621,49.10634693329498,35.000000000000036,180.0,41549.0,0.5583574771881104,0.5583574771881104,6.23659086227417,6.23659086227417,35.000000000000036,0.0,35.0,42361.0,0.558739423751831,0.558739423751831,6.5701422691345215,6.5701422691345215
326,75.10173359698787,33.999999999999986,146.0,41595.0,0.5176290273666382,0.5176290273666382,5.989614963531494,5.989614963531494,47.72503899594277,33.999999999999986,180.0,41571.0,0.5615827441215515,0.5615827441215515,6.262795925140381,6.262795925140381,33.99999999999998,0.0,33.99999999999997,42345.0,0.5612722635269165,0.5612722635269165,6.586193561553955,6.586193561553955
327,72.946613662638,33.0,147.0,41453.0,0.5171449184417725,0.5171449184417725,5.967441082000732,5.967441082000732,46.34180471893829,33.0,180.0,41527.0,0.5636237263679504,0.5636237263679504,6.272434234619141,6.272434234619141,33.0,0.0,33.0,42385.0,0.5650328397750854,0.5650328397750854,6.614109992980957,6.614109992980957
328,70.78647702540268,32.000000000000014,148.0,41559.0,0.517250120639801,0.517250120639801,5.959973335266113,5.959973335266113,44.95670619897573,32.000000000000014,180.0,41491.0,0.565772294998169,0.565772294998169,6.291256904602051,6.291256904602051,31.99999999999999,0.0,32.0,42289.0,0.5668045282363892,0.5668045282363892,6.645365238189697,6.645365238189697
329,68.6215071388685,31.000000000000007,149.0,41545.0,0.5176164507865906,0.5176164507865906,5.942838191986084,5.942838191986084,43.56980503772961,31.000000000000007,180.0,41541.0,0.5688291192054749,0.5688291192054749,6.306235313415527,6.306235313415527,31.000000000000018,0.0,31.0,42321.0,0.5695929527282715,0.5695929527282715,6.672527313232422,6.672527313232422
330,66.45188440657522,30.00000000000003,150.0,41579.0,0.5185406804084778,0.5185406804084778,5.932194232940674,5.932194232940674,42.18116235799827,30.00000000000003,180.0,41539.0,0.5706591606140137,0.5706591606140137,6.327495574951172,6.327495574951172,30.000000000000036,0.0,30.00000000000003,42313.0,0.5718802809715271,0.5718802809715271,6.69821310043335,6.69821310043335
331,64.27778630011413,28.999999999999996,151.0,41583.0,0.5197842121124268,0.5197842121124268,5.928507328033447,5.928507328033447,40.790838819754036,28.999999999999982,180.0,41593.0,0.5733253359794617,0.5733253359794617,6.3380231857299805,6.3380231857299805,29.000000000000014,0.0,28.99999999999997,42341.0,0.5760937929153442,0.5760937929153442,6.728665351867676,6.728665351867676
332,62.099387475178595,27.999999999999996,152.0,41543.0,0.5215678215026855,0.5215678215026855,5.933884620666504,5.933884620666504,39.39889463610048,27.999999999999996,180.0,41591.0,0.575805127620697,0.575805127620697,6.3512773513793945,6.3512773513793945,28.0,0.0,28.0,42377.0,0.5802056789398193,0.5802056789398193,6.754739761352539,6.754739761352539
333,59.91685988560488,27.000000000000025,153.0,41587.0,0.5240784883499146,0.5240784883499146,5.9437479972839355,5.9437479972839355,38.005389589137636,27.00000000000001,180.0,41591.0,0.5777016282081604,0.5777016282081604,6.362433910369873,6.362433910369873,27.00000000000002,0.0,27.0,42401.0,0.5839303731918335,0.5839303731918335,6.7837677001953125,6.7837677001953125
334,57.730372895447374,26.000000000000025,154.0,41545.0,0.5276961922645569,0.5276961922645569,5.973886489868164,5.973886489868164,36.61038304573719,26.000000000000025,180.0,41555.0,0.5798980593681335,0.5798980593681335,6.372312545776367,6.372312545776367,26.00000000000005,0.0,26.0,42433.0,0.5866986513137817,0.5866986513137817,6.81446647644043,6.81446647644043
335,55.540093389134725,24.999999999999975,155.0,41555.0,0.5309590101242065,0.5309590101242065,5.990798473358154,5.990798473358154,35.21393397322867,24.99999999999999,180.0,41587.0,0.583078920841217,0.583078920841217,6.387399196624756,6.387399196624756,25.000000000000004,0.0,24.99999999999997,42385.0,0.590968668460846,0.590968668460846,6.8480377197265625,6.8480377197265625
336,53.34618587975917,23.99999999999999,156.0,41547.0,0.5340940356254578,0.5340940356254578,6.0100555419921875,6.0100555419921875,33.816100954999484,23.99999999999999,180.0,41551.0,0.5865631103515625,0.5865631103515625,6.415465354919434,6.415465354919434,23.999999999999975,0.0,23.99999999999997,42305.0,0.5943564176559448,0.5943564176559448,6.892439365386963,6.892439365386963
337,51.14881261555134,22.999999999999993,157.0,41559.0,0.538809597492218,0.538809597492218,6.0441107749938965,6.0441107749938965,32.41694220600873,23.00000000000001,180.0,41577.0,0.5901409387588501,0.5901409387588501,6.451176643371582,6.451176643371582,23.000000000000014,0.0,23.0,42261.0,0.5983610153198242,0.5983610153198242,6.9438323974609375,6.9438323974609375
338,48.94813368459884,22.000000000000014,158.0,41601.0,0.543933629989624,0.543933629989624,6.092696189880371,6.092696189880371,31.016515588218535,22.000000000000032,180.0,41619.0,0.594821035861969,0.594821035861969,6.492297649383545,6.492297649383545,21.999999999999986,0.0,22.0,42305.0,0.6042168736457825,0.6042168736457825,6.995654582977295,6.995654582977295
339,46.74430711786889,21.00000000000002,159.0,41579.0,0.5504981875419617,0.5504981875419617,6.136983394622803,6.136983394622803,29.61487862594557,21.00000000000002,180.0,41545.0,0.5992321968078613,0.5992321968078613,6.52962589263916,6.52962589263916,21.000000000000053,0.0,21.00000000000003,42225.0,0.60970139503479,0.60970139503479,7.049956798553467,7.049956798553467
340,44.53748899059379,19.999999999999993,160.0,41547.0,0.5531291365623474,0.5531291365623474,6.15195894241333,6.15195894241333,28.21208852113278,19.999999999999993,180.0,41573.0,0.6039845943450928,0.6039845943450928,6.568064212799072,6.568064212799072,20.000000000000025,0.0,19.99999999999997,42305.0,0.6150336265563965,0.6150336265563965,7.102668285369873,7.102668285369873
341,42.3278335220864,18.999999999999975,161.0,41591.0,0.5571605563163757,0.5571605563163757,6.172057151794434,6.172057151794434,26.80820216854692,18.999999999999975,180.0,41531.0,0.6095304489135742,0.6095304489135742,6.619812488555908,6.619812488555908,18.99999999999998,0.0,19.0,42273.0,0.6203271150588989,0.6203271150588989,7.158310890197754,7.158310890197754
342,40.115493174047664,18.00000000000001,162.0,41587.0,0.5635092854499817,0.5635092854499817,6.232587814331055,6.232587814331055,25.40327617090227,18.00000000000001,180.0,41487.0,0.6154503226280212,0.6154503226280212,6.674833297729492,6.674833297729492,18.00000000000005,0.0,18.0,42269.0,0.6262018084526062,0.6262018084526062,7.212954998016357,7.212954998016357
343,37.900618747433825,16.99999999999999,163.0,41557.0,0.5713554620742798,0.5713554620742798,6.296473503112793,6.296473503112793,23.997366853913302,17.000000000000032,180.0,41569.0,0.6217385530471802,0.6217385530471802,6.737818717956543,6.737818717956543,17.000000000000004,0.0,17.0,42317.0,0.6311180591583252,0.6311180591583252,7.27650260925293,7.27650260925293
344,35.68335947795264,15.999999999999995,164.0,41651.0,0.5796076059341431,0.5796076059341431,6.361920356750488,6.361920356750488,22.590530281282334,15.999999999999995,180.0,41569.0,0.6290044188499451,0.6290044188499451,6.80617094039917,6.80617094039917,15.999999999999963,0.0,15.999999999999972,42353.0,0.6377205848693848,0.6377205848693848,7.343352794647217,7.343352794647217
345,33.46386313025452,14.999999999999996,165.0,41551.0,0.5858168005943298,0.5858168005943298,6.418374538421631,6.418374538421631,21.182822269620416,14.999999999999996,180.0,41559.0,0.6358456015586853,0.6358456015586853,6.875693321228027,6.875693321228027,15.000000000000027,0.0,14.999999999999972,42337.0,0.6436735987663269,0.6436735987663269,7.428158760070801,7.428158760070801
346,31.24227609088961,14.0,166.0,41583.0,0.591259241104126,0.591259241104126,6.462265491485596,6.462265491485596,19.774298403307757,14.0,180.0,41577.0,0.6425995230674744,0.6425995230674744,6.95072603225708,6.95072603225708,14.00000000000005,0.0,14.0,42289.0,0.6507197618484497,0.6507197618484497,7.516818523406982,7.516818523406982
347,29.018743460102378,13.000000000000025,167.0,41555.0,0.5958763957023621,0.5958763957023621,6.501266956329346,6.501266956329346,18.36501404929687,12.999999999999996,180.0,41517.0,0.6506949067115784,0.6506949067115784,7.030890941619873,7.030890941619873,13.000000000000043,0.0,13.0,42337.0,0.6614755392074585,0.6614755392074585,7.6214470863342285,7.6214470863342285
348,26.79340914253257,12.000000000000018,168.0,41559.0,0.6039393544197083,0.6039393544197083,6.565907001495361,6.565907001495361,16.955024371859913,12.000000000000018,180.0,41497.0,0.6598863005638123,0.6598863005638123,7.121959686279297,7.121959686279297,12.000000000000052,0.0,12.000000000000028,42269.0,0.6719478964805603,0.6719478964805603,7.7360663414001465,7.7360663414001465
349,24.56641593689463,10.99999999999996,169.0,41581.0,0.6123378872871399,0.6123378872871399,6.648916244506836,6.648916244506836,15.544384347284582,10.999999999999993,180.0,41519.0,0.6700475215911865,0.6700475215911865,7.231663227081299,7.231663227081299,10.999999999999943,0.0,10.999999999999972,42297.0,0.6835610270500183,0.6835610270500183,7.871671676635742,7.871671676635742
350,22.33790562470978,9.999999999999975,170.0,41555.0,0.6226074695587158,0.6226074695587158,6.742301940917969,6.742301940917969,14.133148778523188,9.999999999999975,180.0,41493.0,0.6816146969795227,0.6816146969795227,7.358468055725098,7.358468055725098,9.999999999999984,0.0,10.0,42297.0,0.6971648931503296,0.6971648931503296,8.033153533935547,8.033153533935547
351,20.108019058157538,8.999999999999984,171.0,41593.0,0.6342405080795288,0.6342405080795288,6.868463516235352,6.868463516235352,12.721372309794734,8.999999999999984,180.0,41477.0,0.6946622729301453,0.6946622729301453,7.508951663970947,7.508951663970947,9.00000000000002,0.0,9.0,42301.0,0.7132211923599243,0.7132211923599243,8.225350379943848,8.225350379943848
352,17.876896247126297,8.000000000000027,172.0,41577.0,0.6489598751068115,0.6489598751068115,7.015368938446045,7.015368938446045,11.309109441148529,8.000000000000027,180.0,41499.0,0.7104108929634094,0.7104108929634094,7.689969539642334,7.689969539642334,8.000000000000083,0.0,8.0,42305.0,0.732030987739563,0.732030987739563,8.439766883850098,8.439766883850098
353,15.644676445528933,6.9999999999999725,173.0,41583.0,0.6643071174621582,0.6643071174621582,7.192585468292236,7.192585468292236,9.896414542987902,6.9999999999999725,180.0,41539.0,0.7294481992721558,0.7294481992721558,7.906911849975586,7.906911849975586,6.999999999999893,0.0,6.999999999999972,42297.0,0.7539151310920715,0.7539151310920715,8.700251579284668,8.700251579284668
354,13.411498236963396,5.999999999999965,174.0,41531.0,0.6871547698974609,0.6871547698974609,7.422780513763428,7.422780513763428,8.483341870563546,5.999999999999965,180.0,41559.0,0.7535213828086853,0.7535213828086853,8.17306137084961,8.17306137084961,6.000000000000089,0.0,5.999999999999972,42369.0,0.7826427817344666,0.7826427817344666,9.044517517089844,9.044517517089844
355,11.177499619780882,4.999999999999992,175.0,41543.0,0.7151758074760437,0.7151758074760437,7.716353893280029,7.716353893280029,7.069945578430074,4.999999999999992,180.0,41485.0,0.784168004989624,0.784168004989624,8.500760078430176,8.500760078430176,4.999999999999906,0.0,5.0,42269.0,0.8195725679397583,0.8195725679397583,9.470731735229492,9.470731735229492
356,8.942818091649205,4.000000000000042,176.0,41569.0,0.7489559054374695,0.7489559054374695,8.087966918945312,8.087966918945312,5.6562797348856595,4.000000000000042,180.0,41557.0,0.8229424953460693,0.8229424953460693,8.932767868041992,8.932767868041992,3.9999999999998943,0.0,4.0,42365.0,0.8646125793457031,0.8646125793457031,10.013787269592285,10.013787269592285
357,6.707590733669952,2.999999999999923,177.0,41591.0,0.7937597632408142,0.7937597632408142,8.605538368225098,8.605538368225098,4.242398336379447,2.999999999999923,180.0,41551.0,0.8767073154449463,0.8767073154449463,9.549806594848633,9.549806594848633,3.0000000000000884,0.0,3.0000000000000284,42273.0,0.9192020297050476,0.9192020297050476,10.688761711120605,10.688761711120605
358,4.4719542941297075,1.999999999999765,178.0,41567.0,0.8675272464752197,0.8675272464752197,9.463611602783203,9.463611602783203,2.828355321903896,1.999999999999765,180.0,41485.0,0.9455530643463135,0.9455530643463135,10.448895454406738,10.448895454406738,1.9999999999998004,0.0,1.9999999999999716,42177.0,0.9766399264335632,0.9766399264335632,11.534750938415527,11.534750938415527
