ang_dist,cone_dist,inplane_dist,common_voxels,ccc,ccc_masked,z_score,z_score_masked,Tight mask overlap
0.0,0.0,0.0,44473.0,0.9999999403953552,0.9999999403953552,13.798697471618652,13.798697471618652,14184
20.000000000000025,0.0,20.0,42305.0,0.6145370602607727,0.6145370602607727,7.044573783874512,7.044573783874512,12437
39.99999999999999,0.0,40.0,42273.0,0.5555775165557861,0.5555775165557861,6.494294166564941,6.494294166564941,11722
59.99999999999999,0.0,60.0,42313.0,0.5195808410644531,0.5195808410644531,6.241012096405029,6.241012096405029,11147
80.00000000000001,0.0,80.0,42297.0,0.4899401664733886,0.4899401664733886,6.009788990020752,6.009788990020752,10706
100.0,0.0,100.0,42297.0,0.4823874235153198,0.4823874235153198,5.99351978302002,5.99351978302002,10473
120.0,0.0,120.0,42313.0,0.4719486236572265,0.4719486236572265,5.846078395843506,5.846078395843506,10293
140.0,0.0,140.0,42273.0,0.471755176782608,0.471755176782608,5.758512496948242,5.758512496948242,10313
160.0,0.0,160.0,42305.0,0.475768893957138,0.475768893957138,5.645728588104248,5.645728588104248,10235
180.0,0.0,180.0,44473.0,0.4099631011486053,0.4099631011486053,5.5798211097717285,5.5798211097717285,9509
160.00000000000003,0.0,160.0,42305.0,0.465787410736084,0.465787410736084,5.313628196716309,5.313628196716309,10167
140.0,0.0,140.0,42273.0,0.4573511779308319,0.4573511779308319,5.275676727294922,5.275676727294922,10260
120.0,0.0,120.0,42313.0,0.4523812234401703,0.4523812234401703,5.333584785461426,5.333584785461426,10275
100.0,0.0,100.0,42297.0,0.4605980217456817,0.4605980217456817,5.559504508972168,5.559504508972168,10427
80.00000000000003,0.0,80.00000000000001,42297.0,0.4722256660461426,0.4722256660461426,5.777337551116943,5.777337551116943,10672
59.99999999999999,0.0,59.99999999999999,42313.0,0.5054053068161011,0.5054053068161011,6.149204254150391,6.149204254150391,11159
40.00000000000002,0.0,40.0,42273.0,0.5450193285942078,0.5450193285942078,6.461191654205322,6.461191654205322,11784
20.000000000000025,0.0,19.99999999999997,42305.0,0.6150336265563965,0.6150336265563965,7.102668285369873,7.102668285369873,12465
132.71188635898713,10.701265440424017,0.0,41521.0,0.4970048367977142,0.4970048367977142,5.447929382324219,5.447929382324219,10568
112.82559093773766,10.701265440424017,20.0,41539.0,0.4960327446460724,0.4960327446460724,5.542858600616455,5.542858600616455,10613
92.9693385016135,10.701265440424017,40.0,41529.0,0.5083080530166626,0.5083080530166626,5.779404163360596,5.779404163360596,10778
73.1705737158172,10.701265440424017,60.0,41583.0,0.5244483947753906,0.5244483947753906,5.970153331756592,5.970153331756592,11110
53.49601000547987,10.701265440424017,80.0,41561.0,0.5518739819526672,0.5518739819526672,6.192437648773193,6.192437648773193,11526
34.16394446414344,10.701265440424017,100.0,41599.0,0.5905011296272278,0.5905011296272278,6.441453456878662,6.441453456878662,12022
16.43529021662409,10.701265440424017,120.0,41531.0,0.6563234925270081,0.6563234925270081,7.04263973236084,7.04263973236084,12627
13.065971218485611,10.701265440424017,140.0,41497.0,0.6925580501556396,0.6925580501556396,7.428983688354492,7.428983688354492,12920
29.47854726212726,10.701265440424017,160.0,41519.0,0.610262393951416,0.610262393951416,6.602137088775635,6.602137088775635,12015
48.62986287998988,10.701265440424017,180.0,41521.0,0.5715767741203308,0.5715767741203308,6.320301055908203,6.320301055908203,11441
68.25132303106365,10.701265440424017,160.0,41539.0,0.5387568473815918,0.5387568473815918,6.078137397766113,6.078137397766113,10922
88.02804955235136,10.70126544042398,140.0,41529.0,0.5124476552009583,0.5124476552009583,5.875059604644775,5.875059604644775,10654
107.87339571557406,10.701265440424017,120.0,41583.0,0.5077150464057922,0.5077150464057922,5.865542888641357,5.865542888641357,10501
127.75382535394208,10.701265440424017,100.0,41561.0,0.5118359923362732,0.5118359923362732,5.903754234313965,5.903754234313965,10527
147.65323665427152,10.701265440424017,80.00000000000003,41599.0,0.5124678611755371,0.5124678611755371,5.809010982513428,5.809010982513428,10532
167.56241194761142,10.701265440424017,60.0,41531.0,0.5181839466094971,0.5181839466094971,5.704282760620117,5.704282760620117,10412
172.52499625662853,10.701265440424017,40.00000000000003,41497.0,0.5154847502708435,0.5154847502708435,5.557317733764648,5.557317733764648,10422
152.61443675040687,10.701265440424017,20.0,41519.0,0.5032603144645691,0.5032603144645691,5.422219753265381,5.422219753265381,10513
15.959764552939264,15.156036253380096,0.0,41559.0,0.6664770841598511,0.6664770841598511,7.192401885986328,7.192401885986328,12631
29.185909171434712,15.156036253380096,20.0,41489.0,0.6008367538452148,0.6008367538452148,6.540499210357666,6.540499210357666,12027
47.37246539502837,15.15603625338012,40.0,41585.0,0.5552409291267395,0.5552409291267395,6.187779426574707,6.187779426574707,11439
66.56954194664898,15.156036253380096,60.0,41515.0,0.5179638862609863,0.5179638862609863,5.939568996429443,5.939568996429443,10915
86.10183181688114,15.156036253380096,80.0,41531.0,0.5093090534210205,0.5093090534210205,5.967367172241211,5.967367172241211,10672
105.7813107928542,15.156036253380096,100.0,41551.0,0.5010415315628052,0.5010415315628052,5.913534164428711,5.913534164428711,10347
125.53573635010326,15.156036253380096,120.0,41567.0,0.5056769847869873,0.5056769847869873,5.893600940704346,5.893600940704346,10195
145.33079968196094,15.156036253380096,140.0,41545.0,0.5056808590888977,0.5056808590888977,5.782116889953613,5.782116889953613,10146
165.14714051778978,15.156036253380096,160.0,41541.0,0.5004300475120544,0.5004300475120544,5.541368007659912,5.541368007659912,10142
175.02830410533008,15.156036253380096,180.0,41559.0,0.4969533681869507,0.4969533681869507,5.341970920562744,5.341970920562744,10067
155.20644282460373,15.156036253380096,160.0,41489.0,0.4886421859264374,0.4886421859264374,5.195195198059082,5.195195198059082,10091
135.39887393210392,15.15603625338012,140.0,41585.0,0.4820384085178375,0.4820384085178375,5.180543899536133,5.180543899536133,10092
115.62113069430472,15.156036253380096,120.0,41515.0,0.4739558398723602,0.4739558398723602,5.195302963256836,5.195302963256836,10118
95.89847158172653,15.156036253380096,100.0,41531.0,0.4880867004394531,0.4880867004394531,5.484231948852539,5.484231948852539,10267
76.27961702408821,15.156036253380096,80.00000000000001,41551.0,0.5072121024131775,0.5072121024131775,5.823066711425781,5.823066711425781,10575
56.87769693029636,15.156036253380096,59.99999999999999,41567.0,0.5430501699447632,0.5430501699447632,6.187453269958496,6.187453269958496,11182
38.03194861071815,15.156036253380096,40.0,41545.0,0.5875123739242554,0.5875123739242554,6.554900169372559,6.554900169372559,11749
21.282094550185125,15.156036253380096,19.99999999999997,41541.0,0.6387637257575989,0.6387637257575989,6.952409744262695,6.952409744262695,12354
143.03329358865685,18.58963650264576,0.0,41531.0,0.5108330249786377,0.5108330249786377,5.814189434051514,5.814189434051514,10722
162.75451573350108,18.58963650264576,20.0,41515.0,0.5113540887832642,0.5113540887832642,5.683399677276611,5.683399677276611,10602
177.50984309984082,18.58963650264576,40.0,41565.0,0.5112839937210083,0.5112839937210083,5.588450908660889,5.588450908660889,10456
157.77622170863162,18.589636502645774,60.0,41581.0,0.4930629432201385,0.4930629432201385,5.381986141204834,5.381986141204834,10453
138.06156907446848,18.58963650264576,80.0,41545.0,0.4917860627174377,0.4917860627174377,5.463504314422607,5.463504314422607,10588
118.38791963648733,18.58963650264576,100.0,41515.0,0.4900298714637756,0.4900298714637756,5.563964366912842,5.563964366912842,10654
98.79012865113164,18.58963650264576,120.0,41545.0,0.5031302571296692,0.5031302571296692,5.83008337020874,5.83008337020874,10744
79.33344988242463,18.58963650264576,140.0,41529.0,0.5027938485145569,0.5027938485145569,5.8219523429870605,5.8219523429870605,10953
60.163278966151736,18.589636502645774,160.0,41543.0,0.5213912725448608,0.5213912725448608,5.947673320770264,5.947673320770264,11231
41.68509882957386,18.58963650264576,180.0,41531.0,0.5578284859657288,0.5578284859657288,6.214521408081055,6.214521408081055,11618
25.46216144567025,18.58963650264576,159.99999999999997,41515.0,0.6188479661941528,0.6188479661941528,6.733121871948242,6.733121871948242,12220
18.75861495537463,18.58963650264576,140.00000000000003,41565.0,0.648586094379425,0.648586094379425,6.972380638122559,6.972380638122559,12417
29.12737212491277,18.589636502645774,120.0,41581.0,0.6080823540687561,0.6080823540687561,6.532795429229736,6.532795429229736,12059
46.23600176928478,18.589636502645774,100.0,41545.0,0.5755085945129395,0.5755085945129395,6.243360996246338,6.243360996246338,11621
64.95911859050959,18.589636502645774,80.00000000000004,41515.0,0.5514571666717529,0.5514571666717529,6.093137264251709,6.093137264251709,11256
84.2238786120975,18.58963650264576,59.99999999999999,41545.0,0.538059413433075,0.538059413433075,6.077667236328125,6.077667236328125,11026
103.72528282593996,18.58963650264576,40.00000000000003,41529.0,0.5246906280517578,0.5246906280517578,6.025104999542236,6.025104999542236,10889
123.34670338657268,18.589636502645774,20.0,41543.0,0.5146058797836304,0.5146058797836304,5.921915054321289,5.921915054321289,10883
82.33731041807965,21.497308646752906,0.0,41525.0,0.5279068350791931,0.5279068350791931,5.964643478393555,5.964643478393555,10889
63.36667352482343,21.497308646752906,20.0,41525.0,0.5442442893981934,0.5442442893981934,6.108938217163086,6.108938217163086,11221
45.17425328219888,21.497308646752906,40.0,41513.0,0.5674622058868408,0.5674622058868408,6.242066383361816,6.242066383361816,11676
29.26080381543536,21.49730864675289,60.0,41581.0,0.5989446043968201,0.5989446043968201,6.446423053741455,6.446423053741455,12055
21.49733081571094,21.497308646752906,80.0,41569.0,0.6328976154327393,0.6328976154327393,6.806634902954102,6.806634902954102,12249
29.302726889665934,21.497308646752906,100.0,41569.0,0.5987390875816345,0.5987390875816345,6.526258945465088,6.526258945465088,11917
45.22856138775899,21.49730864675289,120.0,41583.0,0.5592195987701416,0.5592195987701416,6.246013164520264,6.246013164520264,11268
63.42474166755317,21.497308646752906,140.0,41571.0,0.5402364730834961,0.5402364730834961,6.189682960510254,6.189682960510254,10776
82.3968793973227,21.497308646752906,160.0,41561.0,0.5236655473709106,0.5236655473709106,6.076171398162842,6.076171398162842,10427
101.70694897524822,21.497308646752906,179.99999999999997,41525.0,0.5040544271469116,0.5040544271469116,5.875687122344971,5.875687122344971,10303
121.18776353205232,21.497308646752906,160.0,41525.0,0.4985362291336059,0.4985362291336059,5.79785680770874,5.79785680770874,10241
140.76137245323125,21.497308646752906,140.0,41513.0,0.5113580226898193,0.5113580226898193,5.908045291900635,5.908045291900635,10293
160.3849102230576,21.497308646752906,120.0,41581.0,0.5116338133811951,0.5116338133811951,5.741345405578613,5.741345405578613,10276
179.96948868778003,21.49730864675289,100.0,41569.0,0.5141620635986328,0.5141620635986328,5.593406200408936,5.593406200408936,10251
160.32392056782842,21.497308646752906,80.00000000000001,41569.0,0.5114506483078003,0.5114506483078003,5.493636131286621,5.493636131286621,10350
140.7004899349161,21.497308646752906,60.0,41583.0,0.5067755579948425,0.5067755579948425,5.469252109527588,5.469252109527588,10483
121.12709161529556,21.497308646752906,40.00000000000003,41571.0,0.5079633593559265,0.5079633593559265,5.5617194175720215,5.5617194175720215,10520
101.64666012327656,21.497308646752906,19.99999999999997,41561.0,0.5086256861686707,0.5086256861686707,5.665975093841553,5.665975093841553,10594
61.97129943102552,24.0706146225665,0.0,41559.0,0.5431390404701233,0.5431390404701233,6.116854190826416,6.116854190826416,11337
80.62368215446782,24.0706146225665,20.0,41551.0,0.5291014313697815,0.5291014313697815,6.100171089172363,6.100171089172363,11074
99.7280491773318,24.0706146225665,40.0,41599.0,0.5231091976165771,0.5231091976165771,6.098575592041016,6.098575592041016,10849
119.06002285503696,24.0706146225665,60.0,41605.0,0.5152615308761597,0.5152615308761597,5.980027675628662,5.980027675628662,10579
138.51574118999622,24.0706146225665,80.0,41573.0,0.517083466053009,0.517083466053009,5.914981842041016,5.914981842041016,10372
158.03873945695346,24.0706146225665,100.0,41563.0,0.5090844035148621,0.5090844035148621,5.648974895477295,5.648974895477295,10216
177.5929267667219,24.0706146225665,120.0,41553.0,0.4949128031730652,0.4949128031730652,5.336607933044434,5.336607933044434,10059
162.8496334038705,24.0706146225665,140.0,41553.0,0.4973455667495727,0.4973455667495727,5.311852931976318,5.311852931976318,10076
143.31607425813212,24.0706146225665,160.0,41559.0,0.4947905838489532,0.4947905838489532,5.335422515869141,5.335422515869141,10056
123.83963403440164,24.0706146225665,180.0,41559.0,0.4798715710639953,0.4798715710639953,5.275766372680664,5.275766372680664,10077
104.4700970306682,24.0706146225665,160.0,41551.0,0.4764258861541748,0.4764258861541748,5.390312194824219,5.390312194824219,10086
85.2955801894574,24.0706146225665,140.0,41599.0,0.4858414828777313,0.4858414828777313,5.640711307525635,5.640711307525635,10270
66.49874969819986,24.0706146225665,120.0,41605.0,0.5078452229499817,0.5078452229499817,5.918110370635986,5.918110370635986,10686
48.53356235311601,24.0706146225665,100.0,41573.0,0.5340032577514648,0.5340032577514648,6.115394115447998,6.115394115447998,11145
32.809116080716684,24.0706146225665,80.00000000000001,41563.0,0.5780823826789856,0.5780823826789856,6.433401584625244,6.433401584625244,11736
24.194266615035765,24.0706146225665,59.99999999999993,41553.0,0.6121081709861755,0.6121081709861755,6.682183742523193,6.682183742523193,12107
29.70622910378373,24.0706146225665,40.00000000000003,41553.0,0.5979862809181213,0.5979862809181213,6.498315334320068,6.498315334320068,12036
44.3578863915232,24.0706146225665,20.0,41559.0,0.5676339864730835,0.5676339864730835,6.246833801269531,6.246833801269531,11684
165.3534037574314,26.40767726998659,0.0,41555.0,0.527592658996582,0.527592658996582,5.758669853210449,5.758669853210449,10867
145.90868607674747,26.40767726998657,20.0,41571.0,0.5098112225532532,0.5098112225532532,5.6452717781066895,5.6452717781066895,10864
126.526404686134,26.40767726998659,40.0,41563.0,0.5024014711380005,0.5024014711380005,5.670312881469727,5.670312881469727,11010
107.26219898574344,26.40767726998657,60.0,41553.0,0.5146308541297913,0.5146308541297913,5.916407108306885,5.916407108306885,11050
88.21195294199936,26.40767726998657,80.0,41531.0,0.5263881087303162,0.5263881087303162,6.054392814636231,6.054392814636231,11193
69.568151308531,26.40767726998657,100.0,41521.0,0.5298581123352051,0.5298581123352051,6.02950382232666,6.02950382232666,11350
51.78712021534253,26.40767726998657,120.0,41537.0,0.5496506690979004,0.5496506690979004,6.106039524078369,6.106039524078369,11524
36.17929873024031,26.40767726998657,140.0,41545.0,0.5824390649795532,0.5824390649795532,6.336720943450928,6.336720943450928,11843
26.86011528379624,26.40767726998657,160.0,41547.0,0.6122276186943054,0.6122276186943054,6.585471153259277,6.585471153259277,12133
30.327190029602058,26.40767726998659,180.0,41555.0,0.6106275320053101,0.6106275320053101,6.569018363952637,6.569018363952637,11970
43.631094920880095,26.40767726998657,160.0,41571.0,0.5849708318710327,0.5849708318710327,6.354539394378662,6.354539394378662,11629
60.603840612779166,26.40767726998659,140.00000000000003,41563.0,0.5667773485183716,0.5667773485183716,6.223246574401856,6.223246574401856,11195
78.90729191895001,26.40767726998657,120.0,41553.0,0.54453045129776,0.54453045129776,6.049504280090332,6.049504280090332,10926
97.7904289202099,26.40767726998657,100.0,41531.0,0.5284954905509949,0.5284954905509949,5.941064357757568,5.941064357757568,10712
116.96465872570012,26.40767726998657,80.00000000000004,41521.0,0.5287007689476013,0.5287007689476013,6.008805274963379,6.008805274963379,10720
136.29715688460806,26.40767726998657,60.0,41537.0,0.5352963209152222,0.5352963209152222,6.074856281280518,6.074856281280518,10834
155.7164621123397,26.40767726998657,40.00000000000003,41545.0,0.5317586064338684,0.5317586064338684,5.925264835357666,5.925264835357666,10817
175.17761318135254,26.40767726998657,20.0,41547.0,0.5370112657546997,0.5370112657546997,5.868897438049316,5.868897438049316,10888
39.4156416834694,28.566720453757878,0.0,41569.0,0.5874218940734863,0.5874218940734863,6.496124744415283,6.496124744415283,11869
29.501554585875287,28.566720453757878,20.0,41571.0,0.6085677742958069,0.6085677742958069,6.618675708770752,6.618675708770752,11997
31.151051226752937,28.566720453757878,40.0,41563.0,0.5963911414146423,0.5963911414146423,6.500202655792236,6.500202655792236,11855
43.05438537025256,28.566720453757878,60.0,41551.0,0.5686766505241394,0.5686766505241394,6.346576690673828,6.346576690673828,11451
59.32752204854462,28.566720453757878,80.0,41551.0,0.5295466780662537,0.5295466780662537,6.087457180023193,6.087457180023193,10896
77.25086638585917,28.566720453757878,100.0,41533.0,0.510608971118927,0.510608971118927,6.028930187225342,6.028930187225342,10423
95.89604142608954,28.56672045375789,120.0,41577.0,0.5053925514221191,0.5053925514221191,6.022617340087891,6.022617340087891,10129
114.90292204335977,28.566720453757878,140.0,41559.0,0.4973576366901397,0.4973576366901397,5.8630571365356445,5.8630571365356445,10069
134.10643018572264,28.566720453757878,160.0,41567.0,0.4952006340026855,0.4952006340026855,5.762989044189453,5.762989044189453,9963
153.41858055162268,28.566720453757878,180.0,41569.0,0.496094286441803,0.496094286441803,5.652255058288574,5.652255058288574,9967
172.78482215192625,28.566720453757878,160.0,41571.0,0.4972574114799499,0.4972574114799499,5.484147548675537,5.484147548675537,9900
167.83522701330372,28.56672045375789,140.0,41563.0,0.487957090139389,0.487957090139389,5.237060070037842,5.237060070037842,9880
148.47862146119095,28.566720453757878,120.0,41551.0,0.488142728805542,0.488142728805542,5.220310688018799,5.220310688018799,10036
129.18814594577583,28.566720453757878,100.0,41551.0,0.48849618434906,0.48849618434906,5.258663654327393,5.258663654327393,10138
110.02449311305038,28.56672045375789,80.00000000000001,41533.0,0.49354287981987,0.49354287981987,5.41938591003418,5.41938591003418,10248
91.08956313868352,28.566720453757878,59.99999999999999,41577.0,0.5079832673072815,0.5079832673072815,5.698280811309815,5.698280811309815,10459
72.58185708031495,28.566720453757878,40.0,41559.0,0.5374596118927002,0.5374596118927002,6.107508182525635,6.107508182525635,10868
54.952576028247805,28.566720453757878,20.0,41567.0,0.5653027892112732,0.5653027892112732,6.383111000061035,6.383111000061035,11343
112.87613933361676,30.585641738071622,0.0,41625.0,0.5219364762306213,0.5219364762306213,6.014048099517822,6.014048099517822,11086
131.94442673173185,30.585641738071622,20.0,41585.0,0.50693678855896,0.50693678855896,5.807399749755859,5.807399749755859,10824
151.1456414015983,30.585641738071637,40.0,41595.0,0.4881893694400787,0.4881893694400787,5.491518974304199,5.491518974304199,10533
170.4148465261256,30.585641738071622,60.0,41533.0,0.4852368235588074,0.4852368235588074,5.327125072479248,5.327125072479248,10238
170.29505235643992,30.585641738071622,80.0,41527.0,0.4761526584625244,0.4761526584625244,5.16968297958374,5.16968297958374,10155
151.02611346563071,30.585641738071608,100.0,41529.0,0.4822016656398773,0.4822016656398773,5.281332015991211,5.281332015991211,10345
131.82549679152137,30.585641738071622,120.0,41587.0,0.4928745031356811,0.4928745031356811,5.53102445602417,5.53102445602417,10442
112.7583059097823,30.585641738071622,140.0,41579.0,0.4948569536209106,0.4948569536209106,5.699012756347656,5.699012756347656,10473
93.93108529353782,30.585641738071622,160.0,41555.0,0.4994143843650818,0.4994143843650818,5.849435806274414,5.849435806274414,10617
75.54557328474216,30.585641738071637,180.0,41625.0,0.4922229945659637,0.4922229945659637,5.739200592041016,5.739200592041016,10643
58.04324368018381,30.585641738071622,160.0,41585.0,0.5199841260910034,0.5199841260910034,5.972764015197754,5.972764015197754,11004
42.54734785319735,30.585641738071622,140.0,41595.0,0.5569473505020142,0.5569473505020142,6.267072677612305,6.267072677612305,11452
32.122973454456435,30.585641738071637,120.0,41533.0,0.5864167213439941,0.5864167213439941,6.45850133895874,6.45850133895874,11779
32.16069929246492,30.585641738071622,100.0,41527.0,0.5961608290672302,0.5961608290672302,6.486420154571533,6.486420154571533,11937
42.63274378388861,30.585641738071637,80.00000000000004,41529.0,0.5834372639656067,0.5834372639656067,6.33092212677002,6.33092212677002,11879
58.147541857532445,30.585641738071622,59.99999999999999,41587.0,0.5718175172805786,0.5718175172805786,6.277341365814209,6.277341365814209,11533
75.65770796242073,30.585641738071622,40.00000000000003,41579.0,0.5561689734458923,0.5561689734458923,6.231943130493164,6.231943130493164,11382
94.04694905710971,30.585641738071622,19.99999999999997,41555.0,0.5400254130363464,0.5400254130363464,6.166731834411621,6.166731834411621,11181
115.46478951102212,32.4907411670663,0.0,41599.0,0.514428436756134,0.514428436756134,5.689682960510254,5.689682960510254,10880
96.73881174401498,32.4907411670663,20.0,41561.0,0.5198953747749329,0.5198953747749329,5.817825794219971,5.817825794219971,10990
78.46401594149897,32.49074116706629,40.0,41629.0,0.5370430946350098,0.5370430946350098,6.00930643081665,6.00930643081665,11235
61.06940651490917,32.4907411670663,60.0,41619.0,0.561249852180481,0.561249852180481,6.205411434173584,6.205411434173584,11474
45.59469869908704,32.4907411670663,80.0,41571.0,0.5766972303390503,0.5766972303390503,6.272752285003662,6.272752285003662,11867
34.72737044778649,32.4907411670663,100.0,41561.0,0.5817130208015442,0.5817130208015442,6.271539688110352,6.271539688110352,11856
33.33777115078513,32.4907411670663,120.0,41569.0,0.5783225297927856,0.5783225297927856,6.281455993652344,6.281455993652344,11710
42.36968132916351,32.49074116706629,140.0,41589.0,0.5619133710861206,0.5619133710861206,6.199898719787598,6.199898719787598,11390
57.06905771272646,32.4907411670663,160.0,41571.0,0.5449844598770142,0.5449844598770142,6.118219375610352,6.118219375610352,10985
74.13125160012257,32.4907411670663,180.0,41599.0,0.5406253933906555,0.5406253933906555,6.151870250701904,6.151870250701904,10600
92.24532373216516,32.4907411670663,160.0,41561.0,0.5265430212020874,0.5265430212020874,6.0340118408203125,6.0340118408203125,10507
110.8857146493996,32.49074116706629,140.0,41629.0,0.5230907797813416,0.5230907797813416,6.015065670013428,6.015065670013428,10458
129.81206858874216,32.4907411670663,120.0,41619.0,0.5190137624740601,0.5190137624740601,5.963672637939453,5.963672637939453,10488
148.89823621915212,32.49074116706629,100.0,41571.0,0.5324172377586365,0.5324172377586365,6.047945022583008,6.047945022583008,10581
168.0680201360688,32.4907411670663,80.00000000000003,41561.0,0.5426329374313354,0.5426329374313354,5.992342472076416,5.992342472076416,10571
172.73278442045026,32.4907411670663,60.0,41569.0,0.5407121181488037,0.5407121181488037,5.8522629737854,5.8522629737854,10669
153.5513363846888,32.4907411670663,40.00000000000003,41589.0,0.5346103310585022,0.5346103310585022,5.78197717666626,5.78197717666626,10789
134.43900302275483,32.4907411670663,20.0,41571.0,0.526920735836029,0.526920735836029,5.761914253234863,5.761914253234863,10930
42.26702988406602,34.30115275679156,0.0,41611.0,0.571611225605011,0.571611225605011,6.309248447418213,6.309248447418213,11671
56.09709071066602,34.30115275679156,20.0,41565.0,0.5400885343551636,0.5400885343551636,6.08919620513916,6.08919620513916,11339
72.67504772977333,34.30115275679156,40.0,41557.0,0.524857223033905,0.524857223033905,6.072863578796387,6.072863578796387,10966
90.49344611492732,34.30115275679156,60.0,41529.0,0.5232044458389282,0.5232044458389282,6.169002056121826,6.169002056121826,10746
108.93313119919463,34.30115275679156,80.0,41577.0,0.5188384652137756,0.5188384652137756,6.128581523895264,6.128581523895264,10487
127.71033567224195,34.30115275679157,100.0,41533.0,0.5219946503639221,0.5219946503639221,6.069866180419922,6.069866180419922,10279
146.67700222882877,34.30115275679156,120.0,41493.0,0.5205572247505188,0.5205572247505188,5.891544818878174,5.891544818878174,10129
165.74471767256912,34.30115275679156,140.0,41573.0,0.5139104723930359,0.5139104723930359,5.634661674499512,5.634661674499512,10108
175.1482846644202,34.30115275679156,160.0,41529.0,0.5139776468276978,0.5139776468276978,5.499135494232178,5.499135494232178,10028
156.0544094165491,34.30115275679156,180.0,41611.0,0.4962141811847687,0.4962141811847687,5.255231857299805,5.255231857299805,9903
137.029125976043,34.30115275679156,160.0,41565.0,0.4802664220333099,0.4802664220333099,5.129283905029297,5.129283905029297,9804
118.1449434862772,34.30115275679156,140.0,41557.0,0.4682133495807647,0.4682133495807647,5.113982677459717,5.113982677459717,9839
99.51471425310432,34.30115275679157,120.0,41529.0,0.4774783253669739,0.4774783253669739,5.362118244171143,5.362118244171143,9985
81.3411180689146,34.30115275679157,100.0,41577.0,0.498420387506485,0.498420387506485,5.734917163848877,5.734917163848877,10235
64.03916178913384,34.30115275679156,80.00000000000001,41533.0,0.5149323344230652,0.5149323344230652,5.937513828277588,5.937513828277588,10665
48.57234232164518,34.30115275679157,59.99999999999999,41493.0,0.5398659110069275,0.5398659110069275,6.119039058685303,6.119039058685303,11150
37.31685607744954,34.30115275679156,40.0,41573.0,0.5738949179649353,0.5738949179649353,6.370774269104004,6.370774269104004,11546
34.6637668517467,34.30115275679157,20.0,41529.0,0.5873516201972961,0.5873516201972961,6.456351280212402,6.456351280212402,11830
163.44535468504606,36.031311828424,0.0,41501.0,0.5320301651954651,0.5320301651954651,5.950602054595947,5.950602054595947,11085
177.54137250922648,36.03131182842399,20.0,41537.0,0.5315147042274475,0.5315147042274475,5.919331073760986,5.919331073760986,10964
158.53539981261042,36.031311828424,40.0,41597.0,0.499415785074234,0.499415785074234,5.598937034606934,5.598937034606934,10800
139.59624998103564,36.031311828424,60.0,41539.0,0.4839288592338562,0.4839288592338562,5.532168865203857,5.532168865203857,10819
120.79963303607234,36.031311828424,80.0,41539.0,0.4984132349491119,0.4984132349491119,5.804384231567383,5.804384231567383,11007
102.2604933141296,36.03131182842399,100.0,41549.0,0.5067823529243469,0.5067823529243469,5.941334247589111,5.941334247589111,11052
84.18018477515666,36.031311828424,120.0,41531.0,0.5146832466125488,0.5146832466125488,5.98896074295044,5.98896074295044,11080
66.95898799120924,36.031311828424,140.0,41517.0,0.5210480690002441,0.5210480690002441,5.932805061340332,5.932805061340332,11109
51.49118638132289,36.031311828424,160.0,41535.0,0.5461161136627197,0.5461161136627197,6.09774923324585,6.09774923324585,11468
39.89294996576557,36.031311828424,180.0,41501.0,0.585510790348053,0.585510790348053,6.418859004974365,6.418859004974365,11745
36.12088021853477,36.03131182842399,160.00000000000003,41537.0,0.5920463800430298,0.5920463800430298,6.414351940155029,6.414351940155029,11813
42.324819994535225,36.031311828424,140.00000000000003,41597.0,0.5866082906723022,0.5866082906723022,6.3319926261901855,6.3319926261901855,11715
55.236416603585646,36.03131182842399,120.0,41539.0,0.5710060000419617,0.5710060000419617,6.172206878662109,6.172206878662109,11533
71.29273965235477,36.031311828424,100.0,41539.0,0.5581638813018799,0.5581638813018799,6.0643744468688965,6.0643744468688965,11319
88.7937033063012,36.031311828424,80.00000000000003,41549.0,0.5380154848098755,0.5380154848098755,5.921417713165283,5.921417713165283,11057
107.0199526138168,36.03131182842399,60.0,41531.0,0.5324397087097168,0.5324397087097168,5.976841449737549,5.976841449737549,11033
125.64026712064503,36.031311828424,40.00000000000003,41517.0,0.5368422269821167,0.5368422269821167,6.095447540283203,6.095447540283203,11114
144.48262311653374,36.03131182842399,20.0,41535.0,0.527162492275238,0.527162492275238,5.986508846282959,5.986508846282959,11080
69.83413801821216,37.69242756908913,0.0,41567.0,0.5543916821479797,0.5543916821479797,6.255537509918213,6.255537509918213,11233
54.35955403864599,37.69242756908913,20.0,41571.0,0.5644952654838562,0.5644952654838562,6.241281032562256,6.241281032562256,11523
42.45676486096138,37.69242756908913,40.0,41577.0,0.5839717984199524,0.5839717984199524,6.360593795776367,6.360593795776367,11824
37.69253853354023,37.69242756908913,60.0,41531.0,0.5786375403404236,0.5786375403404236,6.286455631256104,6.286455631256104,11714
42.541256808516096,37.69242756908913,80.0,41565.0,0.5557738542556763,0.5557738542556763,6.16274356842041,6.16274356842041,11394
54.4914476216244,37.69242756908913,100.0,41527.0,0.5231322646141052,0.5231322646141052,5.975776195526123,5.975776195526123,10909
69.98803482102211,37.69242756908913,120.0,41519.0,0.5077187418937683,0.5077187418937683,5.943353176116943,5.943353176116943,10455
87.14858475065657,37.69242756908913,140.0,41587.0,0.5041820406913757,0.5041820406913757,5.958977699279785,5.958977699279785,10107
105.14782375031844,37.69242756908913,160.0,41579.0,0.4929738342761993,0.4929738342761993,5.769280433654785,5.769280433654785,10022
123.60296258407422,37.69242756908913,180.0,41567.0,0.4928509593009949,0.4928509593009949,5.743621826171875,5.743621826171875,9940
142.31582986225428,37.69242756908913,160.0,41571.0,0.4959774613380432,0.4959774613380432,5.751276969909668,5.751276969909668,10099
161.1703876917755,37.69242756908913,140.0,41577.0,0.5012085437774658,0.5012085437774658,5.688980579376221,5.688980579376221,10101
179.91182626069596,37.69242756908913,120.0,41531.0,0.4954796731472015,0.4954796731472015,5.444076061248779,5.444076061248779,10129
160.9943255812438,37.69242756908913,100.0,41565.0,0.5109300017356873,0.5109300017356873,5.551812171936035,5.551812171936035,10305
142.14068875350063,37.69242756908913,80.00000000000001,41527.0,0.5083152651786804,0.5083152651786804,5.520416259765625,5.520416259765625,10412
123.4296042651065,37.69242756908913,59.99999999999999,41519.0,0.5073462128639221,0.5073462128639221,5.548172950744629,5.548172950744629,10359
104.97761798481638,37.69242756908913,40.0,41587.0,0.5123746395111084,0.5123746395111084,5.688942909240723,5.688942909240723,10519
86.98401124613284,37.69242756908913,19.99999999999997,41579.0,0.5293005108833313,0.5293005108833313,5.959976196289063,5.959976196289063,10826
85.56067604673187,39.29341097915123,0.0,41613.0,0.528671383857727,0.528671383857727,5.990942478179932,5.990942478179932,11141
103.31847091830734,39.29341097915123,20.0,41515.0,0.516557514667511,0.516557514667511,5.902315139770508,5.902315139770508,11002
121.59958338634638,39.293410979151226,40.0,41605.0,0.5111944675445557,0.5111944675445557,5.833821773529053,5.833821773529053,10803
140.17740159296554,39.29341097915124,60.0,41539.0,0.4965323507785797,0.4965323507785797,5.585862159729004,5.585862159729004,10559
158.92031438555347,39.29341097915123,80.0,41549.0,0.4895849823951721,0.4895849823951721,5.383908748626709,5.383908748626709,10166
177.74061615617345,39.293410979151226,100.0,41555.0,0.4902556538581848,0.4902556538581848,5.288480281829834,5.288480281829834,10041
163.43115780292896,39.29341097915123,120.0,41521.0,0.496595561504364,0.496595561504364,5.318723678588867,5.318723678588867,10100
144.662690887114,39.29341097915123,140.0,41563.0,0.5060564875602722,0.5060564875602722,5.493935108184815,5.493935108184815,10145
126.03549706354173,39.29341097915123,160.0,41523.0,0.499920517206192,0.499920517206192,5.567121982574463,5.567121982574463,10111
107.6673583432001,39.29341097915123,180.0,41613.0,0.4903769195079803,0.4903769195079803,5.63119649887085,5.63119649887085,10062
89.75497382360265,39.29341097915123,160.00000000000003,41515.0,0.4810027480125427,0.4810027480125427,5.661509037017822,5.661509037017822,10110
72.66891894449141,39.293410979151226,140.0,41605.0,0.4912516176700592,0.4912516176700592,5.799381256103516,5.799381256103516,10441
57.18392379415854,39.293410979151226,120.0,41539.0,0.501920223236084,0.501920223236084,5.840218544006348,5.840218544006348,10808
45.00912499188482,39.29341097915123,100.0,41549.0,0.5448546409606934,0.5448546409606934,6.191230773925781,6.191230773925781,11290
39.36369262714214,39.293410979151226,80.00000000000001,41555.0,0.5584419369697571,0.5584419369697571,6.204183101654053,6.204183101654053,11510
42.91279753037318,39.29341097915123,59.99999999999999,41521.0,0.574019730091095,0.574019730091095,6.316291332244873,6.316291332244873,11719
53.86610964921156,39.293410979151226,40.00000000000003,41563.0,0.5620347261428833,0.5620347261428833,6.194857597351074,6.194857597351074,11551
68.76466959809026,39.29341097915123,20.0,41523.0,0.53717440366745,0.53717440366745,5.995362281799316,5.995362281799316,11284
147.16244457723877,40.84148579307969,0.0,41575.0,0.5343532562255859,0.5343532562255859,5.880422115325928,5.880422115325928,11266
128.61785601761474,40.84148579307969,20.0,41593.0,0.5270393490791321,0.5270393490791321,5.911191463470459,5.911191463470459,11292
110.33081213480467,40.8414857930797,40.0,41579.0,0.5169984102249146,0.5169984102249146,5.8560872077941895,5.8560872077941895,11246
92.4951012273344,40.84148579307969,60.0,41597.0,0.5214526057243347,0.5214526057243347,5.924207210540772,5.924207210540772,11230
75.4668956485516,40.84148579307969,80.0,41609.0,0.5354762077331543,0.5354762077331543,6.026012897491455,6.026012897491455,11357
59.96942151687009,40.84148579307969,100.0,41551.0,0.5472295880317688,0.5472295880317688,6.056737899780273,6.056737899780273,11476
47.55064466331739,40.84148579307969,120.0,41559.0,0.5645010471343994,0.5645010471343994,6.168354511260986,6.168354511260986,11569
41.12091885788264,40.84148579307969,140.0,41533.0,0.5695958733558655,0.5695958733558655,6.196139812469482,6.196139812469482,11541
43.43432103572646,40.84148579307969,160.0,41549.0,0.5689582824707031,0.5689582824707031,6.195228099822998,6.195228099822998,11319
53.36372092234456,40.84148579307969,180.0,41575.0,0.5621964931488037,0.5621964931488037,6.170358180999756,6.170358180999756,11170
67.6263672963194,40.84148579307969,160.0,41593.0,0.5557578802108765,0.5557578802108765,6.153024673461914,6.153024673461914,10962
84.03265034425816,40.8414857930797,140.0,41579.0,0.5543898940086365,0.5543898940086365,6.165475845336914,6.165475845336914,10862
101.53370140045948,40.8414857930797,120.0,41597.0,0.5294260382652283,0.5294260382652283,5.901730060577393,5.901730060577393,10690
119.63135351219616,40.84148579307969,100.0,41609.0,0.5294574499130249,0.5294574499130249,5.9464216232299805,5.9464216232299805,10648
138.0681664348357,40.84148579307969,80.00000000000003,41551.0,0.5366069674491882,0.5366069674491882,6.026440143585205,6.026440143585205,10917
156.6956739199404,40.8414857930797,60.0,41559.0,0.5587601065635681,0.5587601065635681,6.190639972686768,6.190639972686768,11024
175.41625663024095,40.84148579307969,40.00000000000003,41533.0,0.5665674209594727,0.5665674209594727,6.17475700378418,6.17475700378418,11129
165.8458226056028,40.84148579307969,20.0,41549.0,0.5635613799095154,0.5635613799095154,6.112358093261719,6.112358093261719,11191
42.95239411124069,42.34260545220717,0.0,41617.0,0.575605571269989,0.575605571269989,6.393474102020264,6.393474102020264,11656
44.09936941127925,42.34260545220717,20.0,41507.0,0.5753262639045715,0.5753262639045715,6.385573863983154,6.385573863983154,11587
52.98687943298194,42.34260545220717,40.0,41549.0,0.5570301413536072,0.5570301413536072,6.294504165649414,6.294504165649414,11395
66.57678962247981,42.34260545220717,60.0,41531.0,0.5293023586273193,0.5293023586273193,6.129481792449951,6.129481792449951,10932
82.56725700973317,42.34260545220717,80.0,41615.0,0.5063707232475281,0.5063707232475281,6.007762908935547,6.007762908935547,10452
99.79540212589744,42.34260545220717,100.0,41575.0,0.5084227919578552,0.5084227919578552,6.077678203582764,6.077678203582764,10165
117.69956036534278,42.34260545220717,120.0,41585.0,0.5109449028968811,0.5109449028968811,6.041923522949219,6.041923522949219,10064
135.98900234144415,42.34260545220717,140.0,41527.0,0.5134221315383911,0.5134221315383911,5.932209968566895,5.932209968566895,10026
154.49704726104486,42.34260545220717,160.0,41571.0,0.5141105651855469,0.5141105651855469,5.804144859313965,5.804144859313965,9951
173.11543644482887,42.34260545220716,180.0,41617.0,0.516377329826355,0.516377329826355,5.68726110458374,5.68726110458374,9869
168.23820284212331,42.34260545220717,160.0,41507.0,0.4918593168258667,0.4918593168258667,5.295356273651123,5.295356273651123,9815
149.64008168716472,42.34260545220717,140.0,41549.0,0.4760909676551819,0.4760909676551819,5.073307037353516,5.073307037353516,9811
131.17713968593037,42.34260545220717,120.0,41531.0,0.4758029580116272,0.4758029580116272,5.098690032958984,5.098690032958984,9875
112.96892680224224,42.34260545220717,100.0,41615.0,0.4806034862995147,0.4806034862995147,5.248520851135254,5.248520851135254,10030
95.20613089833388,42.34260545220717,80.00000000000001,41575.0,0.4998290240764618,0.4998290240764618,5.5831217765808105,5.5831217765808105,10160
78.23104195775126,42.34260545220717,59.99999999999993,41585.0,0.519697368144989,0.519697368144989,5.905519485473633,5.905519485473633,10501
62.72015827595914,42.34260545220717,40.0,41527.0,0.5386333465576172,0.5386333465576172,6.12804126739502,6.12804126739502,10955
50.08178189288544,42.34260545220717,19.99999999999997,41571.0,0.5584480166435242,0.5584480166435242,6.283205509185791,6.283205509185791,11376
133.94083787197957,43.80174644194376,0.0,41607.0,0.5100656747817993,0.5100656747817993,5.878209590911865,5.878209590911865,11007
152.3250575893171,43.80174644194376,20.0,41561.0,0.4906815886497497,0.4906815886497497,5.569614410400391,5.569614410400391,10741
170.8385359877976,43.80174644194376,40.0,41535.0,0.4828870296478271,0.4828870296478271,5.403315544128418,5.403315544128418,10415
170.60813950605726,43.80174644194376,60.0,41541.0,0.4671952426433563,0.4671952426433563,5.202914237976074,5.202914237976074,10246
152.09568124893417,43.80174644194376,80.0,41541.0,0.4594270288944244,0.4594270288944244,5.165465354919434,5.165465354919434,10297
133.713728512027,43.80174644194376,100.0,41571.0,0.482511818408966,0.482511818408966,5.54121208190918,5.54121208190918,10581
115.58251781121037,43.80174644194376,120.0,41527.0,0.5036311745643616,0.5036311745643616,5.89145565032959,5.89145565032959,10727
97.88955403656432,43.80174644194376,140.0,41589.0,0.5081651210784912,0.5081651210784912,5.9662275314331055,5.9662275314331055,10805
80.96385478033119,43.80174644194376,160.0,41599.0,0.5107537508010864,0.5107537508010864,5.936404705047607,5.936404705047607,10815
65.43946864324487,43.80174644194376,180.0,41607.0,0.5224223732948303,0.5224223732948303,5.979379177093506,5.979379177093506,11067
52.60287588787465,43.80174644194376,160.0,41561.0,0.5499072670936584,0.5499072670936584,6.1958417892456055,6.1958417892456055,11282
44.84779441362475,43.80174644194376,140.00000000000003,41535.0,0.5597431659698486,0.5597431659698486,6.225090026855469,6.225090026855469,11446
44.9004345319008,43.80174644194376,120.0,41541.0,0.5722417235374451,0.5722417235374451,6.288539409637451,6.288539409637451,11623
52.73736661409769,43.80174644194374,100.0,41541.0,0.5685825347900391,0.5685825347900391,6.191256046295166,6.191256046295166,11641
65.61948203133541,43.80174644194376,80.00000000000003,41571.0,0.5596320629119873,0.5596320629119873,6.104556560516357,6.104556560516357,11359
81.16730726353096,43.80174644194376,60.0,41527.0,0.5437141060829163,0.5437141060829163,6.004003524780273,6.004003524780273,11361
98.1055373430883,43.80174644194376,40.00000000000003,41589.0,0.5303067564964294,0.5303067564964294,5.976925373077393,5.976925373077393,11197
115.80555523616454,43.80174644194376,20.0,41599.0,0.5187055468559265,0.5187055468559265,5.948529243469238,5.948529243469238,11217
100.5466519394584,45.2231200360165,0.0,41423.0,0.5218560695648193,0.5218560695648193,5.770759105682373,5.770759105682373,10788
83.6674416030603,45.22312003601651,20.0,41559.0,0.5415017604827881,0.5415017604827881,5.978389263153076,5.978389263153076,11143
68.13008271979598,45.2231200360165,40.0,41511.0,0.5516231060028076,0.5516231060028076,6.050731182098389,6.050731182098389,11356
55.11417377271439,45.22312003601651,60.0,41579.0,0.5581971406936646,0.5581971406936646,6.063560962677002,6.063560962677002,11537
46.798154410706296,45.22312003601652,80.0,41539.0,0.5657059550285339,0.5657059550285339,6.154865264892578,6.154865264892578,11665
45.82926122367221,45.2231200360165,100.0,41455.0,0.5464878678321838,0.5464878678321838,6.03307580947876,6.03307580947876,11300
52.61607444513196,45.22312003601652,120.0,41545.0,0.5199881196022034,0.5199881196022034,5.85635232925415,5.85635232925415,10959
64.75781395704178,45.2231200360165,140.0,41549.0,0.4988165497779846,0.4988165497779846,5.709137439727783,5.709137439727783,10547
79.83565653000662,45.22312003601651,160.0,41545.0,0.5049319267272949,0.5049319267272949,5.838756084442139,5.838756084442139,10332
96.46614512892305,45.2231200360165,180.0,41423.0,0.5104446411132812,0.5104446411132812,5.899129390716553,5.899129390716553,10191
113.95075341061228,45.22312003601651,160.0,41559.0,0.5135484933853149,0.5135484933853149,5.922033786773682,5.922033786773682,10266
131.92465289030446,45.22312003601651,140.0,41511.0,0.5188666582107544,0.5188666582107544,6.013315200805664,6.013315200805664,10379
150.18037073506008,45.223120036016496,120.0,41579.0,0.5268813967704773,0.5268813967704773,6.062524318695068,6.062524318695068,10488
168.58597457415425,45.2231200360165,100.0,41539.0,0.5382763743400574,0.5382763743400574,6.051824569702148,6.051824569702148,10491
172.95543291732028,45.2231200360165,80.00000000000004,41455.0,0.5373101830482483,0.5373101830482483,5.9011054039001465,5.9011054039001465,10627
154.52927247601477,45.22312003601651,59.99999999999999,41545.0,0.5326042771339417,0.5326042771339417,5.807641983032227,5.807641983032227,10665
136.22793159241243,45.2231200360165,40.0,41549.0,0.5213305354118347,0.5213305354118347,5.690232276916504,5.690232276916504,10679
118.17228398128348,45.2231200360165,19.99999999999997,41545.0,0.5227729082107544,0.5227729082107544,5.743702411651611,5.743702411651611,10696
63.99491539012059,46.61032857502096,0.0,41577.0,0.5425768494606018,0.5425768494606018,6.101569175720215,6.101569175720215,11149
78.57518330666133,46.610328575020965,20.0,41621.0,0.5213924646377563,0.5213924646377563,5.9637956619262695,5.9637956619262695,10917
94.87933256382765,46.610328575020965,40.0,41567.0,0.5182002782821655,0.5182002782821655,6.010058403015137,6.010058403015137,10791
112.1366338447707,46.61032857502096,60.0,41613.0,0.5268794894218445,0.5268794894218445,6.135344982147217,6.135344982147217,10587
129.94147915238815,46.61032857502096,80.0,41553.0,0.522559642791748,0.522559642791748,5.997040748596191,5.997040748596191,10353
148.0636956303571,46.610328575020965,100.0,41559.0,0.520721971988678,0.520721971988678,5.817242622375488,5.817242622375488,10100
166.35821036509648,46.61032857502096,120.0,41619.0,0.5143350958824158,0.5143350958824158,5.567438125610352,5.567438125610352,10108
175.27984370534733,46.61032857502096,140.0,41557.0,0.5147700309753418,0.5147700309753418,5.460992336273193,5.460992336273193,10123
156.94083735296877,46.61032857502097,160.0,41645.0,0.5121322870254517,0.5121322870254517,5.435575485229492,5.435575485229492,9978
138.71999247878523,46.61032857502096,180.0,41577.0,0.4976601004600525,0.4976601004600525,5.354472160339356,5.354472160339356,9919
120.73882037568076,46.610328575020965,159.99999999999997,41621.0,0.4819658100605011,0.4819658100605011,5.329202651977539,5.329202651977539,9829
103.17852556940704,46.610328575020965,140.0,41567.0,0.4695306420326233,0.4695306420326233,5.345983982086182,5.345983982086182,9867
86.34358847695214,46.61032857502096,120.0,41613.0,0.4709327816963196,0.4709327816963196,5.488284587860107,5.488284587860107,10010
70.79425283031091,46.610328575020965,100.0,41553.0,0.4741503596305847,0.4741503596305847,5.520963191986084,5.520963191986084,10307
57.61584999454856,46.610328575020965,80.00000000000001,41559.0,0.494972676038742,0.494972676038742,5.667807579040527,5.667807579040527,10702
48.79571274807001,46.610328575020965,59.99999999999999,41619.0,0.5263484120368958,0.5263484120368958,5.918851852416992,5.918851852416992,11148
46.877141542872586,46.61032857502096,40.0,41557.0,0.5550480484962463,0.5550480484962463,6.16905689239502,6.16905689239502,11395
52.62296179452451,46.610328575020965,19.99999999999997,41645.0,0.5509834885597229,0.5509834885597229,6.126864433288574,6.126864433288574,11415
177.58109361434686,47.96648306198173,0.0,41451.0,0.5604995489120483,0.5604995489120483,6.234846115112305,6.234846115112305,11616
159.33031285739708,47.96648306198173,20.0,41569.0,0.5238030552864075,0.5238030552864075,5.896975994110107,5.896975994110107,11372
141.1900941610853,47.96648306198173,40.0,41537.0,0.5040760040283203,0.5040760040283203,5.812336921691895,5.812336921691895,11124
123.28262918733422,47.96648306198173,60.0,41533.0,0.4993948340415954,0.4993948340415954,5.856461048126221,5.856461048126221,11114
105.78611979537642,47.96648306198173,80.0,41545.0,0.4996582567691803,0.4996582567691803,5.862850189208984,5.862850189208984,11060
88.9938134786461,47.96648306198171,100.0,41531.0,0.5068637132644653,0.5068637132644653,5.87007474899292,5.87007474899292,11031
73.43384847823707,47.96648306198171,120.0,41517.0,0.51856929063797,0.51856929063797,5.881527423858643,5.881527423858643,11130
60.10802063523189,47.96648306198173,140.0,41531.0,0.5356636643409729,0.5356636643409729,5.966650485992432,5.966650485992432,11202
50.83375881200039,47.96648306198171,160.0,41569.0,0.5622303485870361,0.5622303485870361,6.189716339111328,6.189716339111328,11369
48.0351807115009,47.96648306198173,180.0,41451.0,0.5711368322372437,0.5711368322372437,6.258646965026856,6.258646965026856,11469
52.75704369704394,47.96648306198173,160.0,41569.0,0.5630367398262024,0.5630367398262024,6.14292573928833,6.14292573928833,11418
63.333611770754906,47.96648306198173,140.00000000000003,41537.0,0.5661724805831909,0.5661724805831909,6.148061275482178,6.148061275482178,11225
77.38876445125176,47.96648306198173,120.00000000000004,41533.0,0.5631046891212463,0.5631046891212463,6.119918346405029,6.119918346405029,11217
93.34726940044304,47.96648306198173,100.0,41545.0,0.5424163341522217,0.5424163341522217,5.899561405181885,5.899561405181885,10924
110.36473832236264,47.96648306198173,80.00000000000004,41531.0,0.5409221649169922,0.5409221649169922,5.946054458618164,5.946054458618164,10949
127.99240074591764,47.96648306198173,60.0,41517.0,0.5507750511169434,0.5507750511169434,6.135225772857666,6.135225772857666,11232
145.9757847588296,47.96648306198173,40.00000000000003,41531.0,0.5509243607521057,0.5509243607521057,6.157948970794678,6.157948970794678,11410
164.15574036789724,47.96648306198173,20.0,41569.0,0.5601646304130554,0.5601646304130554,6.217036724090576,6.217036724090576,11476
62.590754112345046,49.29429316895856,0.0,41577.0,0.5525003671646118,0.5525003671646118,6.243156909942627,6.243156909942627,11246
52.90648946755618,49.29429316895856,20.0,41615.0,0.5705146193504333,0.5705146193504333,6.344786167144775,6.344786167144775,11613
49.29452246671757,49.29429316895855,40.0,41537.0,0.5679640173912048,0.5679640173912048,6.276159763336182,6.276159763336182,11453
53.01641460543523,49.29429316895856,60.0,41595.0,0.5430849194526672,0.5430849194526672,6.089010715484619,6.089010715484619,11241
62.77635961957081,49.29429316895856,80.0,41549.0,0.5198293924331665,0.5198293924331665,5.998376846313477,5.998376846313477,10740
76.27924690911918,49.29429316895856,100.0,41571.0,0.4946640133857727,0.4946640133857727,5.851096153259277,5.851096153259277,10257
91.87218005716582,49.29429316895857,120.0,41565.0,0.4868447780609131,0.4868447780609131,5.800969123840332,5.800969123840332,9998
108.63667000584084,49.29429316895856,140.0,41585.0,0.4897945821285248,0.4897945821285248,5.760679721832275,5.760679721832275,9955
126.07855434197678,49.29429316895856,160.0,41549.0,0.4948683083057403,0.4948683083057403,5.733143329620361,5.733143329620361,9897
143.91743458312018,49.29429316895856,180.0,41577.0,0.4956497251987457,0.4956497251987457,5.708962440490723,5.708962440490723,9826
161.97910050126274,49.29429316895856,160.0,41615.0,0.4892224073410034,0.4892224073410034,5.550950050354004,5.550950050354004,9874
179.85886615265036,49.29429316895855,140.0,41537.0,0.4934383034706116,0.4934383034706116,5.472968578338623,5.472968578338623,9919
161.69759286134024,49.29429316895857,120.0,41595.0,0.500254213809967,0.500254213809967,5.484438896179199,5.484438896179199,10084
143.6383633524159,49.29429316895856,100.0,41549.0,0.5033138394355774,0.5033138394355774,5.496612071990967,5.496612071990967,10212
125.804128969151,49.29429316895856,80.00000000000001,41571.0,0.5098642110824585,0.5098642110824585,5.609997272491455,5.609997272491455,10243
108.37024340470091,49.29429316895856,59.99999999999999,41565.0,0.5162296295166016,0.5162296295166016,5.7523193359375,5.7523193359375,10409
91.61940920365234,49.29429316895856,40.0,41585.0,0.5259213447570801,0.5259213447570801,5.9476704597473145,5.9476704597473145,10584
76.05042861808253,49.29429316895856,20.0,41549.0,0.5434771776199341,0.5434771776199341,6.186631202697754,6.186631202697754,10982
106.95409128591548,50.59613717501352,0.0,41561.0,0.5098546147346497,0.5098546147346497,5.794443607330322,5.794443607330322,10986
124.20112921459756,50.59613717501353,20.0,41541.0,0.491065502166748,0.491065502166748,5.569201946258545,5.569201946258545,10758
141.88948592825244,50.59613717501352,40.0,41525.0,0.4701642692089081,0.4701642692089081,5.281626224517822,5.281626224517822,10508
159.82886571077486,50.59613717501352,60.0,41583.0,0.4615412056446075,0.4615412056446075,5.083791255950928,5.083791255950928,10119
177.88719289387325,50.59613717501352,80.0,41549.0,0.4697214066982269,0.4697214066982269,5.100499629974365,5.100499629974365,9999
164.04252975266115,50.59613717501352,100.0,41519.0,0.4754105508327484,0.4754105508327484,5.155258655548096,5.155258655548096,10048
146.0648741763238,50.59613717501352,120.0,41575.0,0.4864325225353241,0.4864325225353241,5.351731777191162,5.351731777191162,10153
128.30366248731073,50.59613717501352,140.0,41555.0,0.5043441653251648,0.5043441653251648,5.691034317016602,5.691034317016602,10219
110.93158572542966,50.59613717501352,160.0,41545.0,0.5051131844520569,0.5051131844520569,5.825191020965576,5.825191020965576,10310
94.22147686854846,50.59613717501352,180.0,41561.0,0.4939073026180267,0.4939073026180267,5.787755966186523,5.787755966186523,10317
78.64529741972662,50.59613717501353,160.0,41541.0,0.4901685118675232,0.4901685118675232,5.752117156982422,5.752117156982422,10416
65.06407927621433,50.59613717501352,140.0,41525.0,0.4999713599681854,0.4999713599681854,5.839488506317139,5.839488506317139,10569
55.00887991785832,50.59613717501352,120.0,41583.0,0.5167332291603088,0.5167332291603088,5.941793441772461,5.941793441772461,10957
50.64652844656164,50.59613717501352,100.0,41549.0,0.5453718900680542,0.5453718900680542,6.15424108505249,6.15424108505249,11297
53.398303834333504,50.59613717501352,80.00000000000003,41519.0,0.5586040019989014,0.5586040019989014,6.201375961303711,6.201375961303711,11537
62.32518566401384,50.59613717501352,60.0,41575.0,0.5632583498954773,0.5632583498954773,6.2351789474487305,6.2351789474487305,11520
75.24941605693613,50.59613717501352,40.00000000000003,41555.0,0.5481771230697632,0.5481771230697632,6.1017165184021,6.1017165184021,11389
90.4563337793446,50.59613717501353,20.0,41545.0,0.5269794464111328,0.5269794464111328,5.92344331741333,5.92344331741333,11142
130.78150342269984,51.8741170478736,0.0,41567.0,0.5462116599082947,0.5462116599082947,5.99602746963501,5.99602746963501,11245
113.47073051009689,51.8741170478736,20.0,41539.0,0.5298577547073364,0.5298577547073364,5.850818634033203,5.850818634033203,11248
96.80095391733111,51.874117047873575,40.0,41569.0,0.5249815583229065,0.5249815583229065,5.811179161071777,5.811179161071777,11203
81.21954782190471,51.87411704787358,60.0,41583.0,0.539704442024231,0.539704442024231,5.969796180725098,5.969796180725098,11281
67.52799159970239,51.87411704787358,80.0,41567.0,0.5541881322860718,0.5541881322860718,6.105101108551025,6.105101108551025,11490
57.136570010953726,51.874117047873575,100.0,41537.0,0.5560385584831238,0.5560385584831238,6.099208831787109,6.099208831787109,11497
52.08291175884416,51.87411704787358,120.0,41631.0,0.5545470714569092,0.5545470714569092,6.100115776062012,6.100115776062012,11330
53.89915884344848,51.87411704787358,140.0,41537.0,0.5307105779647827,0.5307105779647827,5.87338399887085,5.87338399887085,10998
61.98163238118317,51.8741170478736,160.0,41541.0,0.5264299511909485,0.5264299511909485,5.891241073608398,5.891241073608398,10738
74.3019610204608,51.8741170478736,180.0,41567.0,0.5307230949401855,0.5307230949401855,5.974195957183838,5.974195957183838,10610
89.10203283187258,51.8741170478736,160.0,41539.0,0.5410067439079285,0.5410067439079285,6.12218189239502,6.12218189239502,10494
105.31872082988036,51.874117047873575,140.0,41569.0,0.5359626412391663,0.5359626412391663,6.064690589904785,6.064690589904785,10527
122.3613669798018,51.8741170478736,120.0,41583.0,0.5224530696868896,0.5224530696868896,5.919693470001221,5.919693470001221,10546
139.8928242970402,51.87411704787358,100.0,41567.0,0.5280605554580688,0.5280605554580688,5.9930100440979,5.9930100440979,10652
157.7056501187401,51.87411704787358,80.00000000000003,41537.0,0.5477727651596069,0.5477727651596069,6.137442588806152,6.137442588806152,10826
175.65747506595804,51.8741170478736,60.0,41631.0,0.5610268115997314,0.5610268115997314,6.160175323486328,6.160175323486328,10864
166.36493581148486,51.87411704787358,40.00000000000003,41537.0,0.568147599697113,0.568147599697113,6.1780219078063965,6.1780219078063965,11083
148.4696513403591,51.87411704787358,20.0,41541.0,0.5550227761268616,0.5550227761268616,6.041355133056641,6.041355133056641,11243
54.51475004567605,53.13010235415599,0.0,41561.0,0.5559746026992798,0.5559746026992798,6.260141849517822,6.260141849517822,11315
61.74671281727365,53.130102354156,20.0,41611.0,0.5396002531051636,0.5396002531051636,6.123398303985596,6.123398303985596,11216
73.43943752600586,53.13010235415599,40.0,41537.0,0.525095522403717,0.525095522403717,6.069990634918213,6.069990634918213,11009
87.8115986189768,53.13010235415599,60.0,41561.0,0.5225529074668884,0.5225529074668884,6.159231185913086,6.159231185913086,10713
103.73232972653426,53.13010235415599,80.0,41603.0,0.5189250707626343,0.5189250707626343,6.1626505851745605,6.1626505851745605,10406
120.56056100161514,53.13010235415599,100.0,41581.0,0.5219944715499878,0.5219944715499878,6.107504844665527,6.107504844665527,10203
137.92838009155426,53.13010235415599,120.0,41551.0,0.5208631753921509,0.5208631753921509,5.922589302062988,5.922589302062988,10089
155.61010719226746,53.130102354156,140.0,41555.0,0.5272916555404663,0.5272916555404663,5.836669921875,5.836669921875,10089
173.4524089354766,53.13010235415599,160.0,41609.0,0.5414531826972961,0.5414531826972961,5.866598129272461,5.866598129272461,10025
168.66458437228022,53.13010235415599,180.0,41561.0,0.5285149216651917,0.5285149216651917,5.645140171051025,5.645140171051025,9873
150.85267286639126,53.130102354156,160.0,41611.0,0.4977342188358307,0.4977342188358307,5.2936177253723145,5.2936177253723145,9755
133.23786210341962,53.13010235415599,140.0,41537.0,0.4810025691986084,0.4810025691986084,5.159370422363281,5.159370422363281,9734
115.98816758971658,53.13010235415599,120.0,41561.0,0.4700084924697876,0.4700084924697876,5.1201934814453125,5.1201934814453125,9821
99.35863654439352,53.13010235415599,100.0,41603.0,0.4765662848949432,0.4765662848949432,5.313516139984131,5.313516139984131,9876
83.77409592059087,53.13010235415599,80.00000000000001,41581.0,0.4834257960319519,0.4834257960319519,5.475388526916504,5.475388526916504,10199
69.98245795104188,53.13010235415599,59.99999999999993,41551.0,0.5028349161148071,0.5028349161148071,5.712332248687744,5.712332248687744,10603
59.28576570519238,53.13010235415599,40.0,41555.0,0.5288257598876953,0.5288257598876953,5.977912425994873,5.977912425994873,10867
53.59582867509687,53.13010235415599,19.99999999999997,41609.0,0.5529159307479858,0.5529159307479858,6.2240309715271,6.2240309715271,11151
153.54292991269588,54.36576564979476,0.0,41581.0,0.5129675269126892,0.5129675269126892,5.873791694641113,5.873791694641113,11230
171.27245989411006,54.36576564979476,20.0,41565.0,0.5034852027893066,0.5034852027893066,5.732916355133057,5.732916355133057,10910
170.94121079847923,54.36576564979476,40.0,41501.0,0.4844417572021484,0.4844417572021484,5.529708862304688,5.529708862304688,10597
153.21387243721003,54.36576564979476,60.0,41535.0,0.467422217130661,0.467422217130661,5.43248176574707,5.43248176574707,10523
135.67289041798264,54.36576564979477,80.0,41547.0,0.4595460891723633,0.4595460891723633,5.400405406951904,5.400405406951904,10591
118.48430269918126,54.36576564979476,100.0,41557.0,0.48213791847229,0.48213791847229,5.687803745269775,5.687803745269775,10758
101.89519819974323,54.36576564979476,120.0,41555.0,0.4932853579521179,0.4932853579521179,5.788980484008789,5.788980484008789,10769
86.30970838681333,54.36576564979476,140.0,41553.0,0.5026823878288269,0.5026823878288269,5.814579486846924,5.814579486846924,10849
72.42742029997662,54.36576564979476,160.0,41537.0,0.5173917412757874,0.5173917412757874,5.869322776794434,5.869322776794434,11029
61.45315455757206,54.36576564979476,180.0,41581.0,0.5462154150009155,0.5462154150009155,6.140408515930176,6.140408515930176,11154
55.17793452332982,54.36576564979476,160.0,41565.0,0.555620551109314,0.555620551109314,6.194875717163086,6.194875717163086,11253
55.24028970173788,54.36576564979476,140.00000000000003,41501.0,0.567840576171875,0.567840576171875,6.266686916351318,6.266686916351318,11390
61.62087723281385,54.36576564979476,120.0,41535.0,0.5624598860740662,0.5624598860740662,6.144937515258789,6.144937515258789,11368
72.66422905727038,54.36576564979476,100.0,41547.0,0.5665364265441895,0.5665364265441895,6.14249849319458,6.14249849319458,11336
86.58735567154837,54.36576564979476,80.00000000000001,41557.0,0.555321216583252,0.555321216583252,6.03911828994751,6.03911828994751,11204
102.1967366255004,54.36576564979477,60.0,41555.0,0.5447512865066528,0.5447512865066528,6.00824499130249,6.00824499130249,11261
118.80005540859844,54.36576564979476,40.00000000000003,41553.0,0.5372685790061951,0.5372685790061951,6.0728607177734375,6.0728607177734375,11422
135.99712871233717,54.36576564979476,20.0,41537.0,0.5333468317985535,0.5333468317985535,6.121169090270996,6.121169090270996,11314
88.8270245188488,55.58261128955843,0.0,41539.0,0.541663408279419,0.541663408279419,6.035421371459961,6.035421371459961,10864
74.86279861096395,55.58261128955843,20.0,41595.0,0.5595661997795105,0.5595661997795105,6.204982280731201,6.204982280731201,11270
63.63583372848756,55.58261128955843,40.0,41571.0,0.5644710063934326,0.5644710063934326,6.197254180908203,6.197254180908203,11434
56.82241064503597,55.58261128955844,60.0,41545.0,0.563382089138031,0.563382089138031,6.183859348297119,6.183859348297119,11471
56.070557236133006,55.58261128955844,80.0,41555.0,0.536624014377594,0.536624014377594,5.992617607116699,5.992617607116699,11155
61.603993566272266,55.58261128955842,100.0,41563.0,0.5055640935897827,0.5055640935897827,5.773558616638184,5.773558616638184,10711
71.97850729591394,55.58261128955843,120.0,41549.0,0.4798876047134399,0.4798876047134399,5.592689514160156,5.592689514160156,10252
85.43161350024648,55.58261128955844,140.0,41575.0,0.4811763167381286,0.4811763167381286,5.641894340515137,5.641894340515137,10031
100.71380177203304,55.58261128955844,160.0,41571.0,0.4928508102893829,0.4928508102893829,5.730973243713379,5.730973243713379,9934
117.08124366087443,55.58261128955843,180.0,41539.0,0.5015038847923279,0.5015038847923279,5.779140472412109,5.779140472412109,9928
134.10009050459047,55.58261128955843,160.0,41595.0,0.5089676380157471,0.5089676380157471,5.894390106201172,5.894390106201172,10001
151.5048509285764,55.58261128955842,140.0,41571.0,0.5244792103767395,0.5244792103767395,6.07452392578125,6.07452392578125,10210
169.11813001047892,55.58261128955842,120.0,41545.0,0.5227756500244141,0.5227756500244141,5.959750175476074,5.959750175476074,10239
173.19451329353194,55.58261128955843,100.0,41555.0,0.5222030282020569,0.5222030282020569,5.843511581420898,5.843511581420898,10290
155.55314141000602,55.58261128955843,80.00000000000001,41563.0,0.5161757469177246,0.5161757469177246,5.740279674530029,5.740279674530029,10385
138.08668603232564,55.58261128955843,60.0,41549.0,0.513472318649292,0.513472318649292,5.7012939453125,5.7012939453125,10373
120.95946579296395,55.58261128955844,40.00000000000003,41575.0,0.5174989700317383,0.5174989700317383,5.744505882263184,5.744505882263184,10509
104.41120488944806,55.58261128955843,20.0,41571.0,0.5245202779769897,0.5245202779769897,5.845777988433838,5.845777988433838,10616
84.34664638400703,56.78199909408942,0.0,41603.0,0.5179453492164612,0.5179453492164612,5.783254146575928,5.783254146575928,11010
99.28541984577254,56.78199909408942,20.0,41515.0,0.5005525350570679,0.5005525350570679,5.624479293823242,5.624479293823242,10772
115.405566604683,56.78199909408942,40.0,41577.0,0.5046687126159668,0.5046687126159668,5.710748195648193,5.710748195648193,10691
132.2383305180386,56.78199909408942,60.0,41575.0,0.504565417766571,0.504565417766571,5.669501781463623,5.669501781463623,10482
149.4966426733341,56.78199909408943,80.0,41567.0,0.4975168406963348,0.4975168406963348,5.498795509338379,5.498795509338379,10204
166.98995794039874,56.78199909408941,100.0,41593.0,0.5040921568870544,0.5040921568870544,5.445652484893799,5.445652484893799,10142
175.42415356985268,56.78199909408942,120.0,41559.0,0.5102905035018921,0.5102905035018921,5.435298442840576,5.435298442840576,10064
157.8703305399999,56.78199909408941,140.0,41505.0,0.5108016133308411,0.5108016133308411,5.436023235321045,5.436023235321045,10025
140.47929601256638,56.78199909408941,160.0,41545.0,0.5052100419998169,0.5052100419998169,5.4748735427856445,5.4748735427856445,9905
123.4139181065238,56.78199909408943,180.0,41603.0,0.4891421794891357,0.4891421794891357,5.457407474517822,5.457407474517822,9889
106.90712789798098,56.78199909408942,160.0,41515.0,0.4666905403137207,0.4666905403137207,5.365490913391113,5.365490913391113,9789
91.32657411852207,56.78199909408942,140.0,41577.0,0.4672434628009796,0.4672434628009796,5.52085018157959,5.52085018157959,9842
77.28849310962343,56.78199909408943,120.0,41575.0,0.4564486145973205,0.4564486145973205,5.391305923461914,5.391305923461914,10086
65.8312489040651,56.78199909408941,100.0,41567.0,0.4799505472183227,0.4799505472183227,5.605398654937744,5.605398654937744,10448
58.522969140080654,56.78199909408942,80.00000000000001,41593.0,0.5084985494613647,0.5084985494613647,5.80711555480957,5.80711555480957,10776
57.00002388164775,56.78199909408943,59.99999999999999,41559.0,0.5312926769256592,0.5312926769256592,5.960671901702881,5.960671901702881,11171
61.6953429461986,56.78199909408942,40.0,41505.0,0.5408252477645874,0.5408252477645874,6.006000995635986,6.006000995635986,11279
71.38419300744404,56.78199909408943,20.0,41545.0,0.5347015857696533,0.5347015857696533,5.94199275970459,5.94199275970459,11264
160.1652514514651,57.965163955802446,0.0,41587.0,0.563907265663147,0.563907265663147,6.241343975067139,6.241343975067139,11802
142.85071993836218,57.965163955802446,20.0,41551.0,0.5328707695007324,0.5328707695007324,6.017952919006348,6.017952919006348,11594
125.84785816941124,57.96516395580246,40.0,41573.0,0.5182589292526245,0.5182589292526245,5.969154357910156,5.969154357910156,11448
109.38335442012485,57.965163955802446,60.0,41539.0,0.5062276721000671,0.5062276721000671,5.850285530090332,5.850285530090332,11328
93.80879208448408,57.96516395580243,80.0,41547.0,0.5205116868019104,0.5205116868019104,5.960101127624512,5.960101127624512,11258
79.7043860606389,57.96516395580246,100.0,41593.0,0.5243445038795471,0.5243445038795471,5.902730941772461,5.902730941772461,11271
68.03714259773652,57.96516395580246,120.0,41595.0,0.5350126624107361,0.5350126624107361,5.943558692932129,5.943558692932129,11252
60.27384142602076,57.96516395580243,140.0,41535.0,0.542573094367981,0.542573094367981,5.987367153167725,5.987367153167725,11051
58.02297072178084,57.965163955802446,160.0,41541.0,0.5535872578620911,0.5535872578620911,6.100244998931885,6.100244998931885,10926
61.89363058586802,57.965163955802446,180.0,41587.0,0.5493234395980835,0.5493234395980835,6.060080528259277,6.060080528259277,10883
70.88291867339444,57.965163955802446,160.00000000000003,41551.0,0.5422279238700867,0.5422279238700867,5.977409362792969,5.977409362792969,10807
83.33467124761061,57.96516395580246,140.00000000000003,41573.0,0.5428168177604675,0.5428168177604675,5.966130256652832,5.966130256652832,10743
97.91351152414752,57.96516395580246,120.00000000000004,41539.0,0.5349017977714539,0.5349017977714539,5.8664422035217285,5.8664422035217285,10723
113.77450994945794,57.96516395580243,100.0,41547.0,0.549585223197937,0.549585223197937,6.041430473327637,6.041430473327637,10708
130.41295804464855,57.96516395580246,80.00000000000001,41593.0,0.5601438283920288,0.5601438283920288,6.190860271453857,6.190860271453857,10944
147.51911742750525,57.96516395580243,59.99999999999999,41595.0,0.5708596110343933,0.5708596110343933,6.298511028289795,6.298511028289795,11227
164.88851887503552,57.96516395580243,40.00000000000003,41535.0,0.5834388732910156,0.5834388732910156,6.40205717086792,6.40205717086792,11478
177.6297573951428,57.96516395580246,20.0,41541.0,0.5906011462211609,0.5906011462211609,6.469936370849609,6.469936370849609,11695
62.0697556824222,59.13323220641848,0.0,41599.0,0.5495149493217468,0.5495149493217468,6.256381034851074,6.256381034851074,11250
59.133595693814776,59.13323220641848,20.0,41557.0,0.5572603344917297,0.5572603344917297,6.298611640930176,6.298611640930176,11287
62.19701145855603,59.13323220641849,40.0,41585.0,0.5457753539085388,0.5457753539085388,6.20186710357666,6.20186710357666,11159
70.47599424653535,59.13323220641849,60.0,41587.0,0.5297281742095947,0.5297281742095947,6.11875581741333,6.11875581741333,10905
82.3978238764508,59.13323220641848,80.0,41535.0,0.5050893425941467,0.5050893425941467,5.964311122894287,5.964311122894287,10445
96.60001370894204,59.13323220641849,100.0,41549.0,0.5002622604370117,0.5002622604370117,5.97157096862793,5.97157096862793,10004
112.18960110156166,59.13323220641848,120.0,41523.0,0.4856369495391845,0.4856369495391845,5.712250709533691,5.712250709533691,9946
128.62512589592598,59.13323220641849,140.0,41573.0,0.5106600522994995,0.5106600522994995,5.890486717224121,5.890486717224121,10060
145.57312730406164,59.13323220641848,160.0,41585.0,0.5234628319740295,0.5234628319740295,5.959847927093506,5.959847927093506,9897
162.8144245116195,59.13323220641848,180.0,41599.0,0.5187541246414185,0.5187541246414185,5.82442569732666,5.82442569732666,9758
179.8109150340345,59.13323220641848,160.0,41557.0,0.5053606033325195,0.5053606033325195,5.574081897735596,5.574081897735596,9656
162.43767788845608,59.13323220641848,140.0,41585.0,0.4934654831886291,0.4934654831886291,5.380808830261231,5.380808830261231,9772
145.20091257794417,59.13323220641848,120.0,41587.0,0.4978454113006592,0.4978454113006592,5.4184184074401855,5.4184184074401855,9853
128.26142693735122,59.13323220641849,100.0,41535.0,0.4996281266212463,0.4996281266212463,5.478904724121094,5.478904724121094,9944
111.8401964853052,59.13323220641849,80.00000000000001,41549.0,0.4997241795063019,0.4997241795063019,5.5464043617248535,5.5464043617248535,10084
96.27403040019315,59.13323220641848,59.99999999999999,41523.0,0.5098866820335388,0.5098866820335388,5.741425514221191,5.741425514221191,10252
82.11034316082676,59.13323220641849,40.0,41573.0,0.5212684869766235,0.5212684869766235,5.933638572692871,5.933638572692871,10530
70.25151042829238,59.13323220641848,19.99999999999997,41585.0,0.5362787842750549,0.5362787842750549,6.137849807739258,6.137849807739258,10849
126.8760293792422,60.287235379164,0.0,41553.0,0.4960493147373199,0.4960493147373199,5.709012985229492,5.709012985229492,10989
143.65956413386112,60.287235379164,20.0,41529.0,0.4774807393550873,0.4774807393550873,5.456472396850586,5.456472396850586,10668
160.76832303108424,60.287235379164,40.0,41531.0,0.4616498053073883,0.4616498053073883,5.189807415008545,5.189807415008545,10344
178.03281839820633,60.287235379164,60.0,41561.0,0.4554845690727234,0.4554845690727234,5.070671081542969,5.070671081542969,10137
164.68734677348613,60.287235379164,80.0,41547.0,0.4524804055690765,0.4524804055690765,5.034153461456299,5.034153461456299,10114
147.52978618468484,60.287235379164,100.0,41563.0,0.4748856723308563,0.4748856723308563,5.34529447555542,5.34529447555542,10240
130.65471218000033,60.287235379164,120.0,41563.0,0.4993650317192077,0.4993650317192077,5.697902679443359,5.697902679443359,10364
114.27789847741064,60.28723537916401,140.0,41595.0,0.5094577074050903,0.5094577074050903,5.88954496383667,5.88954496383667,10409
98.72256803638804,60.287235379164,160.0,41555.0,0.511952817440033,0.511952817440033,5.92735481262207,5.92735481262207,10502
84.50621462596351,60.287235379164,180.0,41553.0,0.50832599401474,0.50832599401474,5.852227210998535,5.852227210998535,10650
72.47256413643821,60.287235379164,159.99999999999997,41529.0,0.5156209468841553,0.5156209468841553,5.924048900604248,5.924048900604248,10771
63.905907239185325,60.287235379164,140.0,41531.0,0.5241879820823669,0.5241879820823669,6.0038018226623535,6.0038018226623535,10913
60.32610669169619,60.287235379164,120.0,41561.0,0.537868857383728,0.537868857383728,6.105236053466797,6.105236053466797,11143
62.60312927718733,60.287235379164,100.0,41547.0,0.5615217685699463,0.5615217685699463,6.289869785308838,6.289869785308838,11365
70.16437740127648,60.287235379164,80.00000000000001,41563.0,0.5428400039672852,0.5428400039672852,6.007068634033203,6.007068634033203,11217
81.53813381803381,60.287235379164,59.99999999999999,41563.0,0.5485953688621521,0.5485953688621521,6.079775810241699,6.079775810241699,11221
95.34686837859228,60.28723537916401,40.00000000000003,41595.0,0.5296790599822998,0.5296790599822998,5.956067085266113,5.956067085266113,11232
110.65240528953906,60.287235379164,20.0,41555.0,0.5085517168045044,0.5085517168045044,5.799623966217041,5.799623966217041,11306
116.69664349183824,61.42812185769116,0.0,41555.0,0.5526952147483826,0.5526952147483826,6.02439022064209,6.02439022064209,11066
101.15461917055757,61.42812185769117,20.0,41565.0,0.5496573448181152,0.5496573448181152,5.986401557922363,5.986401557922363,11158
86.89183603147806,61.428121857691146,40.0,41531.0,0.5507072806358337,0.5507072806358337,6.0071539878845215,6.0071539878845215,11284
74.69870027006813,61.42812185769116,60.0,41549.0,0.5398368835449219,0.5398368835449219,5.887517929077148,5.887517929077148,11226
65.77792502268397,61.42812185769117,80.0,41555.0,0.5490075945854187,0.5490075945854187,6.038808345794678,6.038808345794678,11398
61.59479937041044,61.42812185769117,100.0,41619.0,0.5265690684318542,0.5265690684318542,5.847501277923584,5.847501277923584,11122
63.10916658035822,61.428121857691146,120.0,41583.0,0.5136266350746155,0.5136266350746155,5.796484470367432,5.796484470367432,10743
69.94864955582665,61.428121857691146,140.0,41543.0,0.4961102604866028,0.4961102604866028,5.657404899597168,5.657404899597168,10435
80.75749842292885,61.42812185769116,160.0,41557.0,0.5019360184669495,0.5019360184669495,5.767237186431885,5.767237186431885,10332
94.15601005945318,61.42812185769116,180.0,41555.0,0.5136762857437134,0.5136762857437134,5.891127586364746,5.891127586364746,10222
109.16452091841316,61.42812185769116,160.0,41565.0,0.5182591080665588,0.5182591080665588,5.9274067878723145,5.9274067878723145,10248
125.16690493068675,61.428121857691146,140.0,41531.0,0.531019389629364,0.531019389629364,6.10657262802124,6.10657262802124,10193
141.7793592267169,61.42812185769117,120.0,41549.0,0.524495542049408,0.524495542049408,6.052845478057861,6.052845478057861,10304
158.75089906653835,61.42812185769116,100.0,41555.0,0.5289607644081116,0.5289607644081116,6.057925701141357,6.057925701141357,10428
175.901922654076,61.42812185769116,80.00000000000001,41619.0,0.5342831015586853,0.5342831015586853,6.010791778564453,6.010791778564453,10435
166.91395909906475,61.428121857691146,59.99999999999999,41583.0,0.5418654680252075,0.5418654680252075,6.001851558685303,6.001851558685303,10540
149.83721246591514,61.428121857691146,40.0,41543.0,0.5524500012397766,0.5524500012397766,6.061880588531494,6.061880588531494,10806
133.02775223676545,61.42812185769117,19.99999999999997,41557.0,0.5491583943367004,0.5491583943367004,5.992129325866699,5.992129325866699,10960
69.82899875389595,62.55676679783542,0.0,41545.0,0.5318022966384888,0.5318022966384888,5.997757911682129,5.997757911682129,10948
80.05765657637258,62.55676679783542,20.0,41557.0,0.5194856524467468,0.5194856524467468,5.929248332977295,5.929248332977295,10814
93.02935194666784,62.556766797835415,40.0,41529.0,0.5138401985168457,0.5138401985168457,5.955833435058594,5.955833435058594,10705
107.72757409554016,62.556766797835415,60.0,41513.0,0.5279227495193481,0.5279227495193481,6.1631035804748535,6.1631035804748535,10486
123.49902836040938,62.55676679783542,80.0,41581.0,0.5278516411781311,0.5278516411781311,6.117786407470703,6.117786407470703,10278
139.93348298198305,62.556766797835415,100.0,41589.0,0.5286651849746704,0.5286651849746704,5.951749801635742,5.951749801635742,10115
156.7628736458508,62.556766797835415,120.0,41551.0,0.524237334728241,0.524237334728241,5.697775363922119,5.697775363922119,10103
173.79691212910018,62.55676679783542,140.0,41543.0,0.5320142507553101,0.5320142507553101,5.659881114959717,5.659881114959717,10214
169.11718067429427,62.55676679783542,160.0,41549.0,0.5344905257225037,0.5344905257225037,5.633081436157227,5.633081436157227,10065
152.12302426723983,62.55676679783542,180.0,41545.0,0.527299165725708,0.527299165725708,5.591756343841553,5.591756343841553,9974
135.3805392336516,62.55676679783542,160.0,41557.0,0.5031399726867676,0.5031399726867676,5.425048828125,5.425048828125,9812
119.09655872399291,62.556766797835415,140.0,41529.0,0.4738063514232635,0.4738063514232635,5.221023082733154,5.221023082733154,9786
103.57034003789524,62.556766797835415,120.0,41513.0,0.4636659920215606,0.4636659920215606,5.226031303405762,5.226031303405762,9691
89.26702895337658,62.55676679783542,100.0,41581.0,0.4564704298973083,0.4564704298973083,5.215002059936523,5.215002059936523,9896
76.92847362660956,62.556766797835415,80.00000000000001,41589.0,0.4739541113376617,0.4739541113376617,5.405792713165283,5.405792713165283,10188
67.68183635550758,62.556766797835415,59.99999999999999,41551.0,0.495380163192749,0.495380163192749,5.584846019744873,5.584846019744873,10537
62.934119474932494,62.55676679783542,40.0,41543.0,0.5157039165496826,0.5157039165496826,5.774706840515137,5.774706840515137,10800
63.71190322428112,62.55676679783542,20.0,41549.0,0.5372470617294312,0.5372470617294312,6.027639865875244,6.027639865875244,10921
171.71833567916372,63.67398062787612,0.0,41609.0,0.5396888256072998,0.5396888256072998,6.114816188812256,6.114816188812256,11699
171.29664274648883,63.67398062787609,20.0,41549.0,0.5073688626289368,0.5073688626289368,5.7953619956970215,5.7953619956970215,11304
154.38701700944245,63.673980627876105,40.0,41547.0,0.4909384846687317,0.4909384846687317,5.752252578735352,5.752252578735352,11074
137.71302183845162,63.673980627876105,60.0,41595.0,0.4756180047988891,0.4756180047988891,5.657931327819824,5.657931327819824,10952
121.47772004633217,63.673980627876105,80.0,41559.0,0.4756662547588348,0.4756662547588348,5.665788650512695,5.665788650512695,10952
105.96983466146617,63.67398062787612,100.0,41537.0,0.4952860176563263,0.4952860176563263,5.798929691314697,5.798929691314697,10940
91.6316014454257,63.673980627876105,120.0,41591.0,0.5056927800178528,0.5056927800178528,5.815252780914307,5.815252780914307,10914
79.1605746827048,63.673980627876105,140.0,41555.0,0.5150659084320068,0.5150659084320068,5.830471992492676,5.830471992492676,10882
69.61403173481929,63.67398062787609,160.0,41599.0,0.5290262699127197,0.5290262699127197,5.92798376083374,5.92798376083374,10929
64.3387104386785,63.67398062787612,180.0,41609.0,0.5416800379753113,0.5416800379753113,6.0514235496521,6.0514235496521,11052
64.40778033021635,63.67398062787609,160.00000000000003,41549.0,0.5548883676528931,0.5548883676528931,6.175134658813477,6.175134658813477,11097
69.80521021967101,63.673980627876105,140.00000000000003,41547.0,0.5550363659858704,0.5550363659858704,6.115707874298096,6.115707874298096,11148
79.44016275799314,63.673980627876105,120.0,41595.0,0.5599408745765686,0.5599408745765686,6.091771602630615,6.091771602630615,11135
91.968770749142,63.67398062787612,100.0,41559.0,0.5633918642997742,0.5633918642997742,6.083383083343506,6.083383083343506,11041
106.34321227830608,63.67398062787612,80.00000000000001,41537.0,0.5638019442558289,0.5638019442558289,6.096670150756836,6.096670150756836,11111
121.8737126655408,63.67398062787612,59.99999999999999,41591.0,0.566319465637207,0.566319465637207,6.204702854156494,6.204702854156494,11417
138.12294432101774,63.673980627876105,40.0,41555.0,0.5533360242843628,0.5533360242843628,6.172895908355713,6.172895908355713,11565
154.80500409091502,63.67398062787609,20.0,41599.0,0.5550084114074707,0.5550084114074707,6.264060020446777,6.264060020446777,11787
81.39381036528799,64.78051637126906,0.0,41585.0,0.5377764105796814,0.5377764105796814,6.1012864112854,6.1012864112854,10916
71.57123068671685,64.78051637126906,20.0,41573.0,0.5619387626647949,0.5619387626647949,6.318660736083984,6.318660736083984,11294
65.80344761555466,64.78051637126907,40.0,41547.0,0.5588103532791138,0.5588103532791138,6.242460250854492,6.242460250854492,11433
65.19296673720521,64.78051637126907,60.0,41571.0,0.5358818173408508,0.5358818173408508,6.034803867340088,6.034803867340088,11100
69.87666505836347,64.78051637126907,80.0,41547.0,0.5126084685325623,0.5126084685325623,5.909872055053711,5.909872055053711,10669
78.90636213300667,64.78051637126907,100.0,41509.0,0.4741420149803161,0.4741420149803161,5.565768241882324,5.565768241882324,10146
90.97609038257944,64.78051637126906,120.0,41579.0,0.4692810475826263,0.4692810475826263,5.557351589202881,5.557351589202881,9947
105.0130970047831,64.78051637126906,140.0,41547.0,0.4847155511379242,0.4847155511379242,5.680628776550293,5.680628776550293,9852
120.29230536566205,64.78051637126906,160.0,41553.0,0.4931677281856537,0.4931677281856537,5.670915126800537,5.670915126800537,9880
136.3487899123849,64.78051637126906,180.0,41585.0,0.5076169371604919,0.5076169371604919,5.806881904602051,5.806881904602051,9874
152.8780838552885,64.78051637126904,160.0,41573.0,0.5112772583961487,0.5112772583961487,5.8549113273620605,5.8549113273620605,9851
169.6667764652598,64.78051637126907,140.0,41547.0,0.516935408115387,0.516935408115387,5.882033824920654,5.882033824920654,9980
173.45194251602294,64.78051637126907,120.0,41571.0,0.5133674740791321,0.5133674740791321,5.797630310058594,5.797630310058594,10045
156.62894991005274,64.78051637126906,100.0,41547.0,0.5119720697402954,0.5119720697402954,5.771984100341797,5.771984100341797,10112
140.02510761898307,64.78051637126907,80.00000000000001,41509.0,0.511799156665802,0.511799156665802,5.762481689453125,5.762481689453125,10119
123.84015590186571,64.78051637126906,59.99999999999999,41579.0,0.5110349059104919,0.5110349059104919,5.769103050231934,5.769103050231934,10179
108.3531596582736,64.78051637126906,40.00000000000003,41547.0,0.5142867565155029,0.5142867565155029,5.826632022857666,5.826632022857666,10301
93.98534838081656,64.78051637126906,20.0,41553.0,0.5205574631690979,0.5205574631690979,5.923563003540039,5.923563003540039,10618
103.73889568275196,65.87707598807654,0.0,41541.0,0.5095089077949524,0.5095089077949524,5.663745880126953,5.663745880126953,11024
118.75618531671977,65.87707598807654,20.0,41577.0,0.4885246753692627,0.4885246753692627,5.422263622283936,5.422263622283936,10810
134.61210315934366,65.87707598807654,40.0,41579.0,0.478222519159317,0.478222519159317,5.308813095092773,5.308813095092773,10571
150.98294228100184,65.87707598807654,60.0,41577.0,0.4784176051616668,0.4784176051616668,5.263845920562744,5.263845920562744,10267
167.64285181104256,65.87707598807654,80.0,41581.0,0.4761046767234802,0.4761046767234802,5.170591831207275,5.170591831207275,10073
175.58264356118517,65.87707598807654,100.0,41569.0,0.4888242483139038,0.4888242483139038,5.254802227020264,5.254802227020264,10135
158.84854701748893,65.87707598807654,120.0,41549.0,0.4949361383914947,0.4949361383914947,5.329524517059326,5.329524517059326,10109
142.31666505880216,65.87707598807654,140.0,41551.0,0.5107160806655884,0.5107160806655884,5.590552806854248,5.590552806854248,10048
126.18385061887092,65.87707598807654,160.0,41583.0,0.5092517137527466,0.5092517137527466,5.7031731605529785,5.7031731605529785,10018
110.7203282784913,65.87707598807654,180.0,41541.0,0.4934489727020263,0.4934489727020263,5.669330596923828,5.669330596923828,9986
96.32805168054352,65.87707598807654,160.0,41577.0,0.4870224297046661,0.4870224297046661,5.693260192871094,5.693260192871094,9937
83.6270876240549,65.87707598807654,140.0,41579.0,0.4621229171752929,0.4621229171752929,5.452877998352051,5.452877998352051,10052
73.5504493930417,65.87707598807654,120.0,41577.0,0.4666298329830169,0.4666298329830169,5.486509323120117,5.486509323120117,10314
67.32346085993464,65.87707598807654,100.0,41581.0,0.4996682703495025,0.4996682703495025,5.8131303787231445,5.8131303787231445,10702
66.0634252277465,65.87707598807654,80.00000000000003,41569.0,0.5240157842636108,0.5240157842636108,5.971206665039063,5.971206665039063,11035
70.04234719230178,65.87707598807654,60.0,41549.0,0.5411056280136108,0.5411056280136108,6.073944091796875,6.073944091796875,11211
78.45736741597165,65.87707598807654,40.0,41551.0,0.5475280284881592,0.5475280284881592,6.095789432525635,6.095789432525635,11348
90.05306468827077,65.87707598807654,20.0,41583.0,0.5250136256217957,0.5250136256217957,5.821919918060303,5.821919918060303,11204
144.58752527647232,66.96431589405864,0.0,41553.0,0.5625971555709839,0.5625971555709839,6.169831275939941,6.169831275939941,11679
128.50874723314865,66.96431589405864,20.0,41555.0,0.5441082119941711,0.5441082119941711,6.0322699546813965,6.0322699546813965,11542
113.07131380448178,66.96431589405864,40.0,41563.0,0.5361185073852539,0.5361185073852539,6.017687797546387,6.017687797546387,11466
98.65948044613556,66.96431589405866,60.0,41577.0,0.523912250995636,0.523912250995636,5.879830360412598,5.879830360412598,11302
85.85939935489309,66.96431589405864,80.0,41595.0,0.5461516976356506,0.5461516976356506,6.116377353668213,6.116377353668213,11385
75.54897049173206,66.96431589405864,100.0,41563.0,0.5410121083259583,0.5410121083259583,6.007813453674316,6.007813453674316,11308
68.89414730296716,66.96431589405864,120.0,41513.0,0.5241757035255432,0.5241757035255432,5.811357498168945,5.811357498168945,11031
67.01497617590452,66.96431589405864,140.0,41553.0,0.5202075242996216,0.5202075242996216,5.776206970214844,5.776206970214844,10696
70.30085823110637,66.96431589405864,160.0,41535.0,0.5260870456695557,0.5260870456695557,5.880777835845947,5.880777835845947,10562
78.09403825101634,66.96431589405864,180.0,41553.0,0.5251697301864624,0.5251697301864624,5.875391006469727,5.875391006469727,10507
89.20135941126595,66.96431589405864,160.00000000000003,41555.0,0.5290253162384033,0.5290253162384033,5.925586700439453,5.925586700439453,10353
102.52227243039208,66.96431589405864,140.0,41563.0,0.5253721475601196,0.5253721475601196,5.894516468048096,5.894516468048096,10347
117.26675896141666,66.96431589405866,120.0,41577.0,0.5289563536643982,0.5289563536643982,5.931812763214111,5.931812763214111,10429
132.9140029180802,66.96431589405864,100.0,41595.0,0.5486053824424744,0.5486053824424744,6.167564868927002,6.167564868927002,10487
149.12044425434854,66.96431589405864,80.00000000000001,41563.0,0.5530638098716736,0.5530638098716736,6.17956018447876,6.17956018447876,10758
165.64721305841377,66.96431589405864,60.0,41513.0,0.5614790320396423,0.5614790320396423,6.200115203857422,6.200115203857422,10985
177.68827618872163,66.96431589405866,40.00000000000003,41553.0,0.5735986232757568,0.5735986232757568,6.262986660003662,6.262986660003662,11299
161.045498082289,66.96431589405864,20.0,41535.0,0.5787984728813171,0.5787984728813171,6.305271625518799,6.305271625518799,11602
68.04335675023556,68.04285178707948,0.0,42243.0,0.5241862535476685,0.5241862535476685,6.233798980712891,6.233798980712891,10946
70.65043960709686,68.04285178707948,20.0,41547.0,0.5350507497787476,0.5350507497787476,6.129844665527344,6.129844665527344,10950
77.81696381579509,68.04285178707948,40.0,41587.0,0.5318378210067749,0.5318378210067749,6.148518085479736,6.148518085479736,10831
88.42253372710198,68.04285178707948,60.0,41569.0,0.5212693214416504,0.5212693214416504,6.091606616973877,6.091606616973877,10568
101.36487798354732,68.04285178707947,80.0,41603.0,0.5185400247573853,0.5185400247573853,6.103481769561768,6.103481769561768,10309
115.8254559777004,68.04285178707948,100.0,41579.0,0.5093635320663452,0.5093635320663452,5.935416221618652,5.935416221618652,10044
131.25564191438394,68.04285178707948,120.0,41541.0,0.5158541202545166,0.5158541202545166,5.883111476898193,5.883111476898193,10012
147.29148973949094,68.0428517870795,140.0,41581.0,0.5360104441642761,0.5360104441642761,5.987718105316162,5.987718105316162,10162
163.68054540609828,68.0428517870795,160.0,41583.0,0.5473237037658691,0.5473237037658691,5.994738578796387,5.994738578796387,10062
179.76833772491727,68.04285178707948,180.0,42243.0,0.5295605659484863,0.5295605659484863,5.95579195022583,5.95579195022583,9687
163.2194592871469,68.04285178707948,160.0,41547.0,0.5192919969558716,0.5192919969558716,5.5816969871521,5.5816969871521,9715
146.8374834876181,68.04285178707948,140.0,41587.0,0.497027724981308,0.497027724981308,5.356957912445068,5.356957912445068,9760
130.81474988935454,68.04285178707948,120.0,41569.0,0.4896335303783417,0.4896335303783417,5.3106303215026855,5.3106303215026855,9741
115.40605241219107,68.04285178707948,100.0,41603.0,0.4821740686893463,0.4821740686893463,5.2900166511535645,5.2900166511535645,9843
100.9793910108056,68.04285178707948,80.00000000000001,41579.0,0.4942671954631805,0.4942671954631805,5.51420783996582,5.51420783996582,10029
88.08981229892159,68.04285178707947,59.99999999999999,41541.0,0.5047177076339722,0.5047177076339722,5.694256782531738,5.694256782531738,10315
77.56431524076568,68.0428517870795,40.0,41581.0,0.5119657516479492,0.5119657516479492,5.811190605163574,5.811190605163574,10502
70.51117614932528,68.04285178707948,19.99999999999997,41583.0,0.5368382930755615,0.5368382930755615,6.127463340759277,6.127463340759277,10801
145.49701316775554,69.11326288725502,0.0,41571.0,0.5005906224250793,0.5005906224250793,5.814241886138916,5.814241886138916,11126
161.7435677157753,69.11326288725502,20.0,41559.0,0.4795885980129242,0.4795885980129242,5.532176017761231,5.532176017761231,10748
178.17770723853454,69.11326288725499,40.0,41537.0,0.4604903161525726,0.4604903161525726,5.283227920532227,5.283227920532227,10347
165.370053855185,69.113262887255,60.0,41585.0,0.453854888677597,0.453854888677597,5.24622917175293,5.24622917175293,10325
149.06630024338503,69.113262887255,80.0,41577.0,0.4598463177680969,0.4598463177680969,5.354132652282715,5.354132652282715,10417
133.1017258810166,69.113262887255,100.0,41563.0,0.4702866673469543,0.4702866673469543,5.472342014312744,5.472342014312744,10558
117.72444557855292,69.11326288725502,120.0,41551.0,0.4907917380332947,0.4907917380332947,5.711316108703613,5.711316108703613,10588
103.28752692029488,69.113262887255,140.0,41603.0,0.4982745349407196,0.4982745349407196,5.756514072418213,5.756514072418213,10596
90.3174566043862,69.113262887255,160.0,41559.0,0.5085281133651733,0.5085281133651733,5.793953895568848,5.793953895568848,10701
79.59421808978311,69.113262887255,180.0,41571.0,0.5273394584655762,0.5273394584655762,5.9877543449401855,5.9877543449401855,10711
72.17048718948854,69.11326288725502,160.0,41559.0,0.5332674980163574,0.5332674980163574,6.070046424865723,6.070046424865723,10906
69.14427432614369,69.11326288725499,140.0,41537.0,0.5422173738479614,0.5422173738479614,6.1532883644104,6.1532883644104,11134
71.08900099381137,69.11326288725499,120.0,41585.0,0.5664897561073303,0.5664897561073303,6.369242191314697,6.369242191314697,11379
77.6264492785865,69.113262887255,100.0,41577.0,0.5601126551628113,0.5601126551628113,6.184326171875,6.184326171875,11294
87.7180216582062,69.11326288725499,80.00000000000003,41563.0,0.558734118938446,0.558734118938446,6.131185054779053,6.131185054779053,11322
100.26833870965172,69.11326288725502,60.0,41551.0,0.5453115105628967,0.5453115105628967,6.042113304138184,6.042113304138184,11341
114.43372429223422,69.113262887255,40.00000000000003,41603.0,0.5355382561683655,0.5355382561683655,6.070309638977051,6.070309638977051,11473
129.63820482615657,69.11326288725502,20.0,41559.0,0.5180602073669434,0.5180602073669434,5.988317489624023,5.988317489624023,11485
105.5836188525095,70.17609567873627,0.0,41547.0,0.5562293529510498,0.5562293529510498,6.1103363037109375,6.1103363037109375,10796
92.54151679067115,70.17609567873627,20.0,41555.0,0.5644147992134094,0.5644147992134094,6.167525768280029,6.167525768280029,11156
81.63660360644688,70.17609567873627,40.0,41537.0,0.5584805607795715,0.5584805607795715,6.108827114105225,6.108827114105225,11360
73.86828453349632,70.17609567873627,60.0,41527.0,0.5507817268371582,0.5507817268371582,6.068223476409912,6.068223476409912,11234
70.31345327128241,70.17609567873626,80.0,41539.0,0.5337893962860107,0.5337893962860107,5.97998571395874,5.97998571395874,11039
71.61415378960994,70.17609567873627,100.0,41559.0,0.4989187717437744,0.4989187717437744,5.694671154022217,5.694671154022217,10617
77.52250662073948,70.17609567873626,120.0,41569.0,0.478809654712677,0.478809654712677,5.5495686531066895,5.5495686531066895,10291
87.08911376589435,70.17609567873627,140.0,41539.0,0.4719935953617096,0.4719935953617096,5.501211643218994,5.501211643218994,10048
99.23424479679824,70.17609567873629,160.0,41549.0,0.4864799976348877,0.4864799976348877,5.62532377243042,5.62532377243042,10018
113.09302443285316,70.17609567873627,180.0,41547.0,0.5034267902374268,0.5034267902374268,5.773465156555176,5.773465156555176,10080
128.06290599937267,70.17609567873629,160.00000000000003,41555.0,0.5183380842208862,0.5183380842208862,5.93981409072876,5.93981409072876,10012
143.73798265959505,70.17609567873627,140.0,41537.0,0.5314212441444397,0.5314212441444397,6.153192520141602,6.153192520141602,10102
159.8370322698362,70.17609567873627,120.0,41527.0,0.5173205137252808,0.5173205137252808,5.983962535858154,5.983962535858154,10213
176.15042663000975,70.17609567873629,100.0,41539.0,0.5208128094673157,0.5208128094673157,5.99401330947876,5.99401330947876,10178
167.4968725540543,70.17609567873626,80.00000000000003,41559.0,0.5118617415428162,0.5118617415428162,5.823515892028809,5.823515892028809,10192
151.27370247432594,70.17609567873626,59.99999999999999,41569.0,0.5138111710548401,0.5138111710548401,5.784768104553223,5.784768104553223,10260
135.3695073792085,70.17609567873627,40.0,41539.0,0.537428617477417,0.537428617477417,5.98965311050415,5.98965311050415,10344
120.02636210348636,70.17609567873627,20.0,41549.0,0.5432896614074707,0.5432896614074707,5.998152732849121,5.998152732849121,10586
86.53693953785341,71.23186722613744,0.0,41553.0,0.5171961784362793,0.5171961784362793,5.75230884552002,5.75230884552002,10955
98.26413771746734,71.23186722613744,20.0,41541.0,0.5101012587547302,0.5101012587547302,5.719932556152344,5.719932556152344,10766
111.80482320320178,71.23186722613744,40.0,41551.0,0.5028554797172546,0.5028554797172546,5.69417142868042,5.69417142868042,10600
126.53098676606464,71.23186722613744,60.0,41615.0,0.5158584713935852,0.5158584713935852,5.852151393890381,5.852151393890381,10354
142.01539905545044,71.23186722613744,80.0,41613.0,0.5119557976722717,0.5119557976722717,5.710102558135986,5.710102558135986,10185
157.96172446431996,71.23186722613744,100.0,41547.0,0.5209784507751465,0.5209784507751465,5.666467666625977,5.666467666625977,10146
174.1504207011622,71.23186722613744,120.0,41547.0,0.5204435586929321,0.5204435586929321,5.524713516235352,5.524713516235352,10132
169.59947411193733,71.23186722613744,140.0,41553.0,0.5170266032218933,0.5170266032218933,5.453708171844482,5.453708171844482,10175
153.4593843649197,71.23186722613744,160.0,41577.0,0.5191023349761963,0.5191023349761963,5.522796630859375,5.522796630859375,9912
137.61789289196804,71.23186722613744,180.0,41553.0,0.5083284974098206,0.5083284974098206,5.530807495117188,5.530807495117188,9885
122.31163980302148,71.23186722613742,160.00000000000003,41541.0,0.4867193102836609,0.4867193102836609,5.441904067993164,5.441904067993164,9813
107.8673844832988,71.23186722613744,140.0,41551.0,0.4701394140720367,0.4701394140720367,5.400058746337891,5.400058746337891,9812
94.76122389679044,71.23186722613742,120.0,41615.0,0.4495276510715484,0.4495276510715484,5.230147838592529,5.230147838592529,9904
83.68956564339453,71.23186722613744,100.0,41613.0,0.4620833396911621,0.4620833396911621,5.372278213500977,5.372278213500977,10078
75.60102685676381,71.23186722613744,80.00000000000001,41547.0,0.4820924401283264,0.4820924401283264,5.523919582366943,5.523919582366943,10392
71.546674724589,71.23186722613744,59.99999999999999,41547.0,0.5009536147117615,0.5009536147117615,5.635494232177734,5.635494232177734,10731
72.22324830364136,71.23186722613744,40.00000000000003,41553.0,0.5131281018257141,0.5131281018257141,5.69748592376709,5.69748592376709,10889
77.50485018563379,71.23186722613744,20.0,41577.0,0.526077151298523,0.526077151298523,5.820344924926758,5.820344924926758,11022
171.67738556036912,72.28106812659294,0.0,41533.0,0.5643665194511414,0.5643665194511414,6.328624248504639,6.328624248504639,11916
155.62300808082918,72.28106812659294,20.0,41587.0,0.5316336750984192,0.5316336750984192,6.087319374084473,6.087319374084473,11647
139.84664849016104,72.28106812659293,40.0,41563.0,0.5036019086837769,0.5036019086837769,5.902019500732422,5.902019500732422,11396
124.5800869204412,72.28106812659294,60.0,41545.0,0.5013061761856079,0.5013061761856079,5.929008483886719,5.929008483886719,11263
110.13852830437018,72.28106812659294,80.0,41601.0,0.5079882144927979,0.5079882144927979,5.93088960647583,5.93088960647583,11279
96.97584863245274,72.28106812659294,100.0,41571.0,0.5134351849555969,0.5134351849555969,5.859922885894775,5.859922885894775,11088
85.75134859615709,72.28106812659293,120.0,41597.0,0.519043505191803,0.519043505191803,5.829347610473633,5.829347610473633,11038
77.36541523084418,72.28106812659294,140.0,41553.0,0.5249732136726379,0.5249732136726379,5.860078811645508,5.860078811645508,10829
72.83980937056182,72.28106812659294,160.0,41545.0,0.5318799018859863,0.5318799018859863,5.926804065704346,5.926804065704346,10764
72.9134132314428,72.28106812659294,180.0,41533.0,0.5386589765548706,0.5386589765548706,6.002723217010498,6.002723217010498,10792
77.5728971393153,72.28106812659293,160.00000000000003,41587.0,0.5375280380249023,0.5375280380249023,5.974515438079834,5.974515438079834,10747
86.06245091054807,72.28106812659293,140.00000000000003,41563.0,0.5277937054634094,0.5277937054634094,5.807175159454346,5.807175159454346,10579
97.35949709912958,72.28106812659294,120.0,41545.0,0.5390698313713074,0.5390698313713074,5.882900238037109,5.882900238037109,10655
110.57058667405248,72.28106812659294,100.0,41601.0,0.5579780340194702,0.5579780340194702,6.056129455566406,6.056129455566406,10680
125.04371233463024,72.28106812659296,80.00000000000003,41571.0,0.570531964302063,0.570531964302063,6.199350833892822,6.199350833892822,11006
140.33029473114615,72.28106812659294,60.0,41597.0,0.5679283738136292,0.5679283738136292,6.188566207885742,6.188566207885742,11331
156.1184624199672,72.28106812659294,40.00000000000003,41553.0,0.5771862268447876,0.5771862268447876,6.338057518005371,6.338057518005371,11713
172.17832183429684,72.28106812659294,20.0,41545.0,0.5769466161727905,0.5769466161727905,6.390188694000244,6.390188694000244,11928
79.15837940713385,73.32416514865713,0.0,41557.0,0.5302574634552002,0.5302574634552002,6.109762191772461,6.109762191772461,10838
74.18884350518987,73.32416514865713,20.0,41531.0,0.5451815724372864,0.5451815724372864,6.246460914611816,6.246460914611816,11124
73.68159604593227,73.32416514865712,40.0,41553.0,0.5378589630126953,0.5378589630126953,6.134459972381592,6.134459972381592,11080
77.72577283857228,73.32416514865714,60.0,41569.0,0.5201500058174133,0.5201500058174133,5.991559505462647,5.991559505462647,10823
85.6664073681443,73.32416514865714,80.0,41567.0,0.5001457929611206,0.5001457929611206,5.86315393447876,5.86315393447876,10439
96.52172716715606,73.32416514865713,100.0,41535.0,0.4771958589553833,0.4771958589553833,5.648423671722412,5.648423671722412,9966
109.39177249933874,73.32416514865714,120.0,41577.0,0.4826591908931732,0.4826591908931732,5.654904842376709,5.654904842376709,9906
123.60236822548352,73.32416514865714,140.0,41559.0,0.506256103515625,0.506256103515625,5.8182477951049805,5.8182477951049805,10046
138.68373217313643,73.32416514865714,160.0,41555.0,0.5170468091964722,0.5170468091964722,5.850246429443359,5.850246429443359,9978
154.3080964937543,73.32416514865713,180.0,41557.0,0.5172807574272156,0.5172807574272156,5.7997565269470215,5.7997565269470215,9859
170.23479434030992,73.32416514865713,160.0,41531.0,0.5147611498832703,0.5147611498832703,5.743155002593994,5.743155002593994,9701
173.73010251785428,73.32416514865712,140.0,41553.0,0.5189903378486633,0.5189903378486633,5.772257328033447,5.772257328033447,9801
157.7642043684299,73.32416514865714,120.0,41569.0,0.5124706625938416,0.5124706625938416,5.707754611968994,5.707754611968994,9907
142.0555088302212,73.32416514865714,100.0,41567.0,0.5096812844276428,0.5096812844276428,5.7188215255737305,5.7188215255737305,9966
126.83148329451136,73.32416514865714,80.00000000000001,41535.0,0.5085532069206238,0.5085532069206238,5.751200199127197,5.751200199127197,9999
112.3967413982306,73.32416514865713,59.99999999999999,41577.0,0.5055081844329834,0.5055081844329834,5.759740829467773,5.759740829467773,9970
99.18469537936592,73.32416514865714,40.0,41559.0,0.5055692195892334,0.5055692195892334,5.794597148895264,5.794597148895264,10155
87.82033058486088,73.32416514865714,20.0,41555.0,0.5152014493942261,0.5152014493942261,5.9422712326049805,5.9422712326049805,10479
122.20825622885486,74.36160360127923,0.0,41557.0,0.4967149198055267,0.4967149198055267,5.637840747833252,5.637840747833252,11101
137.0768022889137,74.36160360127923,20.0,41577.0,0.4701254367828369,0.4701254367828369,5.306521415710449,5.306521415710449,10694
152.5315086726929,74.36160360127924,40.0,41557.0,0.4642481803894043,0.4642481803894043,5.179402828216553,5.179402828216553,10384
168.32053423344036,74.36160360127923,60.0,41579.0,0.4526249468326568,0.4526249468326568,4.985424518585205,4.985424518585205,10146
175.75708942756302,74.36160360127923,80.0,41579.0,0.4650763869285583,0.4650763869285583,5.097363471984863,5.097363471984863,10111
159.88257304404263,74.36160360127923,100.0,41559.0,0.4685077667236328,0.4685077667236328,5.134116172790527,5.134116172790527,10148
144.24417799988657,74.36160360127923,120.0,41553.0,0.491376131772995,0.491376131772995,5.439357280731201,5.439357280731201,10151
129.06558131754434,74.36160360127923,140.0,41547.0,0.5071464776992798,0.5071464776992798,5.666005611419678,5.666005611419678,10180
114.64170117417308,74.36160360127923,160.0,41565.0,0.5171763300895691,0.5171763300895691,5.857392311096191,5.857392311096191,10162
101.38709691495856,74.36160360127923,180.0,41557.0,0.5085992813110352,0.5085992813110352,5.829405307769775,5.829405307769775,10178
89.8950083871944,74.36160360127923,160.00000000000003,41577.0,0.5002344250679016,0.5002344250679016,5.789709568023682,5.789709568023682,10297
80.9770632380091,74.36160360127924,140.0,41557.0,0.4951746463775635,0.4951746463775635,5.778450965881348,5.778450965881348,10428
75.58989889906177,74.36160360127924,120.0,41579.0,0.5054476857185364,0.5054476857185364,5.882265090942383,5.882265090942383,10618
74.52460304262982,74.36160360127923,100.0,41579.0,0.5326452851295471,0.5326452851295471,6.146220684051514,6.146220684051514,10907
77.96232091241309,74.36160360127923,80.00000000000004,41559.0,0.5326501727104187,0.5326501727104187,6.046273708343506,6.046273708343506,11036
85.34936304212086,74.36160360127923,59.99999999999997,41553.0,0.5412130355834961,0.5412130355834961,6.105296611785889,6.105296611785889,11312
95.75214295768068,74.36160360127921,40.00000000000003,41547.0,0.5397195219993591,0.5397195219993591,6.0873332023620605,6.0873332023620605,11444
108.26982158059292,74.36160360127923,20.0,41565.0,0.5215137600898743,0.5215137600898743,5.901213645935059,5.901213645935059,11400
131.28210671088144,75.39380946953665,0.0,41535.0,0.5662111043930054,0.5662111043930054,6.127041339874268,6.127041339874268,11295
116.87307106862184,75.39380946953663,20.0,41545.0,0.5693167448043823,0.5693167448043823,6.188591003417969,6.188591003417969,11400
103.58240975102548,75.39380946953665,40.0,41567.0,0.549390435218811,0.549390435218811,6.010321140289307,6.010321140289307,11358
91.97398395279394,75.39380946953663,60.0,41587.0,0.5400780439376831,0.5400780439376831,5.9676432609558105,5.9676432609558105,11327
82.81880976148254,75.39380946953665,80.0,41535.0,0.5428027510643005,0.5428027510643005,6.04750394821167,6.04750394821167,11305
77.03924709463881,75.39380946953663,100.0,41577.0,0.528082549571991,0.528082549571991,5.917069911956787,5.917069911956787,11069
75.43913794675592,75.39380946953665,120.0,41595.0,0.510596513748169,0.510596513748169,5.767547130584717,5.767547130584717,10788
78.28111768579265,75.39380946953663,140.0,41573.0,0.4918676912784576,0.4918676912784576,5.581742763519287,5.581742763519287,10474
85.11165619781376,75.39380946953663,160.0,41537.0,0.5013490915298462,0.5013490915298462,5.719240188598633,5.719240188598633,10353
95.05195652757467,75.39380946953665,180.0,41535.0,0.5158889293670654,0.5158889293670654,5.894505023956299,5.894505023956299,10331
107.20614912111162,75.39380946953663,160.0,41545.0,0.5158669948577881,0.5158669948577881,5.873550891876221,5.873550891876221,10102
120.86268986655078,75.39380946953665,140.0,41567.0,0.5181515216827393,0.5181515216827393,5.904453277587891,5.904453277587891,10085
135.51062242829633,75.39380946953665,120.0,41587.0,0.5176905393600464,0.5176905393600464,5.9284348487854,5.9284348487854,10156
150.7896118311709,75.39380946953663,100.0,41535.0,0.5231660008430481,0.5231660008430481,6.007968902587891,6.007968902587891,10199
166.43626896885087,75.39380946953662,80.00000000000003,41577.0,0.5253233313560486,0.5253233313560486,5.960322380065918,5.960322380065918,10392
177.7577797618752,75.39380946953665,60.0,41595.0,0.5375779271125793,0.5375779271125793,5.999671459197998,5.999671459197998,10518
161.977683388588,75.39380946953662,40.00000000000003,41573.0,0.5491555333137512,0.5491555333137512,6.039003849029541,6.039003849029541,10771
146.41233020950008,75.39380946953665,20.0,41537.0,0.5551303029060364,0.5551303029060364,6.023865699768066,6.023865699768066,11078
78.6804904217756,76.42119134841009,0.0,41551.0,0.5288088917732239,0.5288088917732239,6.025925636291504,6.025925636291504,10793
84.95340143619481,76.4211913484101,20.0,41581.0,0.5167554020881653,0.5167554020881653,5.936481475830078,5.936481475830078,10643
94.422263413635,76.42119134841009,40.0,41611.0,0.5072920322418213,0.5072920322418213,5.863828182220459,5.863828182220459,10560
106.20213513044853,76.42119134841009,60.0,41545.0,0.5253753066062927,0.5253753066062927,6.1068220138549805,6.1068220138549805,10406
119.56698934577354,76.42119134841009,80.0,41537.0,0.5354978442192078,0.5354978442192078,6.17732048034668,6.17732048034668,10206
133.98633409219576,76.42119134841009,100.0,41581.0,0.5337148308753967,0.5337148308753967,6.01659631729126,6.01659631729126,10070
149.08334883269058,76.42119134841009,120.0,41575.0,0.5337082743644714,0.5337082743644714,5.850883483886719,5.850883483886719,10016
164.5827571287555,76.42119134841009,140.0,41565.0,0.5405506491661072,0.5405506491661072,5.803780555725098,5.803780555725098,10216
179.7315762062082,76.42119134841009,160.0,41529.0,0.5453822612762451,0.5453822612762451,5.7806010246276855,5.7806010246276855,10232
164.0490744620031,76.42119134841009,180.0,41551.0,0.5381908416748047,0.5381908416748047,5.698545455932617,5.698545455932617,9965
148.55961034852925,76.4211913484101,160.0,41581.0,0.5248479843139648,0.5248479843139648,5.604094505310059,5.604094505310059,9828
133.48075914117757,76.42119134841009,140.0,41611.0,0.495220422744751,0.495220422744751,5.35341215133667,5.35341215133667,9822
119.09050021259922,76.42119134841009,120.0,41545.0,0.4733399152755737,0.4733399152755737,5.190268039703369,5.190268039703369,9679
105.77000999669724,76.42119134841008,100.0,41537.0,0.4657332599163055,0.4657332599163055,5.175960540771484,5.175960540771484,9888
94.0559523368996,76.42119134841009,80.00000000000001,41581.0,0.4735512435436249,0.4735512435436249,5.299499034881592,5.299499034881592,10080
84.68114634270992,76.42119134841009,59.99999999999993,41575.0,0.490321397781372,0.490321397781372,5.48320198059082,5.48320198059082,10348
78.53331884078047,76.42119134841009,40.00000000000006,41565.0,0.5059847831726074,0.5059847831726074,5.6698808670043945,5.6698808670043945,10482
76.42183819357767,76.42119134841009,19.99999999999997,41529.0,0.5184960961341858,0.5184960961341858,5.8470306396484375,5.8470306396484375,10686
162.76078804250974,77.44414220141402,0.0,41571.0,0.5175653100013733,0.5175653100013733,5.987469673156738,5.987469673156738,11412
178.32214916567008,77.44414220141402,20.0,41567.0,0.4814929068088531,0.4814929068088531,5.594242095947266,5.594242095947266,11039
166.09625535062972,77.44414220141402,40.0,41565.0,0.4645031988620758,0.4645031988620758,5.483253002166748,5.483253002166748,10697
150.68563442453464,77.44414220141402,60.0,41555.0,0.4666321873664856,0.4666321873664856,5.573826789855957,5.573826789855957,10654
135.66121269739637,77.44414220141402,80.0,41559.0,0.4645050466060638,0.4645050466060638,5.50750732421875,5.50750732421875,10750
121.2936230686072,77.44414220141401,100.0,41549.0,0.4786392450332641,0.4786392450332641,5.587214946746826,5.587214946746826,10742
107.9492896691637,77.44414220141402,120.0,41583.0,0.4961535334587097,0.4961535334587097,5.715531826019287,5.715531826019287,10710
96.1396909017056,77.44414220141402,140.0,41609.0,0.4920585453510284,0.4920585453510284,5.592809200286865,5.592809200286865,10644
86.56177015709044,77.44414220141402,160.0,41585.0,0.5030801296234131,0.5030801296234131,5.67451286315918,5.67451286315918,10595
80.06870938230145,77.44414220141402,180.0,41571.0,0.5149326920509338,0.5149326920509338,5.827695846557617,5.827695846557617,10637
77.46930821184162,77.44414220141402,160.0,41567.0,0.5295344591140747,0.5295344591140747,5.992965221405029,5.992965221405029,10779
79.15853873938258,77.44414220141402,140.00000000000003,41565.0,0.5542178750038147,0.5542178750038147,6.243978500366211,6.243978500366211,11034
84.87448486329778,77.44414220141402,120.0,41555.0,0.5720263123512268,0.5720263123512268,6.3498616218566895,6.3498616218566895,11093
93.86402961162072,77.44414220141402,100.0,41559.0,0.5730039477348328,0.5730039477348328,6.258993148803711,6.258993148803711,11169
105.25911446033608,77.44414220141402,80.00000000000003,41549.0,0.5747712850570679,0.5747712850570679,6.241892337799072,6.241892337799072,11251
118.32247600079448,77.44414220141401,60.0,41583.0,0.5696568489074707,0.5696568489074707,6.244479179382324,6.244479179382324,11465
132.5051003069527,77.44414220141402,40.00000000000003,41609.0,0.5530067682266235,0.5530067682266235,6.20053243637085,6.20053243637085,11689
147.4136914566099,77.44414220141402,20.0,41585.0,0.5383524298667908,0.5383524298667908,6.15412187576294,6.15412187576294,11613
98.22404964588516,78.46304096718453,0.0,41619.0,0.5395456552505493,0.5395456552505493,6.07189416885376,6.07189416885376,10754
88.45853421281262,78.46304096718453,20.0,41569.0,0.563884973526001,0.563884973526001,6.309705257415772,6.309705257415772,11125
81.6421802993326,78.46304096718453,40.0,41561.0,0.5638562440872192,0.5638562440872192,6.300709247589111,6.300709247589111,11318
78.57814925586284,78.46304096718453,60.0,41633.0,0.5375296473503113,0.5375296473503113,6.068711280822754,6.068711280822754,11084
79.71315848500922,78.46304096718453,80.0,41529.0,0.5066293478012085,0.5066293478012085,5.813397407531738,5.813397407531738,10584
84.87456238937003,78.46304096718453,100.0,41575.0,0.4800720810890198,0.4800720810890198,5.614341735839844,5.614341735839844,10207
93.37807935606486,78.46304096718453,120.0,41535.0,0.4677640497684479,0.4677640497684479,5.516074180603027,5.516074180603027,10043
104.37836647419093,78.46304096718454,140.0,41551.0,0.4672628939151764,0.4672628939151764,5.450652122497559,5.450652122497559,9879
117.13046622732628,78.46304096718453,160.0,41573.0,0.4905632138252258,0.4905632138252258,5.6129231452941895,5.6129231452941895,9856
131.06810264445102,78.46304096718453,180.0,41619.0,0.5076994299888611,0.5076994299888611,5.763703346252441,5.763703346252441,9902
145.78163913040464,78.46304096718453,159.99999999999997,41569.0,0.5238097310066223,0.5238097310066223,5.960560321807861,5.960560321807861,9883
160.97118132572726,78.46304096718453,140.0,41561.0,0.528859555721283,0.528859555721283,6.036158084869385,6.036158084869385,10017
176.4040547127131,78.46304096718453,120.0,41633.0,0.5194138288497925,0.5194138288497925,5.964824199676514,5.964824199676514,10006
168.1187053599209,78.46304096718453,100.0,41529.0,0.5132832527160645,0.5132832527160645,5.919213771820068,5.919213771820068,10100
152.7899898998583,78.46304096718453,80.00000000000001,41575.0,0.5066235661506653,0.5066235661506653,5.850849628448486,5.850849628448486,10070
137.8231162456076,78.46304096718453,59.99999999999999,41535.0,0.505250871181488,0.505250871181488,5.790924549102783,5.790924549102783,10007
123.48205903887592,78.46304096718453,40.00000000000003,41551.0,0.5125965476036072,0.5125965476036072,5.830393314361572,5.830393314361572,10119
110.11965338730532,78.46304096718453,20.0,41573.0,0.5169836282730103,0.5169836282730103,5.838322162628174,5.838322162628174,10393
103.56110447325489,79.47825403403209,0.0,41539.0,0.5114500522613525,0.5114500522613525,5.59292459487915,5.59292459487915,10941
115.9922649248877,79.47825403403209,20.0,41587.0,0.4925456941127777,0.4925456941127777,5.393806457519531,5.393806457519531,10741
129.67653787111382,79.47825403403209,40.0,41545.0,0.4819190502166748,0.4819190502166748,5.290386199951172,5.290386199951172,10591
144.18821744815872,79.47825403403209,60.0,41523.0,0.4925650060176849,0.4925650060176849,5.418416976928711,5.418416976928711,10357
159.21478632318951,79.47825403403209,80.0,41605.0,0.484030544757843,0.484030544757843,5.258468151092529,5.258468151092529,10151
174.5148290319449,79.4782540340321,100.0,41539.0,0.4889435470104217,0.4889435470104217,5.228786468505859,5.228786468505859,10156
170.11587416411948,79.47825403403209,120.0,41553.0,0.5093180537223816,0.5093180537223816,5.41303300857544,5.41303300857544,10122
154.87223593966692,79.47825403403209,140.0,41557.0,0.5211154818534851,0.5211154818534851,5.585188388824463,5.585188388824463,10033
139.96609367632956,79.47825403403209,160.0,41597.0,0.5226523280143738,0.5226523280143738,5.7164626121521,5.7164626121521,9879
125.65541204663384,79.47825403403209,180.0,41539.0,0.4951854944229126,0.4951854944229126,5.556736946105957,5.556736946105957,9812
112.2805153931522,79.47825403403209,160.00000000000003,41587.0,0.4833443462848663,0.4833443462848663,5.564809799194336,5.564809799194336,9777
100.30794253526696,79.47825403403209,140.0,41545.0,0.45525923371315,0.45525923371315,5.320170879364014,5.320170879364014,9777
90.36943404250758,79.47825403403209,120.0,41523.0,0.4576661288738251,0.4576661288738251,5.382312774658203,5.382312774658203,9955
83.2506585427774,79.47825403403209,100.0,41605.0,0.4782832562923431,0.4782832562923431,5.6059651374816895,5.6059651374816895,10274
79.7449855312337,79.4782540340321,80.00000000000001,41539.0,0.4944823384284973,0.4944823384284973,5.686591148376465,5.686591148376465,10687
80.34206729772293,79.47825403403209,59.99999999999999,41553.0,0.5116114616394043,0.5116114616394043,5.750777721405029,5.750777721405029,10837
84.95306121987534,79.47825403403209,40.00000000000003,41557.0,0.5192171931266785,0.5192171931266785,5.737613677978516,5.737613677978516,10987
92.96508398241228,79.47825403403209,20.0,41597.0,0.5257934927940369,0.5257934927940369,5.764909744262695,5.764909744262695,11092
156.93190358366647,80.49013659988438,0.0,41521.0,0.5724247694015503,0.5724247694015503,6.325209617614746,6.325209617614746,11913
142.08974405724155,80.49013659988438,20.0,41553.0,0.5479922294616699,0.5479922294616699,6.17534875869751,6.17534875869751,11758
127.8132700918336,80.49013659988437,40.0,41537.0,0.5346154570579529,0.5346154570579529,6.130606651306152,6.130606651306152,11586
114.43129685427468,80.49013659988438,60.0,41589.0,0.5297089219093323,0.5297089219093323,6.126285076141357,6.126285076141357,11521
102.39033971999454,80.49013659988438,80.0,41513.0,0.5334436893463135,0.5334436893463135,6.104793071746826,6.104793071746826,11384
92.2925951412011,80.49013659988435,100.0,41527.0,0.5335754752159119,0.5335754752159119,6.009277820587158,6.009277820587158,11166
84.8912332484203,80.49013659988437,120.0,41511.0,0.5172910690307617,0.5172910690307617,5.7729172706604,5.7729172706604,10859
80.96648653290428,80.49013659988437,140.0,41551.0,0.5128564238548279,0.5128564238548279,5.705681324005127,5.705681324005127,10623
81.04283111149965,80.49013659988438,160.0,41549.0,0.5203748941421509,0.5203748941421509,5.809900760650635,5.809900760650635,10500
85.10918449655048,80.49013659988438,180.0,41521.0,0.5203317403793335,0.5203317403793335,5.819937229156494,5.819937229156494,10353
92.62555214288432,80.49013659988438,160.0,41553.0,0.5216817855834961,0.5216817855834961,5.834968090057373,5.834968090057373,10276
102.80846502222992,80.49013659988437,140.00000000000003,41537.0,0.517588198184967,0.517588198184967,5.773736953735352,5.773736953735352,10178
114.9091584741596,80.49013659988437,120.0,41589.0,0.5200021266937256,0.5200021266937256,5.787674903869629,5.787674903869629,10255
128.33161421259533,80.49013659988435,100.0,41513.0,0.5417536497116089,0.5417536497116089,6.0239973068237305,6.0239973068237305,10333
142.63447645647005,80.49013659988438,80.00000000000004,41527.0,0.5486072301864624,0.5486072301864624,6.059875965118408,6.059875965118408,10531
157.49248144004935,80.49013659988437,60.0,41511.0,0.5488524436950684,0.5488524436950684,6.022685527801514,6.022685527801514,10954
172.65519073590443,80.49013659988437,40.00000000000003,41551.0,0.5692439675331116,0.5692439675331116,6.20814847946167,6.20814847946167,11443
172.08718192404822,80.49013659988437,20.0,41549.0,0.5770846605300903,0.5770846605300903,6.307830810546875,6.307830810546875,11677
82.2393856574527,81.49903393288102,0.0,41533.0,0.5261589884757996,0.5261589884757996,6.126501560211182,6.126501560211182,10770
81.81289087607499,81.49903393288102,20.0,41529.0,0.521629810333252,0.521629810333252,6.039542198181152,6.039542198181152,10767
85.34191894487542,81.49903393288102,40.0,41587.0,0.526057243347168,0.526057243347168,6.072721481323242,6.072721481323242,10602
92.35982162608116,81.49903393288102,60.0,41543.0,0.5169209241867065,0.5169209241867065,5.991056442260742,5.991056442260742,10397
102.12149733500397,81.49903393288102,80.0,41565.0,0.5218096375465393,0.5218096375465393,6.087148189544678,6.087148189544678,10129
113.8824072891462,81.49903393288102,100.0,41549.0,0.5089003443717957,0.5089003443717957,5.908574104309082,5.908574104309082,9995
127.03454722558509,81.49903393288103,120.0,41561.0,0.5036208033561707,0.5036208033561707,5.735127925872803,5.735127925872803,9946
141.12148868981714,81.49903393288102,140.0,41577.0,0.5288583040237427,0.5288583040237427,5.927953720092773,5.927953720092773,10040
155.8051733456576,81.49903393288102,160.0,41579.0,0.5424818992614746,0.5424818992614746,5.982824802398682,5.982824802398682,10021
170.82588818989754,81.49903393288102,180.0,41533.0,0.5398991107940674,0.5398991107940674,5.905247211456299,5.905247211456299,9877
174.0320193837706,81.49903393288102,160.0,41529.0,0.5268052220344543,0.5268052220344543,5.729899883270264,5.729899883270264,9713
158.96849585272116,81.49903393288102,140.0,41587.0,0.5165640711784363,0.5165640711784363,5.626518726348877,5.626518726348877,9753
144.19364170250367,81.49903393288102,120.0,41543.0,0.5022048950195312,0.5022048950195312,5.504663944244385,5.504663944244385,9680
129.95520478258717,81.49903393288102,100.0,41565.0,0.499904453754425,0.499904453754425,5.526251316070557,5.526251316070557,9915
116.57142340706734,81.49903393288102,80.00000000000001,41549.0,0.5037564635276794,0.5037564635276794,5.643066883087158,5.643066883087158,10004
104.47026053528374,81.49903393288102,59.99999999999999,41561.0,0.4998130202293396,0.4998130202293396,5.647222995758057,5.647222995758057,10030
94.22626118817396,81.49903393288102,40.0,41577.0,0.5048715472221375,0.5048715472221375,5.780087947845459,5.780087947845459,10182
86.56115084121595,81.49903393288102,19.99999999999997,41579.0,0.5272810459136963,0.5272810459136963,6.097028255462647,6.097028255462647,10515
139.65034693869924,82.50528254607332,0.0,41525.0,0.4993749856948852,0.4993749856948852,5.827208995819092,5.827208995819092,11028
154.15379603427016,82.50528254607332,20.0,41555.0,0.4751260876655578,0.4751260876655578,5.503130912780762,5.503130912780762,10591
169.02769919661182,82.50528254607332,40.0,41575.0,0.4508740305900574,0.4508740305900574,5.148808479309082,5.148808479309082,10133
175.9497479566313,82.50528254607332,60.0,41571.0,0.4468336105346679,0.4468336105346679,5.065360069274902,5.065360069274902,10022
160.98148780075852,82.50528254607332,80.0,41575.0,0.4530823826789856,0.4530823826789856,5.121442317962647,5.121442317962647,10228
146.27733616862895,82.50528254607332,100.0,41561.0,0.4717014133930206,0.4717014133930206,5.322857856750488,5.322857856750488,10403
132.08077084344362,82.5052825460733,120.0,41555.0,0.4920297265052795,0.4920297265052795,5.57066011428833,5.57066011428833,10359
118.70032290666596,82.50528254607332,140.0,41575.0,0.4958181381225586,0.4958181381225586,5.602155208587647,5.602155208587647,10281
106.54676719391158,82.50528254607332,160.0,41581.0,0.5092147588729858,0.5092147588729858,5.77220344543457,5.77220344543457,10289
96.16878306114307,82.50528254607332,180.0,41525.0,0.514545202255249,0.514545202255249,5.85431432723999,5.85431432723999,10328
88.25780886886606,82.5052825460733,159.99999999999997,41555.0,0.51591956615448,0.51591956615448,5.9292097091674805,5.9292097091674805,10467
83.56049526214983,82.50528254607332,140.0,41575.0,0.522484540939331,0.522484540939331,6.03609561920166,6.03609561920166,10712
82.64958884585042,82.50528254607332,120.00000000000004,41571.0,0.5399702191352844,0.5399702191352844,6.217751502990723,6.217751502990723,10987
85.65004529041816,82.50528254607332,100.0,41575.0,0.5473242998123169,0.5473242998123169,6.212585926055908,6.212585926055908,10982
92.16805299787045,82.50528254607332,80.00000000000004,41561.0,0.5398610830307007,0.5398610830307007,6.070303440093994,6.070303440093994,11155
101.5011528956714,82.50528254607332,60.0,41555.0,0.5441350936889648,0.5441350936889648,6.149825572967529,6.149825572967529,11404
112.91323799759893,82.5052825460733,40.00000000000003,41575.0,0.5345866084098816,0.5345866084098816,6.123173236846924,6.123173236846924,11517
125.78655527365623,82.50528254607332,20.0,41581.0,0.5203433036804199,0.5203433036804199,6.043765068054199,6.043765068054199,11469
120.81742335407868,83.50921129816504,0.0,41491.0,0.5589202046394348,0.5589202046394348,6.078317642211914,6.078317642211914,10876
108.61895908866234,83.50921129816504,20.0,41559.0,0.568999171257019,0.568999171257019,6.144569873809815,6.144569873809815,11183
98.1186086301767,83.50921129816504,40.0,41545.0,0.5530993938446045,0.5530993938446045,6.026323318481445,6.026323318481445,11248
89.97874893400478,83.50921129816504,60.0,41493.0,0.535917341709137,0.535917341709137,5.904938697814941,5.904938697814941,11020
84.92671842310747,83.50921129816504,80.0,41563.0,0.5205416083335876,0.5205416083335876,5.847692966461182,5.847692966461182,10912
83.55019387523109,83.50921129816506,100.0,41563.0,0.5069226026535034,0.5069226026535034,5.798326015472412,5.798326015472412,10760
86.03215112575921,83.50921129816504,120.0,41575.0,0.4922675490379333,0.4922675490379333,5.687156677246094,5.687156677246094,10440
92.05022523853022,83.50921129816504,140.0,41541.0,0.4839469194412231,0.4839469194412231,5.622744083404541,5.622744083404541,10205
100.948275500532,83.50921129816504,160.0,41527.0,0.4862912893295288,0.4862912893295288,5.6075592041015625,5.6075592041015625,10127
112.00283531733923,83.50921129816504,180.0,41491.0,0.5116634368896484,0.5116634368896484,5.878688335418701,5.878688335418701,10123
124.5888546105864,83.50921129816504,160.0,41559.0,0.5208813548088074,0.5208813548088074,5.942416191101074,5.942416191101074,10135
138.22216173565306,83.50921129816504,140.0,41545.0,0.5127173662185669,0.5127173662185669,5.8922624588012695,5.8922624588012695,10088
152.5393097270162,83.50921129816504,120.0,41493.0,0.5154447555541992,0.5154447555541992,5.971809387207031,5.971809387207031,10065
167.26143061552713,83.50921129816506,100.0,41563.0,0.5170811414718628,0.5170811414718628,6.014519691467285,6.014519691467285,10073
177.83969981100094,83.50921129816504,80.00000000000003,41563.0,0.5076561570167542,0.5076561570167542,5.869514465332031,5.869514465332031,10109
162.97032652162986,83.50921129816504,60.0,41575.0,0.5134186148643494,0.5134186148643494,5.832716941833496,5.832716941833496,10121
148.34035218576616,83.50921129816506,40.00000000000003,41541.0,0.527786135673523,0.527786135673523,5.878015995025635,5.878015995025635,10247
134.1895056015239,83.50921129816504,19.99999999999997,41527.0,0.5417718291282654,0.5417718291282654,5.921413898468018,5.921413898468018,10486
92.0061334999978,84.51114243096357,0.0,41549.0,0.5057171583175659,0.5057171583175659,5.621403217315674,5.621403217315674,10743
100.4635919120934,84.51114243096356,20.0,41561.0,0.5050535798072815,0.5050535798072815,5.67302131652832,5.67302131652832,10597
111.15233371032726,84.51114243096357,40.0,41489.0,0.5026978850364685,0.5026978850364685,5.717591285705566,5.717591285705566,10480
123.44265408196144,84.51114243096356,60.0,41591.0,0.5114077925682068,0.5114077925682068,5.819976806640625,5.819976806640625,10212
136.83805854654574,84.51114243096357,80.0,41563.0,0.5175504684448242,0.5175504684448242,5.7897562980651855,5.7897562980651855,10162
150.96269959978747,84.51114243096357,100.0,41601.0,0.5324507355690002,0.5324507355690002,5.796055316925049,5.796055316925049,10123
165.52791790440935,84.51114243096357,120.0,41555.0,0.5197011828422546,0.5197011828422546,5.521012783050537,5.521012783050537,10151
179.70117796597498,84.51114243096356,140.0,41583.0,0.524091899394989,0.524091899394989,5.517314910888672,5.517314910888672,10232
164.9344311200746,84.51114243096356,160.0,41573.0,0.5300386548042297,0.5300386548042297,5.600981712341309,5.600981712341309,10100
150.38218953239493,84.51114243096357,180.0,41549.0,0.5268241167068481,0.5268241167068481,5.640917778015137,5.640917778015137,10008
136.28092845147842,84.51114243096356,160.0,41561.0,0.5142156481742859,0.5142156481742859,5.602269649505615,5.602269649505615,9841
122.92215097523224,84.51114243096357,140.0,41489.0,0.486672043800354,0.486672043800354,5.404105186462402,5.404105186462402,9794
110.68596763214956,84.51114243096356,120.0,41591.0,0.4574351012706756,0.4574351012706756,5.154198169708252,5.154198169708252,9753
100.07427330417396,84.51114243096356,100.0,41563.0,0.4675900638103485,0.4675900638103485,5.312837600708008,5.312837600708008,9987
91.72164902975656,84.51114243096357,80.00000000000001,41601.0,0.4744508266448974,0.4744508266448974,5.356895923614502,5.356895923614502,10254
86.33505769643874,84.51114243096356,59.99999999999993,41555.0,0.4807137548923492,0.4807137548923492,5.336813449859619,5.336813449859619,10429
84.51192526055833,84.51114243096356,40.00000000000003,41583.0,0.4924544095993042,0.4924544095993042,5.423501968383789,5.423501968383789,10569
86.48664584608822,84.51114243096356,19.99999999999997,41573.0,0.5065580606460571,0.5065580606460571,5.585037708282471,5.585037708282471,10726
178.46654359277116,85.51139255315638,0.0,41529.0,0.5478444695472717,0.5478444695472717,6.307663917541504,6.307663917541504,11803
166.87319265550494,85.51139255315638,20.0,41535.0,0.5171798467636108,0.5171798467636108,6.014329433441162,6.014329433441162,11385
152.40232286071264,85.51139255315638,40.0,41563.0,0.493796169757843,0.493796169757843,5.875910758972168,5.875910758972168,11061
138.3545403001754,85.51139255315638,60.0,41539.0,0.4956217408180237,0.4956217408180237,5.940708637237549,5.940708637237549,10979
125.01392843009585,85.51139255315638,80.0,41515.0,0.4925945997238159,0.4925945997238159,5.790318965911865,5.790318965911865,11007
112.74695156967624,85.51139255315638,100.0,41515.0,0.5016553997993469,0.5016553997993469,5.745593070983887,5.745593070983887,10863
102.03439129305984,85.51139255315638,120.0,41517.0,0.5086275339126587,0.5086275339126587,5.733182430267334,5.733182430267334,10807
93.4843155255008,85.51139255315638,140.0,41579.0,0.5041407942771912,0.5041407942771912,5.646473407745361,5.646473407745361,10689
87.78262121409712,85.5113925531564,160.0,41535.0,0.5183983445167542,0.5183983445167542,5.822494983673096,5.822494983673096,10595
85.5319747756098,85.51139255315638,180.0,41529.0,0.5211551189422607,0.5211551189422607,5.928096771240234,5.928096771240234,10500
87.01177722774364,85.51139255315638,160.00000000000003,41535.0,0.5303022861480713,0.5303022861480713,5.997982501983643,5.997982501983643,10557
92.03538904974386,85.51139255315638,140.0,41563.0,0.5278598666191101,0.5278598666191101,5.920298099517822,5.920298099517822,10502
100.04770331558564,85.51139255315638,120.0,41539.0,0.548141360282898,0.548141360282898,6.058051109313965,6.058051109313965,10579
110.36280891013187,85.5113925531564,100.0,41515.0,0.5614639520645142,0.5614639520645142,6.10758638381958,6.10758638381958,10704
122.34914946416164,85.51139255315638,80.00000000000003,41515.0,0.5701340436935425,0.5701340436935425,6.17218017578125,6.17218017578125,10983
135.49917465747168,85.51139255315638,60.0,41517.0,0.5661794543266296,0.5661794543266296,6.144968986511231,6.144968986511231,11396
149.424974322265,85.51139255315638,40.00000000000003,41579.0,0.5644031763076782,0.5644031763076782,6.21685791015625,6.21685791015625,11653
163.8280245701084,85.5113925531564,20.0,41535.0,0.5672470331192017,0.5672470331192017,6.375738143920898,6.375738143920898,11876
95.26467499896378,86.51027357915325,0.0,41529.0,0.5224418640136719,0.5224418640136719,6.041408538818359,6.041408538818359,10532
89.26662645445846,86.51027357915326,20.0,41543.0,0.5440737009048462,0.5440737009048462,6.24388599395752,6.24388599395752,10899
86.60752665267928,86.51027357915325,40.0,41529.0,0.5433109402656555,0.5433109402656555,6.221614360809326,6.221614360809326,11000
87.6056492009474,86.51027357915325,60.0,41539.0,0.5217196345329285,0.5217196345329285,6.013213634490967,6.013213634490967,10756
92.1374214069489,86.51027357915326,80.0,41527.0,0.5015640258789062,0.5015640258789062,5.859958171844482,5.859958171844482,10327
99.70107776152356,86.51027357915325,100.0,41529.0,0.4791817367076874,0.4791817367076874,5.6263861656188965,5.6263861656188965,9956
109.63526943123772,86.51027357915325,120.0,41543.0,0.4806679189205169,0.4806679189205169,5.61621618270874,5.61621618270874,9814
121.3095174688716,86.51027357915326,140.0,41503.0,0.4966173470020294,0.4966173470020294,5.702581882476807,5.702581882476807,9944
134.20665575113318,86.51027357915326,160.0,41569.0,0.510342001914978,0.510342001914978,5.747419834136963,5.747419834136963,9902
147.92716439413303,86.51027357915325,180.0,41529.0,0.5169660449028015,0.5169660449028015,5.778632164001465,5.778632164001465,9891
162.1626415158763,86.51027357915326,159.99999999999997,41543.0,0.5303686857223511,0.5303686857223511,5.909900188446045,5.909900188446045,9799
176.66421976677043,86.51027357915325,140.0,41529.0,0.5233886241912842,0.5233886241912842,5.857597827911377,5.857597827911377,9956
168.78597406701363,86.51027357915326,120.0,41539.0,0.5130680799484253,0.5130680799484253,5.792017459869385,5.792017459869385,9935
154.40020147941908,86.51027357915326,100.0,41527.0,0.5132619142532349,0.5132619142532349,5.880965232849121,5.880965232849121,9992
140.4098229920091,86.51027357915326,80.00000000000001,41529.0,0.4994000196456909,0.4994000196456909,5.779432773590088,5.779432773590088,9963
127.0921731329932,86.51027357915326,59.99999999999999,41543.0,0.501086950302124,0.501086950302124,5.816651821136475,5.816651821136475,9874
114.80109270817128,86.51027357915325,40.0,41503.0,0.5014011859893799,0.5014011859893799,5.81159257888794,5.81159257888794,9941
103.99764754287884,86.51027357915326,20.0,41569.0,0.5070202350616455,0.5070202350616455,5.877975940704346,5.877975940704346,10203
120.32490945091796,87.50809363102009,0.0,41477.0,0.4940547943115234,0.4940547943115234,5.518258571624756,5.518258571624756,10962
132.96165217081514,87.5080936310201,20.0,41559.0,0.4744190275669098,0.4744190275669098,5.2110276222229,5.2110276222229,10658
146.47032026569963,87.5080936310201,40.0,41629.0,0.4689056575298309,0.4689056575298309,5.12729024887085,5.12729024887085,10422
160.53268627252532,87.5080936310201,60.0,41565.0,0.4636709094047546,0.4636709094047546,5.040611267089844,5.040611267089844,10196
174.89263415798607,87.5080936310201,80.0,41603.0,0.4823363423347473,0.4823363423347473,5.226900100708008,5.226900100708008,10100
170.67211008776945,87.5080936310201,100.0,41563.0,0.4835699498653412,0.4835699498653412,5.202624320983887,5.202624320983887,10099
156.37524910013937,87.5080936310201,120.0,41585.0,0.4855870604515075,0.4855870604515075,5.223247528076172,5.223247528076172,10091
142.44623871570525,87.5080936310201,140.0,41621.0,0.5122771263122559,0.5122771263122559,5.588500022888184,5.588500022888184,10103
129.15629566771196,87.5080936310201,160.0,41535.0,0.5269221663475037,0.5269221663475037,5.859567642211914,5.859567642211914,9983
116.84759201079004,87.50809363102009,180.0,41477.0,0.5097110271453857,0.5097110271453857,5.840826988220215,5.840826988220215,9858
105.96279029776976,87.5080936310201,160.0,41559.0,0.491484135389328,0.491484135389328,5.672378540039063,5.672378540039063,9915
97.06076606725942,87.5080936310201,140.0,41629.0,0.4779334664344787,0.4779334664344787,5.595999717712402,5.595999717712402,9988
90.78440202129768,87.5080936310201,120.0,41565.0,0.4822864830493927,0.4822864830493927,5.670103073120117,5.670103073120117,10208
87.73577535918058,87.5080936310201,100.0,41603.0,0.5060516595840454,0.5060516595840454,5.923242092132568,5.923242092132568,10509
88.2662403653117,87.5080936310201,80.00000000000004,41563.0,0.5189269185066223,0.5189269185066223,5.999506950378418,5.999506950378418,10813
92.3114826153623,87.5080936310201,60.0,41585.0,0.5296728610992432,0.5296728610992432,6.04230260848999,6.04230260848999,11082
99.4240437642092,87.5080936310201,40.00000000000003,41621.0,0.5376447439193726,0.5376447439193726,6.068340301513672,6.068340301513672,11355
108.97064817978593,87.5080936310201,20.0,41535.0,0.5235952734947205,0.5235952734947205,5.846410274505615,5.846410274505615,11246
144.4632293935062,88.5051579109532,0.0,41617.0,0.5541492104530334,0.5541492104530334,6.081660747528076,6.081660747528076,11410
131.20569828315,88.50515791095322,20.0,41539.0,0.5696067214012146,0.5696067214012146,6.246361255645752,6.246361255645752,11586
118.88566601256316,88.50515791095322,40.0,41553.0,0.548190176486969,0.548190176486969,6.114650726318359,6.114650726318359,11461
107.92862424160826,88.5051579109532,60.0,41557.0,0.5356341004371643,0.5356341004371643,6.067697525024414,6.067697525024414,11460
98.87073133284134,88.5051579109532,80.0,41609.0,0.5359585881233215,0.5359585881233215,6.0834245681762695,6.0834245681762695,11340
92.33338774771912,88.5051579109532,100.0,41539.0,0.5245035290718079,0.5245035290718079,5.934732437133789,5.934732437133789,10994
88.91394110673696,88.50515791095322,120.0,41535.0,0.4995013773441314,0.4995013773441314,5.630034446716309,5.630034446716309,10637
88.99142281255223,88.50515791095322,140.0,41571.0,0.4969385862350464,0.4969385862350464,5.610189437866211,5.610189437866211,10444
92.55665353852795,88.50515791095322,160.0,41531.0,0.5055678486824036,0.5055678486824036,5.722527027130127,5.722527027130127,10442
99.21678520585344,88.5051579109532,180.0,41617.0,0.5001400113105774,0.5001400113105774,5.736212253570557,5.736212253570557,10137
108.36979429425038,88.50515791095322,159.99999999999997,41539.0,0.5053457021713257,0.5053457021713257,5.723589897155762,5.723589897155762,9982
119.39644486731324,88.50515791095322,140.0,41553.0,0.5071508884429932,0.5071508884429932,5.766947746276856,5.766947746276856,9934
131.76531487497405,88.5051579109532,120.00000000000004,41557.0,0.5098257660865784,0.5098257660865784,5.809605121612549,5.809605121612549,9960
145.05551023169824,88.5051579109532,100.0,41609.0,0.5267317891120911,0.5267317891120911,6.029218673706055,6.029218673706055,9920
158.93910210098767,88.5051579109532,80.00000000000004,41539.0,0.5157878994941711,0.5157878994941711,5.844764709472656,5.844764709472656,10156
173.15259883125455,88.5051579109532,59.99999999999999,41535.0,0.5251847505569458,0.5251847505569458,5.841592788696289,5.841592788696289,10462
172.5309071567907,88.5051579109532,40.00000000000003,41571.0,0.5442917346954346,0.5442917346954346,5.952110767364502,5.952110767364502,10813
158.32686355335505,88.5051579109532,20.0,41531.0,0.5576244592666626,0.5576244592666626,6.03330135345459,6.03330135345459,11222
89.7789808524077,89.50176955128985,0.0,42111.0,0.5041285753250122,0.5041285753250122,5.994388580322266,5.994388580322266,10487
92.87185200985256,89.50176955128985,20.0,41549.0,0.5146439671516418,0.5146439671516418,5.95107364654541,5.95107364654541,10495
99.07933766971534,89.50176955128985,40.0,41567.0,0.5070685148239136,0.5070685148239136,5.851080894470215,5.851080894470215,10307
107.8334653505996,89.50176955128985,60.0,41507.0,0.5321722030639648,0.5321722030639648,6.113871574401856,6.113871574401856,10219
118.52520454560752,89.50176955128985,80.0,41489.0,0.5384455323219299,0.5384455323219299,6.129762649536133,6.129762649536133,10051
130.61879109104925,89.50176955128985,100.0,41517.0,0.5318917036056519,0.5318917036056519,5.9704694747924805,5.9704694747924805,9957
143.68381808902333,89.50176955128985,120.0,41543.0,0.5252504944801331,0.5252504944801331,5.778240203857422,5.778240203857422,10028
157.38285695425532,89.50176955128985,140.0,41547.0,0.5372676253318787,0.5372676253318787,5.830980777740479,5.830980777740479,10241
171.44495401576597,89.50176955128985,160.0,41549.0,0.5540064573287964,0.5540064573287964,5.939445495605469,5.939445495605469,10190
174.3616433359555,89.50176955128985,180.0,42111.0,0.5368065237998962,0.5368065237998962,5.908909797668457,5.908909797668457,9837
160.25441647941366,89.50176955128985,160.0,41549.0,0.5334324240684509,0.5334324240684509,5.703655242919922,5.703655242919922,9925
146.46021605362833,89.50176955128985,140.0,41567.0,0.5042276382446289,0.5042276382446289,5.435033798217773,5.435033798217773,9834
133.23977345704745,89.50176955128987,120.0,41507.0,0.490355908870697,0.490355908870697,5.343114852905273,5.343114852905273,9719
120.91454351758274,89.50176955128985,100.0,41489.0,0.4768650531768799,0.4768650531768799,5.2403564453125,5.2403564453125,9909
109.89400417234586,89.50176955128985,80.00000000000001,41517.0,0.4857532083988189,0.4857532083988189,5.384373188018799,5.384373188018799,10039
100.69280952991264,89.50176955128987,59.99999999999999,41543.0,0.498825192451477,0.498825192451477,5.55808162689209,5.55808162689209,10226
93.91113341741348,89.50176955128985,40.0,41547.0,0.5022162795066833,0.5022162795066833,5.640661239624023,5.640661239624023,10335
90.13928310354136,89.50176955128985,19.99999999999997,41549.0,0.5181923508644104,0.5181923508644104,5.896563053131104,5.896563053131104,10480
155.86494228730166,90.49823044871016,0.0,42163.0,0.4916301965713501,0.4916301965713501,5.945297718048096,5.945297718048096,11035
169.77056773547923,90.49823044871016,20.0,41557.0,0.4753973484039306,0.4753973484039306,5.580098628997803,5.580098628997803,10715
176.16356824000428,90.49823044871016,40.0,41525.0,0.4520702064037323,0.4520702064037323,5.3092360496521,5.3092360496521,10302
162.15725299994995,90.49823044871016,60.0,41553.0,0.4519100189208984,0.4519100189208984,5.301636695861816,5.301636695861816,10267
148.43659818690278,90.49823044871016,80.0,41553.0,0.4598598480224609,0.4598598480224609,5.340780735015869,5.340780735015869,10399
135.2579025169,90.49823044871016,100.0,41567.0,0.4752008020877838,0.4752008020877838,5.433040618896484,5.433040618896484,10543
122.9334625427112,90.49823044871016,120.0,41609.0,0.4950179159641266,0.4950179159641266,5.615732669830322,5.615732669830322,10550
111.85782916330253,90.49823044871016,140.0,41573.0,0.4992095828056335,0.4992095828056335,5.633577346801758,5.633577346801758,10432
102.525327931969,90.49823044871016,160.0,41583.0,0.4990357756614685,0.4990357756614685,5.635827541351318,5.635827541351318,10291
95.51529636727838,90.49823044871016,180.0,42163.0,0.4887730181217193,0.4887730181217193,5.718201160430908,5.718201160430908,10127
91.40911062044717,90.49823044871016,160.00000000000003,41557.0,0.5206818580627441,0.5206818580627441,5.976858615875244,5.976858615875244,10443
90.62662928154664,90.49823044871016,140.00000000000003,41525.0,0.5417473316192627,0.5417473316192627,6.216268539428711,6.216268539428711,10719
93.2558426247334,90.49823044871016,120.00000000000004,41553.0,0.5546630620956421,0.5546630620956421,6.292628765106201,6.292628765106201,10953
99.01158629417186,90.49823044871016,100.0,41553.0,0.560408353805542,0.560408353805542,6.2488298416137695,6.2488298416137695,11004
107.36232006914028,90.49823044871016,80.00000000000004,41567.0,0.5655438303947449,0.5655438303947449,6.255938529968262,6.255938529968262,11174
117.71222382971432,90.49823044871016,59.99999999999999,41609.0,0.5641098022460938,0.5641098022460938,6.299863338470459,6.299863338470459,11380
129.52321968332697,90.49823044871016,40.00000000000003,41573.0,0.5452061295509338,0.5452061295509338,6.212815761566162,6.212815761566162,11541
142.35634055159562,90.49823044871016,20.0,41583.0,0.5197568535804749,0.5197568535804749,6.045183181762695,6.045183181762695,11487
113.8190371675438,91.4948420890468,0.0,41587.0,0.529383659362793,0.529383659362793,5.961429595947266,5.961429595947266,10541
104.36669506108548,91.49484208904678,20.0,41517.0,0.5564306378364563,0.5564306378364563,6.141023635864258,6.141023635864258,10983
97.1436382052638,91.4948420890468,40.0,41507.0,0.5540540218353271,0.5540540218353271,6.149835109710693,6.149835109710693,11073
92.72079198689576,91.49484208904678,60.0,41553.0,0.5407496094703674,0.5407496094703674,6.08055591583252,6.08055591583252,10863
91.53203088745325,91.49484208904678,80.0,41551.0,0.5118222832679749,0.5118222832679749,5.8557000160217285,5.8557000160217285,10562
93.70724792653196,91.49484208904678,100.0,41553.0,0.500889241695404,0.500889241695404,5.836746692657471,5.836746692657471,10331
99.01326520415934,91.49484208904678,120.0,41513.0,0.4891279339790344,0.4891279339790344,5.743927955627441,5.743927955627441,10147
106.95691165906123,91.4948420890468,140.0,41551.0,0.4896009564399719,0.4896009564399719,5.711636543273926,5.711636543273926,10047
116.95848568093776,91.49484208904678,160.0,41531.0,0.4876869320869446,0.4876869320869446,5.5865159034729,5.5865159034729,10032
128.47972625649706,91.49484208904678,180.0,41587.0,0.4978048205375671,0.4978048205375671,5.713489532470703,5.713489532470703,9964
141.0741844185022,91.4948420890468,160.0,41517.0,0.519929051399231,0.519929051399231,5.877451419830322,5.877451419830322,10015
154.38637170447018,91.4948420890468,140.0,41507.0,0.5208415985107422,0.5208415985107422,5.941781044006348,5.941781044006348,10094
168.13033535853987,91.4948420890468,120.0,41553.0,0.5185684561729431,0.5185684561729431,5.999240398406982,5.999240398406982,10006
177.93590298718382,91.4948420890468,100.0,41551.0,0.5172595381736755,0.5172595381736755,6.0662126541137695,6.0662126541137695,9928
164.034691374846,91.4948420890468,80.00000000000001,41553.0,0.5043026208877563,0.5043026208877563,5.9166178703308105,5.9166178703308105,9840
150.39175308851546,91.4948420890468,60.0,41513.0,0.5076828598976135,0.5076828598976135,5.891379356384277,5.891379356384277,9695
137.25945430845485,91.4948420890468,40.0,41551.0,0.5180067420005798,0.5180067420005798,5.907408237457275,5.907408237457275,9903
124.94166747672222,91.4948420890468,20.0,41531.0,0.5182600617408752,0.5182600617408752,5.816118717193604,5.816118717193604,10142
106.61768193137306,92.49190636897993,0.0,41531.0,0.5096749663352966,0.5096749663352966,5.547028541564941,5.547028541564941,10817
116.26491382056886,92.4919063689799,20.0,41575.0,0.4991092383861542,0.4991092383861542,5.437511444091797,5.437511444091797,10625
127.4894180237994,92.4919063689799,40.0,41529.0,0.4977487921714782,0.4977487921714782,5.473028182983398,5.473028182983398,10515
139.83846349499743,92.49190636897993,60.0,41537.0,0.5032657384872437,0.5032657384872437,5.555633544921875,5.555633544921875,10283
152.94817943495042,92.49190636897993,80.0,41531.0,0.5023420453071594,0.5023420453071594,5.478153228759766,5.478153228759766,10090
166.52517905601755,92.49190636897993,100.0,41569.0,0.500996470451355,0.500996470451355,5.335286617279053,5.335286617279053,10121
179.67784017809558,92.4919063689799,120.0,41553.0,0.5239197015762329,0.5239197015762329,5.53522253036499,5.53522253036499,10060
165.88602264971146,92.4919063689799,140.0,41575.0,0.5094649195671082,0.5094649195671082,5.395779609680176,5.395779609680176,10036
152.32503518579782,92.49190636897993,160.0,41593.0,0.5183961987495422,0.5183961987495422,5.594175338745117,5.594175338745117,9932
139.2437839033253,92.49190636897993,180.0,41531.0,0.5069101452827454,0.5069101452827454,5.611528396606445,5.611528396606445,9875
126.9384064272468,92.4919063689799,159.99999999999997,41575.0,0.4982872605323791,0.4982872605323791,5.608174800872803,5.608174800872803,9790
115.77660002376967,92.4919063689799,140.0,41529.0,0.4770744442939758,0.4770744442939758,5.451852798461914,5.451852798461914,9753
106.21539372361411,92.4919063689799,120.0,41537.0,0.4716483354568481,0.4716483354568481,5.453202724456787,5.453202724456787,9890
98.79402084703102,92.49190636897993,100.0,41531.0,0.4794608056545257,0.4794608056545257,5.559608459472656,5.559608459472656,10199
94.0717616653341,92.4919063689799,80.00000000000001,41569.0,0.4832769334316253,0.4832769334316253,5.517107963562012,5.517107963562012,10387
92.4928129361862,92.4919063689799,59.99999999999999,41553.0,0.4827765226364136,0.4827765226364136,5.373528957366943,5.373528957366943,10497
94.22456071374654,92.49190636897993,40.00000000000003,41575.0,0.4932057559490204,0.4932057559490204,5.385425567626953,5.385425567626953,10699
99.08395853842,92.49190636897993,20.0,41593.0,0.5084376931190491,0.5084376931190491,5.504819393157959,5.504819393157959,10875
167.7105102986678,93.48972642084676,0.0,41543.0,0.5632020235061646,0.5632020235061646,6.333298206329346,6.333298206329346,11853
154.23577535297676,93.48972642084676,20.0,41565.0,0.5361863374710083,0.5361863374710083,6.149141788482666,6.149141788482666,11620
141.21023133816874,93.48972642084676,40.0,41555.0,0.5162339210510254,0.5162339210510254,6.063714504241943,6.063714504241943,11467
128.92292873086262,93.48972642084676,60.0,41565.0,0.520203173160553,0.520203173160553,6.1580729484558105,6.1580729484558105,11438
117.72951882460474,93.48972642084676,80.0,41537.0,0.5223237872123718,0.5223237872123718,6.046416282653809,6.046416282653809,11232
108.06997438441913,93.48972642084676,100.0,41557.0,0.5211167931556702,0.5211167931556702,5.897467136383057,5.897467136383057,11065
100.46440204583696,93.48972642084676,120.0,41515.0,0.5087881684303284,0.5087881684303284,5.665570259094238,5.665570259094238,10799
95.45952557365302,93.48972642084676,140.0,41567.0,0.5084043741226196,0.5084043741226196,5.645386219024658,5.645386219024658,10596
93.50658245107742,93.48972642084676,160.0,41547.0,0.518267035484314,0.518267035484314,5.792799472808838,5.792799472808838,10491
94.80615718276322,93.48972642084676,180.0,41543.0,0.5204692482948303,0.5204692482948303,5.857063293457031,5.857063293457031,10345
99.22310305215228,93.48972642084676,160.00000000000003,41565.0,0.5216633081436157,0.5216633081436157,5.871823310852051,5.871823310852051,10227
106.34495630143203,93.48972642084676,140.0,41555.0,0.5152201652526855,0.5152201652526855,5.792868137359619,5.792868137359619,10086
115.63236600781684,93.48972642084676,120.00000000000004,41565.0,0.5210614800453186,0.5210614800453186,5.819270610809326,5.819270610809326,10075
126.55337847632067,93.48972642084676,100.0,41537.0,0.5338668823242188,0.5338668823242188,5.914389133453369,5.914389133453369,10210
138.65029526998575,93.48972642084676,80.00000000000004,41557.0,0.5440253019332886,0.5440253019332886,5.955691814422607,5.955691814422607,10464
151.55141862848788,93.48972642084676,59.99999999999999,41515.0,0.5484544038772583,0.5484544038772583,5.954372882843018,5.954372882843018,10977
164.95604716072813,93.48972642084676,40.00000000000003,41567.0,0.5638722777366638,0.5638722777366638,6.142823696136475,6.142823696136475,11336
178.61145608987172,93.48972642084676,20.0,41547.0,0.5663958787918091,0.5663958787918091,6.242211818695068,6.242211818695068,11628
96.88166483614336,94.48860744684364,0.0,41561.0,0.5115836262702942,0.5115836262702942,6.00357723236084,6.00357723236084,10350
94.5709401459651,94.48860744684366,20.0,41563.0,0.5238185524940491,0.5238185524940491,6.099269866943359,6.099269866943359,10516
95.45031061873716,94.48860744684364,40.0,41555.0,0.5272663235664368,0.5272663235664368,6.093650817871094,6.093650817871094,10537
99.429992236642,94.48860744684366,60.0,41559.0,0.5172396302223206,0.5172396302223206,5.973257541656494,5.973257541656494,10358
106.13893978854566,94.48860744684367,80.0,41563.0,0.4966327250003814,0.4966327250003814,5.734503269195557,5.734503269195557,10074
115.06162755248924,94.48860744684366,100.0,41539.0,0.4864614903926849,0.4864614903926849,5.600757598876953,5.600757598876953,10001
125.67266189777894,94.48860744684364,120.0,41569.0,0.5027622580528259,0.5027622580528259,5.726973056793213,5.726973056793213,9935
137.51079735810114,94.48860744684366,140.0,41535.0,0.5260000228881836,0.5260000228881836,5.900503158569336,5.900503158569336,10029
150.19715946528248,94.48860744684364,160.0,41559.0,0.5387777090072632,0.5387777090072632,5.950319290161133,5.950319290161133,10057
163.42391341744974,94.48860744684364,180.0,41561.0,0.5389537811279297,0.5389537811279297,5.903062343597412,5.903062343597412,9915
176.93285016530487,94.48860744684366,160.0,41563.0,0.5394149422645569,0.5394149422645569,5.899119377136231,5.899119377136231,9820
169.50738986709655,94.48860744684364,140.0,41555.0,0.5326182842254639,0.5326182842254639,5.845775604248047,5.845775604248047,9867
156.1232802138125,94.48860744684364,120.0,41559.0,0.5115402340888977,0.5115402340888977,5.648731708526611,5.648731708526611,9751
143.15812037869068,94.48860744684366,100.0,41563.0,0.503900945186615,0.503900945186615,5.658498764038086,5.658498764038086,9959
130.89448260430254,94.48860744684366,80.00000000000001,41539.0,0.4953034222126007,0.4953034222126007,5.635371208190918,5.635371208190918,9951
119.676819610775,94.48860744684364,59.99999999999993,41569.0,0.4870710670948028,0.4870710670948028,5.590396881103516,5.590396881103516,9857
109.92904888213228,94.48860744684364,39.99999999999994,41535.0,0.5009543299674988,0.5009543299674988,5.812633037567139,5.812633037567139,9943
102.15283056283648,94.48860744684364,19.99999999999997,41559.0,0.5123131275177002,0.5123131275177002,6.000086784362793,6.000086784362793,10185
136.42108371956178,95.48885756903644,0.0,41555.0,0.5006592273712158,0.5006592273712158,5.768938064575195,5.768938064575195,11094
148.8864870762985,95.48885756903644,20.0,41597.0,0.4756022095680237,0.4756022095680237,5.402335166931152,5.402335166931152,10592
161.9297761166496,95.48885756903644,40.0,41517.0,0.4543065130710602,0.4543065130710602,5.07671594619751,5.07671594619751,10218
175.2872347358075,95.48885756903644,60.0,41535.0,0.4641269147396087,0.4641269147396087,5.14566707611084,5.14566707611084,10075
171.27586861880596,95.48885756903644,80.0,41567.0,0.4677644968032837,0.4677644968032837,5.121996402740479,5.121996402740479,10149
157.98683143298086,95.48885756903644,100.0,41575.0,0.4801348149776459,0.4801348149776459,5.249521732330322,5.249521732330322,10255
145.08675730236826,95.48885756903644,120.0,41535.0,0.5010074377059937,0.5010074377059937,5.496260643005371,5.496260643005371,10201
132.852312916992,95.48885756903644,140.0,41553.0,0.5022232532501221,0.5022232532501221,5.541469573974609,5.541469573974609,10115
121.6175493571855,95.48885756903644,160.0,41547.0,0.5118937492370605,0.5118937492370605,5.719321250915527,5.719321250915527,10054
111.79128448055796,95.48885756903644,180.0,41555.0,0.5228164196014404,0.5228164196014404,5.940770149230957,5.940770149230957,10031
103.85744110015604,95.48885756903644,160.00000000000003,41597.0,0.5010618567466736,0.5010618567466736,5.778927803039551,5.778927803039551,10118
98.33583814632246,95.48885756903644,140.0,41517.0,0.5055171847343445,0.5055171847343445,5.895547389984131,5.895547389984131,10257
95.68349292915316,95.48885756903644,120.0,41535.0,0.5189697742462158,0.5189697742462158,6.059513092041016,6.059513092041016,10538
96.15520535561107,95.48885756903644,99.99999999999996,41567.0,0.5254309773445129,0.5254309773445129,6.085482597351074,6.085482597351074,10642
99.70378186198232,95.48885756903644,80.00000000000004,41575.0,0.5232205390930176,0.5232205390930176,6.013978481292725,6.013978481292725,10893
105.9997141026892,95.48885756903644,59.99999999999997,41535.0,0.5345223546028137,0.5345223546028137,6.161317825317383,6.161317825317383,11298
114.55340516547156,95.48885756903644,40.00000000000003,41553.0,0.527106761932373,0.527106761932373,6.099433422088623,6.099433422088623,11453
124.84828777694942,95.48885756903644,20.0,41547.0,0.5277339816093445,0.5277339816093445,6.130880355834961,6.130880355834961,11494
134.79565906706566,96.490788701835,0.0,41523.0,0.5628892183303833,0.5628892183303833,6.069514274597168,6.069514274597168,10983
123.55077221937049,96.490788701835,20.0,41531.0,0.5754636526107788,0.5754636526107788,6.227797031402588,6.227797031402588,11293
113.65539824590046,96.490788701835,40.0,41565.0,0.5592811107635498,0.5592811107635498,6.13851261138916,6.13851261138916,11260
105.57644909689851,96.490788701835,60.0,41529.0,0.5384513735771179,0.5384513735771179,6.026951789855957,6.026951789855957,11147
99.81978292152846,96.490788701835,80.0,41567.0,0.5235870480537415,0.5235870480537415,5.947363376617432,5.947363376617432,10937
96.84186494131848,96.49078870183496,100.0,41557.0,0.516147792339325,0.516147792339325,5.926277160644531,5.926277160644531,10722
96.91895074359743,96.490788701835,120.0,41527.0,0.4909211695194244,0.4909211695194244,5.643935680389404,5.643935680389404,10405
100.0434968175292,96.490788701835,140.0,41543.0,0.4850548207759857,0.4850548207759857,5.572320938110352,5.572320938110352,10346
105.927235887589,96.490788701835,160.0,41513.0,0.5029464364051819,0.5029464364051819,5.769247055053711,5.769247055053711,10268
114.10832125130206,96.490788701835,180.0,41523.0,0.5100460052490234,0.5100460052490234,5.829257488250732,5.829257488250732,10227
124.08123517743724,96.490788701835,160.00000000000003,41531.0,0.5029539465904236,0.5029539465904236,5.731949329376221,5.731949329376221,10045
135.38226067649305,96.490788701835,140.0,41565.0,0.5005234479904175,0.5005234479904175,5.727023601531982,5.727023601531982,9915
147.62049927287458,96.490788701835,120.0,41529.0,0.5033230781555176,0.5033230781555176,5.808294296264648,5.808294296264648,9813
160.47465710486333,96.490788701835,100.0,41567.0,0.4974273145198822,0.4974273145198822,5.783910274505615,5.783910274505615,9674
173.67553066478197,96.490788701835,80.00000000000004,41557.0,0.4880745112895965,0.4880745112895965,5.638857364654541,5.638857364654541,9717
173.01512519185218,96.490788701835,59.99999999999999,41527.0,0.4972952902317047,0.4972952902317047,5.6365485191345215,5.6365485191345215,9918
159.8256849969812,96.490788701835,40.00000000000003,41543.0,0.5140265822410583,0.5140265822410583,5.695795059204102,5.695795059204102,10267
146.99542969430706,96.490788701835,20.0,41513.0,0.534677267074585,0.534677267074585,5.805075168609619,5.805075168609619,10555
100.44803909853916,97.49471745392668,0.0,41535.0,0.5176699757575989,0.5176699757575989,5.801064014434815,5.801064014434815,10656
105.9213361660861,97.49471745392668,20.0,41577.0,0.5103918313980103,0.5103918313980103,5.791547775268555,5.791547775268555,10545
113.72690874576256,97.49471745392668,40.0,41583.0,0.5057795643806458,0.5057795643806458,5.758021831512451,5.758021831512451,10342
123.37243713157044,97.49471745392668,60.0,41523.0,0.5137256979942322,0.5137256979942322,5.801505565643311,5.801505565643311,10146
134.3954227503463,97.49471745392664,80.0,41575.0,0.5279061198234558,0.5279061198234558,5.84192419052124,5.84192419052124,10059
146.40030408765142,97.49471745392668,100.0,41573.0,0.5247603058815002,0.5247603058815002,5.695439338684082,5.695439338684082,10007
159.05960066617467,97.49471745392668,120.0,41553.0,0.5156166553497314,0.5156166553497314,5.507969379425049,5.507969379425049,10021
172.0986867659398,97.49471745392668,140.0,41525.0,0.5264546871185303,0.5264546871185303,5.594905376434326,5.594905376434326,10105
174.72430926696637,97.49471745392668,160.0,41523.0,0.5539109706878662,0.5539109706878662,5.892167091369629,5.892167091369629,10298
161.63907048521727,97.49471745392668,180.0,41535.0,0.5516138076782227,0.5516138076782227,5.874129295349121,5.874129295349121,10102
148.88340525104394,97.49471745392668,160.0,41577.0,0.5313489437103271,0.5313489437103271,5.694875240325928,5.694875240325928,9945
136.72375294466238,97.49471745392668,140.0,41583.0,0.5148199796676636,0.5148199796676636,5.599677085876465,5.599677085876465,9862
125.4755660111054,97.49471745392668,120.0,41523.0,0.4877030253410339,0.4877030253410339,5.377110004425049,5.377110004425049,9828
115.5201517355243,97.49471745392668,100.0,41575.0,0.4753458797931671,0.4753458797931671,5.279800415039063,5.279800415039063,9985
107.3081454687216,97.49471745392668,80.00000000000001,41573.0,0.4732950627803802,0.4732950627803802,5.233762264251709,5.233762264251709,10162
101.33131542103725,97.49471745392668,59.99999999999999,41553.0,0.4888109564781189,0.4888109564781189,5.36949348449707,5.36949348449707,10365
98.04370713104517,97.49471745392668,40.0,41525.0,0.5060575008392334,0.5060575008392334,5.5571136474609375,5.5571136474609375,10517
97.73959488691376,97.49471745392668,20.0,41523.0,0.5112601518630981,0.5112601518630981,5.649837493896484,5.649837493896484,10592
170.5576795102217,98.500966067119,0.0,41551.0,0.5316809415817261,0.5316809415817261,6.217393398284912,6.217393398284912,11597
176.4025412521683,98.500966067119,20.0,41569.0,0.5042084455490112,0.5042084455490112,5.975098609924316,5.975098609924316,11165
163.4261903317037,98.500966067119,40.0,41593.0,0.4804829657077789,0.4804829657077789,5.742758274078369,5.742758274078369,10773
150.7499305873794,98.500966067119,60.0,41547.0,0.4771456718444824,0.4771456718444824,5.695312023162842,5.695312023162842,10705
138.6358169676837,98.500966067119,80.0,41563.0,0.476315438747406,0.476315438747406,5.549692630767822,5.549692630767822,10657
127.39101888611113,98.500966067119,100.0,41531.0,0.482176661491394,0.482176661491394,5.467658996582031,5.467658996582031,10695
117.38434598117536,98.500966067119,120.0,41573.0,0.4930088222026825,0.4930088222026825,5.515024662017822,5.515024662017822,10732
109.05089135470904,98.500966067119,140.0,41563.0,0.5037969350814819,0.5037969350814819,5.624414920806885,5.624414920806885,10618
102.86832998806469,98.500966067119,160.0,41555.0,0.504715621471405,0.504715621471405,5.671964645385742,5.671964645385742,10452
99.2867054050977,98.500966067119,180.0,41551.0,0.5070955753326416,0.5070955753326416,5.781153202056885,5.781153202056885,10201
98.61513794426146,98.500966067119,160.00000000000003,41569.0,0.5137233138084412,0.5137233138084412,5.891907691955566,5.891907691955566,10273
100.91619676740348,98.500966067119,140.0,41593.0,0.5251396298408508,0.5251396298408508,5.994225978851318,5.994225978851318,10338
105.98172100866506,98.500966067119,120.00000000000004,41547.0,0.5439295172691345,0.5439295172691345,6.128762245178223,6.128762245178223,10456
113.40960659727864,98.500966067119,100.0,41563.0,0.5567755699157715,0.5567755699157715,6.168339729309082,6.168339729309082,10747
122.7227751315065,98.500966067119,80.00000000000004,41531.0,0.5716540813446045,0.5716540813446045,6.262936592102051,6.262936592102051,11024
133.46164835131145,98.500966067119,59.99999999999999,41573.0,0.5710833668708801,0.5710833668708801,6.261854648590088,6.261854648590088,11348
145.22701713242904,98.500966067119,40.00000000000003,41563.0,0.5623233318328857,0.5623233318328857,6.285413265228272,6.285413265228272,11524
157.68567227087226,98.500966067119,20.0,41555.0,0.546894371509552,0.546894371509552,6.263951778411865,6.263951778411865,11694
110.80311292076236,99.50986340011563,0.0,41591.0,0.5171508193016052,0.5171508193016052,5.933306694030762,5.933306694030762,10283
104.42879756257511,99.50986340011562,20.0,41565.0,0.5386959910392761,0.5386959910392761,6.14060640335083,6.14060640335083,10629
100.56858741696615,99.50986340011563,40.0,41533.0,0.5460532307624817,0.5460532307624817,6.231393814086914,6.231393814086914,10818
99.54354481755286,99.50986340011562,60.0,41575.0,0.5305355191230774,0.5305355191230774,6.099584579467773,6.099584579467773,10722
101.44665370454784,99.50986340011562,80.0,41567.0,0.5082716345787048,0.5082716345787048,5.89066743850708,5.89066743850708,10330
106.10797342029636,99.50986340011563,100.0,41523.0,0.4868144690990448,0.4868144690990448,5.674872875213623,5.674872875213623,10025
113.15675598399524,99.50986340011563,120.0,41543.0,0.4904376268386841,0.4904376268386841,5.7000908851623535,5.7000908851623535,9977
122.13307379595182,99.50986340011563,140.0,41513.0,0.4959072470664978,0.4959072470664978,5.696204662322998,5.696204662322998,9968
132.58199535712353,99.50986340011563,160.0,41533.0,0.5121691823005676,0.5121691823005676,5.766369342803955,5.766369342803955,9930
144.1017587826509,99.50986340011563,180.0,41591.0,0.5247408747673035,0.5247408747673035,5.848220348358154,5.848220348358154,9939
156.35395718934538,99.50986340011563,159.99999999999997,41565.0,0.5276684761047363,0.5276684761047363,5.862754821777344,5.862754821777344,9843
169.0535126607118,99.50986340011563,140.0,41533.0,0.5174367427825928,0.5174367427825928,5.765795230865479,5.765795230865479,9909
178.04891198666508,99.50986340011563,120.0,41575.0,0.5216596722602844,0.5216596722602844,5.931941986083984,5.931941986083984,9920
165.18621907757463,99.50986340011563,100.0,41567.0,0.5096282362937927,0.5096282362937927,5.923020362854004,5.923020362854004,9899
152.59423004147794,99.50986340011563,80.00000000000001,41523.0,0.4947459101676941,0.4947459101676941,5.82014799118042,5.82014799118042,9805
140.53106217634095,99.50986340011563,59.99999999999999,41543.0,0.4922316670417785,0.4922316670417785,5.7644758224487305,5.7644758224487305,9618
129.29622619873274,99.50986340011563,40.0,41513.0,0.4943725764751434,0.4943725764751434,5.7585978507995605,5.7585978507995605,9642
119.24681674772046,99.50986340011562,19.99999999999997,41533.0,0.5035544037818909,0.5035544037818909,5.823666572570801,5.823666572570801,9909
121.6040957949411,100.52174596596792,0.0,41569.0,0.5005489587783813,0.5005489587783813,5.416808128356934,5.416808128356934,10871
131.75749662527102,100.52174596596792,20.0,41553.0,0.4808743596076965,0.4808743596076965,5.1533732414245605,5.1533732414245605,10582
143.02565120276626,100.52174596596792,40.0,41549.0,0.4764094650745392,0.4764094650745392,5.117646217346191,5.117646217346191,10438
155.0655589716642,100.52174596596794,60.0,41601.0,0.4823336899280548,0.4823336899280548,5.196076393127441,5.196076393127441,10275
167.58721683227387,100.52174596596792,80.0,41583.0,0.4938791692256927,0.4938791692256927,5.310933589935303,5.310933589935303,10172
179.66248246651077,100.52174596596792,100.0,41543.0,0.4906665682792663,0.4906665682792663,5.228994846343994,5.228994846343994,10022
166.91830261419787,100.52174596596792,120.0,41557.0,0.4955380260944366,0.4955380260944366,5.245237350463867,5.245237350463867,10030
154.4155044734976,100.52174596596792,140.0,41553.0,0.5078870058059692,0.5078870058059692,5.451494693756104,5.451494693756104,9929
142.4086863737311,100.52174596596792,160.0,41571.0,0.5121902227401733,0.5121902227401733,5.610110282897949,5.610110282897949,9841
131.1902875202181,100.52174596596792,180.0,41569.0,0.5012449026107788,0.5012449026107788,5.64324951171875,5.64324951171875,9748
121.10643004728963,100.52174596596792,160.0,41553.0,0.4810147583484649,0.4810147583484649,5.49918794631958,5.49918794631958,9838
112.56329625646828,100.52174596596792,140.0,41549.0,0.4764224290847778,0.4764224290847778,5.51814603805542,5.51814603805542,9846
106.01076359731022,100.52174596596794,120.0,41601.0,0.480494350194931,0.480494350194931,5.599438667297363,5.599438667297363,9998
101.88712807699056,100.52174596596792,100.0,41583.0,0.4975127875804901,0.4975127875804901,5.819437026977539,5.819437026977539,10333
100.5227570889099,100.52174596596792,80.00000000000003,41543.0,0.5082079172134399,0.5082079172134399,5.908761024475098,5.908761024475098,10631
102.03799995756802,100.52174596596792,59.99999999999999,41557.0,0.5039350390434265,0.5039350390434265,5.735331058502197,5.735331058502197,10777
106.29955641533898,100.52174596596792,40.0,41553.0,0.5170259475708008,0.5170259475708008,5.776125431060791,5.776125431060791,11054
112.96859734878466,100.52174596596792,19.99999999999997,41571.0,0.5192427635192871,0.5192427635192871,5.676407814025879,5.676407814025879,11085
156.21293005289635,101.53695903281547,0.0,41569.0,0.5643101334571838,0.5643101334571838,6.2021164894104,6.2021164894104,11386
144.26787230036692,101.53695903281547,20.0,41533.0,0.5562267899513245,0.5562267899513245,6.226275444030762,6.226275444030762,11555
133.07230378874775,101.53695903281547,40.0,41563.0,0.5309156775474548,0.5309156775474548,6.072150230407715,6.072150230407715,11367
122.9620778880465,101.53695903281547,60.0,41533.0,0.528067946434021,0.528067946434021,6.133898735046387,6.133898735046387,11413
114.32998239210916,101.53695903281547,80.0,41531.0,0.528206467628479,0.528206467628479,6.093435764312744,6.093435764312744,11261
107.612345494634,101.53695903281547,100.0,41531.0,0.5224504470825195,0.5224504470825195,5.9303975105285645,5.9303975105285645,11057
103.24015388110293,101.53695903281547,120.0,41489.0,0.5048994421958923,0.5048994421958923,5.666290760040283,5.666290760040283,10723
101.55070410037364,101.53695903281547,140.0,41521.0,0.5053710341453552,0.5053710341453552,5.660207748413086,5.660207748413086,10571
102.68874249728827,101.53695903281547,160.0,41541.0,0.516440749168396,0.516440749168396,5.794478893280029,5.794478893280029,10457
106.55581722620994,101.53695903281547,180.0,41569.0,0.5156044960021973,0.5156044960021973,5.812381267547607,5.812381267547607,10168
112.84526832237746,101.53695903281547,160.0,41533.0,0.5092570185661316,0.5092570185661316,5.760986328125,5.760986328125,9918
121.13653711768453,101.53695903281547,140.0,41563.0,0.4984187483787536,0.4984187483787536,5.643094062805176,5.643094062805176,9798
130.98915548918572,101.53695903281547,120.0,41533.0,0.5037973523139954,0.5037973523139954,5.737627029418945,5.737627029418945,9681
141.9998152317554,101.53695903281547,100.0,41531.0,0.5177930593490601,0.5177930593490601,5.891950130462647,5.891950130462647,9742
153.82159779611072,101.53695903281547,80.00000000000003,41531.0,0.5127007365226746,0.5127007365226746,5.7632155418396,5.7632155418396,10064
166.1598489740784,101.53695903281547,60.0,41489.0,0.5253781080245972,0.5253781080245972,5.804343700408936,5.804343700408936,10441
178.75771640629796,101.53695903281547,40.00000000000003,41521.0,0.5483026504516602,0.5483026504516602,5.969217300415039,5.969217300415039,10814
168.6215574161979,101.53695903281547,20.0,41541.0,0.5618625283241272,0.5618625283241272,6.0956878662109375,6.0956878662109375,11169
102.62531310374902,102.555857798586,0.0,41579.0,0.508091151714325,0.508091151714325,5.950289249420166,5.950289249420166,10273
103.39731619564412,102.555857798586,20.0,41535.0,0.5141131281852722,0.5141131281852722,5.985554218292236,5.985554218292236,10239
106.87599256979718,102.55585779858602,40.0,41557.0,0.5078608393669128,0.5078608393669128,5.82170295715332,5.82170295715332,10201
112.78680259065598,102.55585779858605,60.0,41519.0,0.5193514823913574,0.5193514823913574,5.890179634094238,5.890179634094238,10163
120.73102276939312,102.55585779858602,80.0,41573.0,0.5262296199798584,0.5262296199798584,5.93676233291626,5.93676233291626,9966
130.27794129537585,102.555857798586,100.0,41555.0,0.5092056393623352,0.5092056393623352,5.6830573081970215,5.6830573081970215,9887
141.02536715357235,102.555857798586,120.0,41563.0,0.5187079906463623,0.5187079906463623,5.744709014892578,5.744709014892578,10124
152.62320869322457,102.55585779858602,140.0,41567.0,0.5537296533584595,0.5537296533584595,6.081385135650635,6.081385135650635,10188
164.77249177496114,102.55585779858602,160.0,41505.0,0.5612192749977112,0.5612192749977112,6.087303638458252,6.087303638458252,10129
177.21268405063452,102.55585779858602,180.0,41579.0,0.5670881271362305,0.5670881271362305,6.114489555358887,6.114489555358887,10032
170.2950697630388,102.555857798586,160.0,41535.0,0.5472674369812012,0.5472674369812012,5.898549556732178,5.898549556732178,9926
157.98565702929412,102.55585779858602,140.0,41557.0,0.5264593362808228,0.5264593362808228,5.709573745727539,5.709573745727539,9846
146.1077858310604,102.55585779858602,120.0,41519.0,0.5134910941123962,0.5134910941123962,5.6198577880859375,5.6198577880859375,9801
134.9413745726675,102.55585779858602,100.0,41573.0,0.4901385605335235,0.4901385605335235,5.381977558135986,5.381977558135986,9917
124.81267423652244,102.555857798586,80.00000000000001,41555.0,0.4875709116458893,0.4875709116458893,5.401991367340088,5.401991367340088,10068
116.10176245393146,102.555857798586,59.99999999999993,41563.0,0.490064412355423,0.490064412355423,5.489234447479248,5.489234447479248,10099
109.23172966723656,102.55585779858602,40.0,41567.0,0.5118598937988281,0.5118598937988281,5.818738460540772,5.818738460540772,10099
104.62554616368244,102.555857798586,19.99999999999997,41505.0,0.5166352987289429,0.5166352987289429,5.982156753540039,5.982156753540039,10218
151.47153965573375,103.57880865158992,0.0,41517.0,0.4982216656208038,0.4982216656208038,5.886296272277832,5.886296272277832,11179
163.42625299372173,103.57880865158994,20.0,41537.0,0.4688907563686371,0.4688907563686371,5.474133968353272,5.474133968353272,10582
175.7034504095851,103.57880865158994,40.0,41579.0,0.4531179964542389,0.4531179964542389,5.224574565887451,5.224574565887451,10125
171.93789494697998,103.57880865158992,60.0,41545.0,0.4509995579719543,0.4509995579719543,5.127849578857422,5.127849578857422,10079
159.7328084813273,103.57880865158992,80.0,41533.0,0.4582940936088562,0.4582940936088562,5.133860111236572,5.133860111236572,10244
147.92757418280215,103.57880865158994,100.0,41547.0,0.4753373861312866,0.4753373861312866,5.257165431976318,5.257165431976318,10440
136.79659542744236,103.57880865158992,120.0,41525.0,0.4954648017883301,0.4954648017883301,5.47815465927124,5.47815465927124,10432
126.6571511724092,103.57880865158994,140.0,41567.0,0.5037906765937805,0.5037906765937805,5.605159759521484,5.605159759521484,10256
117.87727296874635,103.57880865158994,160.0,41563.0,0.5044357776641846,0.5044357776641846,5.659069538116455,5.659069538116455,10108
110.86716831184935,103.57880865158992,180.0,41517.0,0.5052468776702881,0.5052468776702881,5.752901554107666,5.752901554107666,10064
106.0412433840246,103.57880865158992,159.99999999999997,41537.0,0.5116884708404541,0.5116884708404541,5.913026332855225,5.913026332855225,10245
103.74451843853988,103.57880865158994,140.0,41579.0,0.5288180708885193,0.5288180708885193,6.151046752929688,6.151046752929688,10440
104.16209485181663,103.57880865158992,120.00000000000004,41545.0,0.5367675423622131,0.5367675423622131,6.196831703186035,6.196831703186035,10634
107.25921487700478,103.57880865158992,100.0,41533.0,0.541487991809845,0.541487991809845,6.154819965362549,6.154819965362549,10684
112.79312974640057,103.57880865158994,80.00000000000004,41547.0,0.5512646436691284,0.5512646436691284,6.243066787719727,6.243066787719727,11001
120.38810298211064,103.57880865158992,59.99999999999997,41525.0,0.5432003140449524,0.5432003140449524,6.2123188972473145,6.2123188972473145,11295
129.62478504448637,103.57880865158994,40.00000000000003,41567.0,0.5230036377906799,0.5230036377906799,6.077996253967285,6.077996253967285,11314
140.10341538314023,103.57880865158992,19.99999999999997,41563.0,0.515902578830719,0.515902578830719,6.083602428436279,6.083602428436279,11452
128.49445521480908,104.6061905304634,0.0,42051.0,0.532997190952301,0.532997190952301,6.04677152633667,6.04677152633667,10531
119.6551913231702,104.6061905304634,20.0,41569.0,0.5568616986274719,0.5568616986274719,6.095349311828613,6.095349311828613,10959
112.51697597217562,104.6061905304634,40.0,41569.0,0.5499544143676758,0.5499544143676758,6.065245151519775,6.065245151519775,10974
107.48524255632589,104.60619053046338,60.0,41565.0,0.5333577990531921,0.5333577990531921,5.979516983032227,5.979516983032227,10809
104.90626972329606,104.60619053046338,80.0,41569.0,0.5137954950332642,0.5137954950332642,5.884639739990234,5.884639739990234,10558
104.98140210895004,104.60619053046338,100.0,41571.0,0.5081624388694763,0.5081624388694763,5.9083251953125,5.9083251953125,10437
107.70451937603156,104.6061905304634,120.0,41525.0,0.4969359934329986,0.4969359934329986,5.7959513664245605,5.7959513664245605,10275
112.86407614902672,104.6061905304634,140.0,41571.0,0.4931977987289428,0.4931977987289428,5.71852970123291,5.71852970123291,10164
120.10825002188244,104.6061905304634,160.0,41549.0,0.4917966425418854,0.4917966425418854,5.620713233947754,5.620713233947754,10102
129.03057520478797,104.6061905304634,180.0,42051.0,0.4866450428962707,0.4866450428962707,5.680345058441162,5.680345058441162,9956
139.23505710478284,104.6061905304634,159.99999999999997,41569.0,0.510887861251831,0.510887861251831,5.7705583572387695,5.7705583572387695,10108
150.36774964910853,104.6061905304634,140.0,41569.0,0.5094366669654846,0.5094366669654846,5.804091930389404,5.804091930389404,10007
162.12226471909136,104.6061905304634,120.0,41565.0,0.5071836709976196,0.5071836709976196,5.855941295623779,5.855941295623779,9912
174.23107613255166,104.6061905304634,100.0,41569.0,0.4974035620689392,0.4974035620689392,5.819383144378662,5.819383144378662,9707
173.54905646413698,104.6061905304634,80.00000000000004,41571.0,0.4846633672714233,0.4846633672714233,5.690645694732666,5.690645694732666,9434
161.45347903728077,104.60619053046338,60.0,41525.0,0.4790385365486145,0.4790385365486145,5.5391130447387695,5.5391130447387695,9488
149.72636412228823,104.6061905304634,40.00000000000003,41571.0,0.5007156133651733,0.5007156133651733,5.684248447418213,5.684248447418213,9752
138.63705532767145,104.6061905304634,20.0,41549.0,0.5168214440345764,0.5168214440345764,5.750710964202881,5.750710964202881,10166
112.99936679872889,105.63839639872076,0.0,41549.0,0.512691855430603,0.512691855430603,5.551346302032471,5.551346302032471,10675
119.89185567008384,105.63839639872076,20.0,41577.0,0.5025520324707031,0.5025520324707031,5.493031978607178,5.493031978607178,10637
128.49615377141524,105.63839639872076,40.0,41515.0,0.5059626698493958,0.5059626698493958,5.601208209991455,5.601208209991455,10445
138.42137490650018,105.63839639872076,60.0,41597.0,0.5169516205787659,0.5169516205787659,5.707763671875,5.707763671875,10211
149.31300654239084,105.63839639872076,80.0,41559.0,0.5125290751457214,0.5125290751457214,5.558008670806885,5.558008670806885,10058
160.86168256720856,105.63839639872076,100.0,41575.0,0.5126364231109619,0.5126364231109619,5.434492588043213,5.434492588043213,9984
172.79665274030128,105.63839639872076,120.0,41599.0,0.5142989158630371,0.5142989158630371,5.4255690574646,5.4255690574646,9956
175.1275451840527,105.63839639872076,140.0,41563.0,0.5130083560943604,0.5130083560943604,5.449514865875244,5.449514865875244,9892
163.14673356041996,105.63839639872076,160.0,41571.0,0.5188088417053223,0.5188088417053223,5.588830947875977,5.588830947875977,9952
151.50326016152485,105.63839639872076,180.0,41549.0,0.5330140590667725,0.5330140590667725,5.827756881713867,5.827756881713867,10067
140.46183415608624,105.63839639872076,160.0,41577.0,0.5182463526725769,0.5182463526725769,5.711716651916504,5.711716651916504,9928
130.32354379913093,105.63839639872076,140.0,41515.0,0.5030173063278198,0.5030173063278198,5.587450981140137,5.587450981140137,9855
121.43423137814152,105.63839639872076,120.0,41597.0,0.4881152808666229,0.4881152808666229,5.491158962249756,5.491158962249756,9980
114.17952595539232,105.63839639872076,100.0,41559.0,0.4865813851356506,0.4865813851356506,5.523740291595459,5.523740291595459,10138
108.9555999306803,105.63839639872076,80.00000000000001,41575.0,0.4761363863945007,0.4761363863945007,5.334815502166748,5.334815502166748,10210
106.1085390694695,105.63839639872076,59.99999999999999,41599.0,0.4815897941589355,0.4815897941589355,5.285665035247803,5.285665035247803,10422
105.85352212301568,105.63839639872076,40.00000000000003,41563.0,0.4925596714019775,0.4925596714019775,5.316908836364746,5.316908836364746,10584
108.21085190943664,105.63839639872076,20.0,41571.0,0.5034010410308838,0.5034010410308838,5.411684513092041,5.411684513092041,10634
176.67231849145557,106.67583485134288,0.0,41555.0,0.5429826974868774,0.5429826974868774,6.236406803131104,6.236406803131104,11572
164.81160579074646,106.67583485134288,20.0,41527.0,0.5235759019851685,0.5235759019851685,6.132401943206787,6.132401943206787,11530
153.25734272939516,106.67583485134293,40.0,41527.0,0.5113087296485901,0.5113087296485901,6.0909953117370605,6.0909953117370605,11208
142.2700002317268,106.67583485134288,60.0,41559.0,0.5099208950996399,0.5099208950996399,6.066383361816406,6.066383361816406,11209
132.14338188396948,106.67583485134288,80.0,41557.0,0.4957572221755981,0.4957572221755981,5.735151290893555,5.735151290893555,10957
123.21313923554288,106.6758348513429,100.0,41573.0,0.5050578713417053,0.5050578713417053,5.681126594543457,5.681126594543457,10890
115.85324665589478,106.67583485134288,120.0,41559.0,0.5090566277503967,0.5090566277503967,5.6354522705078125,5.6354522705078125,10778
110.4504310280951,106.6758348513429,140.0,41541.0,0.510105311870575,0.510105311870575,5.633432388305664,5.633432388305664,10558
107.34932734690491,106.6758348513429,160.0,41575.0,0.5154197216033936,0.5154197216033936,5.74025297164917,5.74025297164917,10411
106.7767098669303,106.67583485134288,180.0,41555.0,0.506035566329956,0.506035566329956,5.715198516845703,5.715198516845703,10142
108.77707735902511,106.67583485134288,160.00000000000003,41527.0,0.5034067034721375,0.5034067034721375,5.727705001831055,5.727705001831055,10021
113.19862821471516,106.67583485134293,140.00000000000003,41527.0,0.4995187222957611,0.4995187222957611,5.684165954589844,5.684165954589844,9998
119.73922945061652,106.67583485134288,120.0,41559.0,0.5171980857849121,0.5171980857849121,5.857895851135254,5.857895851135254,10077
128.02231264875297,106.67583485134288,100.0,41557.0,0.5309313535690308,0.5309313535690308,5.928376197814941,5.928376197814941,10368
137.66343346031405,106.6758348513429,80.00000000000004,41573.0,0.5535821914672852,0.5535821914672852,6.084228515625,6.084228515625,10633
148.30848498454066,106.6758348513429,60.0,41559.0,0.5592547059059143,0.5592547059059143,6.095251560211182,6.095251560211182,10920
159.64568482818882,106.6758348513429,40.00000000000003,41541.0,0.5606206655502319,0.5606206655502319,6.148231506347656,6.148231506347656,11191
171.40130277961237,106.6758348513429,20.0,41575.0,0.552075207233429,0.552075207233429,6.172930240631104,6.172930240631104,11499
111.96791012662932,107.71893187340709,0.0,41475.0,0.4995214641094208,0.4995214641094208,5.8643879890441895,5.8643879890441895,10109
108.626669546417,107.71893187340709,20.0,41609.0,0.5176644921302795,0.5176644921302795,6.013342380523682,6.013342380523682,10288
107.74920097586684,107.71893187340709,40.0,41543.0,0.5209867358207703,0.5209867358207703,6.021320819854736,6.021320819854736,10502
109.40198855107867,107.7189318734071,60.0,41571.0,0.5227165818214417,0.5227165818214417,6.047330856323242,6.047330856323242,10331
113.46139229149804,107.71893187340709,80.0,41535.0,0.4976830780506134,0.4976830780506134,5.743998050689697,5.743998050689697,10015
119.6505976670925,107.71893187340709,100.0,41569.0,0.4942112863063812,0.4942112863063812,5.662755966186523,5.662755966186523,9978
127.60979043649117,107.71893187340709,120.0,41583.0,0.4997842013835907,0.4997842013835907,5.679730415344238,5.679730415344238,9922
136.9622763058414,107.71893187340709,140.0,41515.0,0.521525502204895,0.521525502204895,5.836080551147461,5.836080551147461,10045
147.35536425770573,107.71893187340709,160.0,41499.0,0.5357968211174011,0.5357968211174011,5.9203643798828125,5.9203643798828125,9979
158.47547157772038,107.71893187340709,180.0,41475.0,0.5364734530448914,0.5364734530448914,5.9007978439331055,5.9007978439331055,9927
170.04617997710218,107.71893187340709,159.99999999999997,41609.0,0.5376899838447571,0.5376899838447571,5.872260570526123,5.872260570526123,9962
178.18229939180995,107.71893187340709,140.0,41543.0,0.5229008793830872,0.5229008793830872,5.71284294128418,5.71284294128418,9909
166.4470969334323,107.7189318734071,120.0,41571.0,0.5093908309936523,0.5093908309936523,5.641822814941406,5.641822814941406,9878
154.98766630627458,107.7189318734071,100.0,41535.0,0.5030547976493835,0.5030547976493835,5.707598209381104,5.707598209381104,9929
144.06060785951684,107.7189318734071,80.00000000000001,41569.0,0.4903095960617065,0.4903095960617065,5.675112247467041,5.675112247467041,9887
133.9529386674335,107.7189318734071,59.99999999999999,41583.0,0.4828895032405853,0.4828895032405853,5.646029472351074,5.646029472351074,9766
124.99068915071082,107.71893187340709,40.0,41515.0,0.4921311438083648,0.4921311438083648,5.781296730041504,5.781296730041504,9739
117.53661783048484,107.71893187340709,20.0,41499.0,0.4923072755336761,0.4923072755336761,5.7888593673706055,5.7888593673706055,10007
136.31892280135787,108.76813277386256,0.0,41565.0,0.4889781475067138,0.4889781475067138,5.447271347045898,5.447271347045898,10856
146.4548261457277,108.76813277386258,20.0,41567.0,0.4753443598747253,0.4753443598747253,5.207499504089356,5.207499504089356,10510
157.35226377477184,108.76813277386258,40.0,41527.0,0.4618798494338989,0.4618798494338989,4.989946842193604,4.989946842193604,10296
168.73246940544482,108.76813277386256,60.0,41603.0,0.4792173504829407,0.4792173504829407,5.164493083953857,5.164493083953857,10193
179.65637556963654,108.76813277386256,80.0,41559.0,0.4949155747890472,0.4949155747890472,5.319083213806152,5.319083213806152,10279
168.05217418225834,108.76813277386256,100.0,41579.0,0.4998587965965271,0.4998587965965271,5.35366678237915,5.35366678237915,10192
156.69325750757466,108.76813277386258,120.0,41565.0,0.5038129687309265,0.5038129687309265,5.415517807006836,5.415517807006836,10066
145.8326948831189,108.76813277386256,140.0,41587.0,0.5108028054237366,0.5108028054237366,5.530584812164307,5.530584812164307,9932
135.7511843923635,108.7681327738626,160.0,41593.0,0.5117162466049194,0.5117162466049194,5.656936168670654,5.656936168670654,9886
126.76567958212902,108.76813277386256,180.0,41565.0,0.5093609094619751,0.5093609094619751,5.759311199188232,5.759311199188232,9798
119.22816686088446,108.76813277386258,159.99999999999997,41567.0,0.4916429221630096,0.4916429221630096,5.656430721282959,5.656430721282959,9758
113.50626928897285,108.76813277386258,140.0,41527.0,0.48885577917099,0.48885577917099,5.671447277069092,5.671447277069092,9899
109.93863929776072,108.76813277386258,120.0,41603.0,0.5019615888595581,0.5019615888595581,5.836775779724121,5.836775779724121,10159
108.7692210629706,108.76813277386256,100.0,41559.0,0.5111891627311707,0.5111891627311707,5.956117630004883,5.956117630004883,10386
110.08431551737044,108.76813277386258,80.00000000000004,41579.0,0.5138294100761414,0.5138294100761414,5.999637603759766,5.999637603759766,10773
113.78710109327024,108.76813277386258,60.0,41565.0,0.5210610628128052,0.5210610628128052,6.078380584716797,6.078380584716797,11069
119.62610330549327,108.76813277386258,40.00000000000003,41587.0,0.5151102542877197,0.5151102542877197,5.9666008949279785,5.9666008949279785,11237
127.25926970211516,108.7681327738626,20.0,41593.0,0.5089471340179443,0.5089471340179443,5.7993645668029785,5.7993645668029785,11228
147.5852802222604,109.82390432126373,0.0,41561.0,0.5642043352127075,0.5642043352127075,6.11332368850708,6.11332368850708,10995
137.5370872196855,109.82390432126373,20.0,41573.0,0.5623579621315002,0.5623579621315002,6.147800922393799,6.147800922393799,11199
128.53692936756718,109.82390432126374,40.0,41597.0,0.5429214835166931,0.5429214835166931,6.068088531494141,6.068088531494141,11155
120.92646503225096,109.82390432126373,60.0,41575.0,0.5371036529541016,0.5371036529541016,6.151096820831299,6.151096820831299,11198
115.06379701459164,109.82390432126373,80.0,41595.0,0.5219265222549438,0.5219265222549438,6.034395217895508,6.034395217895508,11045
111.283352611018,109.82390432126373,100.0,41589.0,0.5106557607650757,0.5106557607650757,5.877041339874268,5.877041339874268,10745
109.8349944576468,109.82390432126373,120.0,41551.0,0.5042288303375244,0.5042288303375244,5.768013954162598,5.768013954162598,10474
110.8227349944057,109.82390432126373,140.0,41581.0,0.4990954399108886,0.4990954399108886,5.677638053894043,5.677638053894043,10406
114.1751125348008,109.82390432126373,160.0,41515.0,0.5144551992416382,0.5144551992416382,5.848235130310059,5.848235130310059,10401
119.66580684846738,109.82390432126373,180.0,41561.0,0.507235586643219,0.507235586643219,5.747768402099609,5.747768402099609,10233
126.97137482389718,109.82390432126373,160.00000000000003,41573.0,0.5026253461837769,0.5026253461837769,5.696367740631104,5.696367740631104,9942
135.73436531377183,109.82390432126374,140.0,41597.0,0.4919473230838775,0.4919473230838775,5.589296340942383,5.589296340942383,9790
145.6080528638036,109.82390432126373,120.00000000000004,41575.0,0.4899202585220337,0.4899202585220337,5.616716384887695,5.616716384887695,9541
156.2773023724903,109.82390432126373,100.0,41595.0,0.4832168221473694,0.4832168221473694,5.582856178283691,5.582856178283691,9384
167.46138767954213,109.82390432126373,80.00000000000001,41589.0,0.4750817418098449,0.4750817418098449,5.453049182891846,5.453049182891846,9515
178.9066016146317,109.82390432126373,59.99999999999999,41551.0,0.4970179200172424,0.4970179200172424,5.611618995666504,5.611618995666504,9867
169.6257691639833,109.82390432126373,40.0,41581.0,0.5191531777381897,0.5191531777381897,5.730027675628662,5.730027675628662,10263
158.37311310048656,109.82390432126373,19.99999999999997,41515.0,0.5355561375617981,0.5355561375617981,5.8031907081604,5.8031907081604,10723
111.61588005402852,110.88673711274502,0.0,41541.0,0.5120273232460022,0.5120273232460022,5.810879230499268,5.810879230499268,10391
114.62470688862116,110.886737112745,20.0,41629.0,0.5094784498214722,0.5094784498214722,5.836478233337402,5.836478233337402,10336
119.76968803795404,110.886737112745,40.0,41547.0,0.5110405087471008,0.5110405087471008,5.802098751068115,5.802098751068115,10203
126.74667048895208,110.886737112745,60.0,41565.0,0.5138278007507324,0.5138278007507324,5.71306848526001,5.71306848526001,9989
135.20956672616327,110.886737112745,80.0,41581.0,0.5155534148216248,0.5155534148216248,5.6309685707092285,5.6309685707092285,9892
144.81622510362516,110.886737112745,100.0,41577.0,0.5127443671226501,0.5127443671226501,5.553255558013916,5.553255558013916,9845
155.2518474763498,110.886737112745,120.0,41555.0,0.5088947415351868,0.5088947415351868,5.502766132354736,5.502766132354736,9944
166.234183205473,110.886737112745,140.0,41613.0,0.5379340648651123,0.5379340648651123,5.810828685760498,5.810828685760498,10151
177.50781820745283,110.886737112745,160.0,41549.0,0.5780390501022339,0.5780390501022339,6.241482257843018,6.241482257843018,10199
171.1667762865637,110.886737112745,180.0,41541.0,0.5674108266830444,0.5674108266830444,6.0709075927734375,6.0709075927734375,10149
160.0261979360792,110.886737112745,160.0,41629.0,0.5409407019615173,0.5409407019615173,5.787594795227051,5.787594795227051,10093
149.31736137460044,110.886737112745,140.0,41547.0,0.5221235156059265,0.5221235156059265,5.642822742462158,5.642822742462158,9925
139.30961014872236,110.886737112745,120.0,41565.0,0.4976660013198852,0.4976660013198852,5.427731037139893,5.427731037139893,9963
130.3032740142331,110.886737112745,100.0,41581.0,0.4902863800525665,0.4902863800525665,5.380803108215332,5.380803108215332,9887
122.6301238502042,110.886737112745,80.00000000000001,41577.0,0.4945075213909149,0.4945075213909149,5.417716979980469,5.417716979980469,10077
116.63883659234916,110.886737112745,59.99999999999999,41555.0,0.5051752924919128,0.5051752924919128,5.533745765686035,5.533745765686035,10276
112.65897091644536,110.886737112745,40.0,41613.0,0.5105750560760498,0.5105750560760498,5.621658802032471,5.621658802032471,10352
110.94475234067134,110.886737112745,19.99999999999997,41549.0,0.5172375440597534,0.5172375440597534,5.776926040649414,5.776926040649414,10371
165.05213651137626,111.95714821292052,0.0,41543.0,0.5108838081359863,0.5108838081359863,6.056564807891846,6.056564807891846,11363
176.1484988476946,111.95714821292052,20.0,41567.0,0.4848034381866455,0.4848034381866455,5.747580051422119,5.747580051422119,10859
172.67405097039887,111.95714821292052,40.0,41519.0,0.4657973349094391,0.4657973349094391,5.485924243927002,5.485924243927002,10489
161.65144277617998,111.95714821292052,60.0,41563.0,0.4614463150501251,0.4614463150501251,5.353609085083008,5.353609085083008,10376
151.02791186059454,111.95714821292052,80.0,41539.0,0.4670273661613464,0.4670273661613464,5.290421485900879,5.290421485900879,10445
141.06770796255583,111.95714821292052,100.0,41539.0,0.4824951291084289,0.4824951291084289,5.360350131988525,5.360350131988525,10613
132.063562089035,111.95714821292052,120.0,41577.0,0.499135285615921,0.499135285615921,5.488933086395264,5.488933086395264,10683
124.33779141366328,111.95714821292052,140.0,41595.0,0.5208910703659058,0.5208910703659058,5.77643632888794,5.77643632888794,10575
118.22978422257452,111.95714821292052,160.0,41553.0,0.5033513307571411,0.5033513307571411,5.648692607879639,5.648692607879639,10265
114.0637034826302,111.95714821292052,180.0,41543.0,0.4991011917591095,0.4991011917591095,5.6949567794799805,5.6949567794799805,10086
112.096740271202,111.95714821292052,159.99999999999997,41567.0,0.5107032656669617,0.5107032656669617,5.900117874145508,5.900117874145508,10099
112.46234977245128,111.95714821292052,140.00000000000003,41519.0,0.5151859521865845,0.5151859521865845,5.962543964385986,5.962543964385986,10238
115.1350940529714,111.95714821292052,120.0,41563.0,0.5340807437896729,0.5340807437896729,6.1280035972595215,6.1280035972595215,10369
119.93764861376276,111.95714821292052,100.0,41539.0,0.5477977395057678,0.5477977395057678,6.173669815063477,6.173669815063477,10617
126.58566093077783,111.95714821292052,80.00000000000004,41539.0,0.5632569193840027,0.5632569193840027,6.278097629547119,6.278097629547119,10938
134.74545834886777,111.95714821292052,59.99999999999999,41577.0,0.5568451881408691,0.5568451881408691,6.22965145111084,6.22965145111084,11156
144.08052025758846,111.95714821292052,40.00000000000003,41595.0,0.5345030426979065,0.5345030426979065,6.10056209564209,6.10056209564209,11301
154.27717759173066,111.95714821292052,20.0,41553.0,0.5216474533081055,0.5216474533081055,6.0997700691223145,6.0997700691223145,11486
126.04814885645152,113.03568410594136,0.0,41579.0,0.5176653265953064,0.5176653265953064,5.890508651733398,5.890508651733398,10261
119.83508697114463,113.03568410594134,20.0,41541.0,0.5342780947685242,0.5342780947685242,6.034735202789307,6.034735202789307,10476
115.49580929589936,113.03568410594136,40.0,41557.0,0.5300087928771973,0.5300087928771973,5.976459503173828,5.976459503173828,10652
113.28922512013489,113.03568410594134,60.0,41523.0,0.5303941369056702,0.5303941369056702,6.037912845611572,6.037912845611572,10502
113.3607188614156,113.03568410594136,80.0,41559.0,0.5116605758666992,0.5116605758666992,5.861927509307861,5.861927509307861,10334
115.70542151341768,113.03568410594136,100.0,41555.0,0.5029639005661011,0.5029639005661011,5.80545711517334,5.80545711517334,10184
120.16951604774228,113.03568410594134,120.0,41541.0,0.5015894770622253,0.5015894770622253,5.793032169342041,5.793032169342041,10178
126.48878999022098,113.03568410594136,140.0,41505.0,0.5063303709030151,0.5063303709030151,5.8018412590026855,5.8018412590026855,10186
134.34293832759346,113.03568410594134,160.0,41567.0,0.5074664354324341,0.5074664354324341,5.719956874847412,5.719956874847412,10076
143.40211089592026,113.03568410594136,180.0,41579.0,0.5221281051635742,0.5221281051635742,5.822715759277344,5.822715759277344,9989
153.35458901254782,113.03568410594136,160.0,41541.0,0.5191922187805176,0.5191922187805176,5.751021385192871,5.751021385192871,10031
163.91656069703893,113.03568410594136,140.0,41557.0,0.5116539597511292,0.5116539597511292,5.708050727844238,5.708050727844238,10040
174.82990808389124,113.03568410594136,120.0,41523.0,0.5072227716445923,0.5072227716445923,5.764342308044434,5.764342308044434,10049
174.14640773712125,113.03568410594136,100.0,41559.0,0.4961395859718323,0.4961395859718323,5.755585193634033,5.755585193634033,9884
163.24774199100338,113.03568410594136,80.00000000000001,41555.0,0.4847014546394348,0.4847014546394348,5.687124252319336,5.687124252319336,9551
152.71587858760762,113.03568410594136,59.99999999999999,41541.0,0.4908888339996338,0.4908888339996338,5.749656200408936,5.749656200408936,9392
142.81032417543804,113.03568410594136,40.00000000000003,41505.0,0.4930705726146698,0.4930705726146698,5.713716983795166,5.713716983795166,9524
133.8166516937159,113.03568410594136,20.0,41567.0,0.4976969063282013,0.4976969063282013,5.71025276184082,5.71025276184082,9876
126.45644208338736,114.1229240119235,0.0,41601.0,0.5009089112281799,0.5009089112281799,5.317626953125,5.317626953125,10722
134.0028706499176,114.1229240119235,20.0,41585.0,0.4926994144916534,0.4926994144916534,5.236334800720215,5.236334800720215,10584
142.78216358197062,114.1229240119235,40.0,41587.0,0.4965674877166748,0.4965674877166748,5.309571743011475,5.309571743011475,10510
152.48539541353762,114.1229240119235,60.0,41559.0,0.5076435804367065,0.5076435804367065,5.464719295501709,5.464719295501709,10307
162.8288020481203,114.12292401192347,80.0,41591.0,0.5122584104537964,0.5122584104537964,5.486212730407715,5.486212730407715,10088
173.55335185957836,114.1229240119235,100.0,41595.0,0.501950740814209,0.501950740814209,5.304171085357666,5.304171085357666,9886
175.5826181246765,114.1229240119235,120.0,41575.0,0.5177340507507324,0.5177340507507324,5.462070941925049,5.462070941925049,9906
164.81395109911546,114.1229240119235,140.0,41579.0,0.5058606863021851,0.5058606863021851,5.396945476531982,5.396945476531982,9799
154.38017910661137,114.1229240119235,160.0,41579.0,0.50081467628479,0.50081467628479,5.467134475708008,5.467134475708008,9778
144.5363879576982,114.1229240119235,180.0,41601.0,0.4967112243175506,0.4967112243175506,5.5387115478515625,5.5387115478515625,9873
135.561407008326,114.1229240119235,160.0,41585.0,0.4983927011489868,0.4983927011489868,5.617118835449219,5.617118835449219,9997
127.7599068670862,114.1229240119235,140.0,41587.0,0.4884602427482605,0.4884602427482605,5.526230812072754,5.526230812072754,9888
121.4532406124724,114.1229240119235,120.0,41559.0,0.4937757551670074,0.4937757551670074,5.63818883895874,5.63818883895874,10083
116.95359848583526,114.12292401192347,100.0,41591.0,0.4928021132946014,0.4928021132946014,5.673268795013428,5.673268795013428,10304
114.52050144213044,114.1229240119235,80.00000000000001,41595.0,0.4944604337215423,0.4944604337215423,5.677199840545654,5.677199840545654,10367
114.30954720412386,114.1229240119235,59.99999999999999,41575.0,0.4984650909900665,0.4984650909900665,5.613686561584473,5.613686561584473,10608
116.33478293350272,114.1229240119235,40.0,41579.0,0.5096237659454346,0.5096237659454346,5.589767456054688,5.589767456054688,10761
120.46504828693102,114.1229240119235,20.0,41579.0,0.5094736218452454,0.5094736218452454,5.461826801300049,5.461826801300049,10810
166.34888411582287,115.21948362873096,0.0,41631.0,0.5462870001792908,0.5462870001792908,6.097299575805664,6.097299575805664,11243
156.01969873101896,115.21948362873098,20.0,41593.0,0.5320082902908325,0.5320082902908325,6.094740867614746,6.094740867614746,11377
146.24481101148174,115.21948362873096,40.0,41559.0,0.5129631757736206,0.5129631757736206,5.994049072265625,5.994049072265625,11263
137.29669488515995,115.21948362873096,60.0,41581.0,0.5093309879302979,0.5093309879302979,5.9938130378723145,5.9938130378723145,11170
129.47180229335584,115.21948362873096,80.0,41573.0,0.5100172758102417,0.5100172758102417,5.907129764556885,5.907129764556885,11120
123.08278741353074,115.21948362873096,100.0,41585.0,0.5167094469070435,0.5167094469070435,5.849113941192627,5.849113941192627,10932
118.43543338300913,115.21948362873096,120.0,41571.0,0.5108990669250488,0.5108990669250488,5.6805033683776855,5.6805033683776855,10737
115.78889733517008,115.21948362873096,140.0,41501.0,0.5062591433525085,0.5062591433525085,5.5931925773620605,5.5931925773620605,10561
115.3073892594304,115.21948362873098,160.0,41587.0,0.520107626914978,0.520107626914978,5.773708343505859,5.773708343505859,10399
117.02222731647636,115.21948362873096,180.0,41631.0,0.5196493268013,0.5196493268013,5.8199143409729,5.8199143409729,10177
120.82393951533015,115.21948362873098,160.0,41593.0,0.5114022493362427,0.5114022493362427,5.777251243591309,5.777251243591309,9932
126.4889441602013,115.21948362873096,140.00000000000003,41559.0,0.4955511391162872,0.4955511391162872,5.618847846984863,5.618847846984863,9787
133.72608485998515,115.21948362873096,120.0,41581.0,0.5021127462387085,0.5021127462387085,5.741514682769775,5.741514682769775,9669
142.22183812371495,115.21948362873096,100.0,41573.0,0.5081554055213928,0.5081554055213928,5.793562889099121,5.793562889099121,9800
151.67092772164986,115.21948362873096,80.00000000000003,41585.0,0.5158929824829102,0.5158929824829102,5.78232479095459,5.78232479095459,10114
161.79024087197502,115.21948362873096,60.0,41571.0,0.5307008028030396,0.5307008028030396,5.833578109741211,5.833578109741211,10438
172.32017921203305,115.21948362873096,40.00000000000003,41501.0,0.5440380573272705,0.5440380573272705,5.920504570007324,5.920504570007324,10814
176.98140839026286,115.21948362873098,20.0,41587.0,0.5546263456344604,0.5546263456344604,6.076893329620361,6.076893329620361,11178
117.09277985199972,116.32601937212392,0.0,41567.0,0.4997062981128692,0.4997062981128692,5.868396282196045,5.868396282196045,10037
116.35280332030324,116.32601937212392,20.0,41549.0,0.5071215033531189,0.5071215033531189,5.89232873916626,5.89232873916626,10089
117.76676869125988,116.32601937212397,40.0,41553.0,0.5188239812850952,0.5188239812850952,5.945127010345459,5.945127010345459,10119
121.245826943474,116.32601937212392,60.0,41549.0,0.5078640580177307,0.5078640580177307,5.759147644042969,5.759147644042969,10055
126.58656873878728,116.32601937212392,80.0,41555.0,0.5066100358963013,0.5066100358963013,5.718875408172607,5.718875408172607,9844
133.5133766007477,116.32601937212392,100.0,41569.0,0.4991664290428161,0.4991664290428161,5.600841999053955,5.600841999053955,9884
141.72228737403017,116.32601937212392,120.0,41557.0,0.5167677402496338,0.5167677402496338,5.751757621765137,5.751757621765137,10131
150.91253435706662,116.32601937212392,140.0,41527.0,0.5379256010055542,0.5379256010055542,5.915994644165039,5.915994644165039,10182
160.80229262535926,116.32601937212392,160.0,41593.0,0.5474492311477661,0.5474492311477661,5.950047016143799,5.950047016143799,10258
171.13178424079808,116.32601937212392,180.0,41567.0,0.5445153713226318,0.5445153713226318,5.870484828948975,5.870484828948975,10111
178.34145695378584,116.32601937212392,159.99999999999997,41549.0,0.5469952821731567,0.5469952821731567,5.909200668334961,5.909200668334961,9953
167.8513106691685,116.32601937212397,140.0,41553.0,0.5258106589317322,0.5258106589317322,5.699575424194336,5.699575424194336,9887
157.63328748235978,116.32601937212392,120.0,41549.0,0.5174486637115479,0.5174486637115479,5.644091606140137,5.644091606140137,9867
147.93448436785164,116.32601937212392,100.0,41555.0,0.5000342130661011,0.5000342130661011,5.503948211669922,5.503948211669922,9949
139.02138147380907,116.32601937212392,80.00000000000001,41569.0,0.4896049797534942,0.4896049797534942,5.4670939445495605,5.4670939445495605,9983
131.18259483615176,116.32601937212392,59.99999999999999,41557.0,0.4956812858581543,0.4956812858581543,5.628467082977295,5.628467082977295,9984
124.72231390734822,116.32601937212392,40.0,41527.0,0.5106603503227234,0.5106603503227234,5.904045581817627,5.904045581817627,9991
119.93972929616623,116.32601937212392,19.99999999999997,41593.0,0.5159683227539062,0.5159683227539062,6.0621514320373535,6.0621514320373535,10038
150.21158195218345,117.4432332021646,0.0,41559.0,0.4878592193126678,0.4878592193126678,5.662863731384277,5.662863731384277,11018
159.8664094204484,117.4432332021646,20.0,41583.0,0.4690234065055847,0.4690234065055847,5.315952777862549,5.315952777862549,10559
169.98960841599694,117.4432332021646,40.0,41571.0,0.4505702257156372,0.4505702257156372,5.00468111038208,5.00468111038208,10260
179.66139152337365,117.4432332021646,60.0,41557.0,0.4574848413467407,0.4574848413467407,5.010622501373291,5.010622501373291,10192
169.31995283404197,117.4432332021646,80.0,41549.0,0.4800926446914673,0.4800926446914673,5.203615188598633,5.203615188598633,10361
159.2197568213094,117.4432332021646,100.0,41535.0,0.4943428039550781,0.4943428039550781,5.323094367980957,5.323094367980957,10420
149.6042750721203,117.4432332021646,120.0,41567.0,0.5121320486068726,0.5121320486068726,5.547872066497803,5.547872066497803,10299
140.7343288562686,117.4432332021646,140.0,41501.0,0.509791374206543,0.509791374206543,5.578192710876465,5.578192710876465,10102
132.89106383552334,117.4432332021646,160.0,41545.0,0.5084360837936401,0.5084360837936401,5.652493476867676,5.652493476867676,9876
126.3704487019514,117.4432332021646,180.0,41559.0,0.5050730109214783,0.5050730109214783,5.739553928375244,5.739553928375244,9875
121.4649550976388,117.4432332021646,159.99999999999997,41583.0,0.5042288899421692,0.5042288899421692,5.830612659454346,5.830612659454346,9940
118.43056004272412,117.4432332021646,140.0,41571.0,0.51413494348526,0.51413494348526,5.988868236541748,5.988868236541748,10040
117.44436063669882,117.44323320216463,120.0,41557.0,0.51542729139328,0.51542729139328,5.957613945007324,5.957613945007324,10200
118.56739629153148,117.44323320216463,100.0,41549.0,0.5256807804107666,0.5256807804107666,6.040609836578369,6.040609836578369,10456
121.73029863863016,117.4432332021646,80.00000000000004,41535.0,0.5304086208343506,0.5304086208343506,6.113617420196533,6.113617420196533,10805
126.74953810446505,117.4432332021646,59.99999999999999,41567.0,0.5310438871383667,0.5310438871383667,6.196751117706299,6.196751117706299,11164
133.3655091142069,117.4432332021646,40.00000000000003,41501.0,0.519316554069519,0.519316554069519,6.1244072914123535,6.1244072914123535,11212
141.28465770904256,117.4432332021646,20.0,41545.0,0.5014054775238037,0.5014054775238037,5.902478218078613,5.902478218078613,11205
142.4343916689912,118.57187814230886,0.0,41563.0,0.5488041043281555,0.5488041043281555,6.005923271179199,6.005923271179199,10648
134.59600515105552,118.57187814230886,20.0,41583.0,0.5580599308013916,0.5580599308013916,6.104099750518799,6.104099750518799,10933
128.02586036969717,118.57187814230886,40.0,41561.0,0.5491803288459778,0.5491803288459778,6.082598209381104,6.082598209381104,10873
123.00963370829616,118.57187814230886,60.0,41545.0,0.529716432094574,0.529716432094574,5.993373394012451,5.993373394012451,10849
119.80069772276508,118.57187814230886,80.0,41557.0,0.5219476819038391,0.5219476819038391,6.017578125,6.017578125,10702
118.58065443888457,118.57187814230886,100.0,41571.0,0.5107405781745911,0.5107405781745911,5.925939083099365,5.925939083099365,10488
119.42308521748672,118.57187814230886,120.0,41573.0,0.5011501908302307,0.5011501908302307,5.794435024261475,5.794435024261475,10287
122.27690241719804,118.57187814230886,140.0,41559.0,0.4944773614406585,0.4944773614406585,5.661215782165527,5.661215782165527,10226
126.97802976898384,118.57187814230886,160.0,41559.0,0.5183172225952148,0.5183172225952148,5.893410682678223,5.893410682678223,10196
133.28321584370138,118.57187814230886,180.0,41563.0,0.5157315731048584,0.5157315731048584,5.809584617614746,5.809584617614746,10165
140.9100903334684,118.57187814230886,160.0,41583.0,0.4986904263496399,0.4986904263496399,5.607295989990234,5.607295989990234,10029
149.5694566781339,118.57187814230886,140.0,41561.0,0.4969257414340973,0.4969257414340973,5.6301116943359375,5.6301116943359375,10021
158.98408201526183,118.57187814230886,120.0,41545.0,0.4939902424812317,0.4939902424812317,5.656935214996338,5.656935214996338,9707
168.8951433133227,118.57187814230886,100.0,41557.0,0.4747876822948456,0.4747876822948456,5.475442886352539,5.475442886352539,9345
179.0602141693835,118.57187814230886,80.00000000000003,41571.0,0.4671958386898041,0.4671958386898041,5.4101881980896,5.4101881980896,9211
170.75348162399777,118.57187814230886,59.99999999999999,41573.0,0.4702885746955871,0.4702885746955871,5.4004807472229,5.4004807472229,9417
160.77787611472414,118.57187814230886,40.0,41559.0,0.4878730773925781,0.4878730773925781,5.50933837890625,5.50933837890625,9848
151.25302271953342,118.57187814230886,19.99999999999997,41559.0,0.5130626559257507,0.5130626559257507,5.683768272399902,5.683768272399902,10269
122.8851558357549,119.712764620836,0.0,41529.0,0.5140563249588013,0.5140563249588013,5.601881980895996,5.601881980895996,10476
127.27218329697396,119.712764620836,20.0,41529.0,0.5193964838981628,0.5193964838981628,5.745596885681152,5.745596885681152,10518
133.2672042993694,119.712764620836,40.0,41555.0,0.5265743732452393,0.5265743732452393,5.853922367095947,5.853922367095947,10352
140.59972358530055,119.712764620836,60.0,41577.0,0.521109938621521,0.521109938621521,5.705587863922119,5.705587863922119,10029
148.98756633399793,119.712764620836,80.0,41539.0,0.520817756652832,0.520817756652832,5.583710193634033,5.583710193634033,9905
158.1568424186722,119.712764620836,100.0,41517.0,0.511025607585907,0.511025607585907,5.444077014923096,5.444077014923096,9713
167.84993388353433,119.712764620836,120.0,41579.0,0.5176033973693848,0.5176033973693848,5.527591228485107,5.527591228485107,9740
177.82484411420157,119.712764620836,140.0,41549.0,0.5088274478912354,0.5088274478912354,5.481037139892578,5.481037139892578,9834
172.150513066627,119.712764620836,160.0,41531.0,0.5262808203697205,0.5262808203697205,5.726123809814453,5.726123809814453,10058
162.3063687793483,119.712764620836,180.0,41529.0,0.549867570400238,0.549867570400238,5.989557266235352,5.989557266235352,10142
152.87953579734207,119.712764620836,160.00000000000003,41529.0,0.5359584093093872,0.5359584093093872,5.809381008148193,5.809381008148193,10135
144.12041368627905,119.712764620836,140.0,41555.0,0.5195003151893616,0.5195003151893616,5.652676105499268,5.652676105499268,10102
136.29622813845685,119.712764620836,120.0,41577.0,0.5059423446655273,0.5059423446655273,5.576955795288086,5.576955795288086,10128
129.6872554625812,119.712764620836,100.0,41539.0,0.4894156157970428,0.4894156157970428,5.421716690063477,5.421716690063477,10070
124.57234257751676,119.712764620836,80.00000000000001,41517.0,0.4845044612884521,0.4845044612884521,5.348188400268555,5.348188400268555,10136
121.2017060761804,119.712764620836,59.99999999999999,41579.0,0.4985572099685669,0.4985572099685669,5.399559020996094,5.399559020996094,10328
119.76030892531335,119.712764620836,40.0,41549.0,0.5058996081352234,0.5058996081352234,5.433800220489502,5.433800220489502,10437
120.33280759586336,119.712764620836,20.0,41531.0,0.509417712688446,0.509417712688446,5.493364334106445,5.493364334106445,10509
176.63404435858104,120.86676779358154,0.0,41561.0,0.5257878303527832,0.5257878303527832,6.151656627655029,6.151656627655029,11333
173.50960377086406,120.86676779358152,20.0,41553.0,0.5017904043197632,0.5017904043197632,5.943305015563965,5.943305015563965,11139
163.80390803011252,120.86676779358152,40.0,41565.0,0.4933468997478485,0.4933468997478485,5.8431267738342285,5.8431267738342285,10903
154.4825877814435,120.86676779358152,60.0,41525.0,0.4807699620723724,0.4807699620723724,5.614349365234375,5.614349365234375,10715
145.79122433626426,120.86676779358152,80.0,41561.0,0.4942500591278076,0.4942500591278076,5.615170478820801,5.615170478820801,10582
137.99055272470858,120.86676779358152,100.0,41545.0,0.496493250131607,0.496493250131607,5.495190143585205,5.495190143585205,10640
131.35337670171543,120.86676779358154,120.0,41541.0,0.5071356892585754,0.5071356892585754,5.534494876861572,5.534494876861572,10690
126.15171426020474,120.86676779358152,140.0,41577.0,0.5113846659660339,0.5113846659660339,5.588100433349609,5.588100433349609,10541
122.63215622198004,120.86676779358152,160.0,41521.0,0.5105111002922058,0.5105111002922058,5.658379077911377,5.658379077911377,10277
120.9819883101614,120.86676779358154,180.0,41561.0,0.49928018450737,0.49928018450737,5.651325702667236,5.651325702667236,9963
121.29554428596803,120.86676779358152,160.0,41553.0,0.4883722960948944,0.4883722960948944,5.601336479187012,5.601336479187012,9845
123.5545573395704,120.86676779358152,140.0,41565.0,0.4985410571098327,0.4985410571098327,5.7510271072387695,5.7510271072387695,9927
127.6321086241598,120.86676779358154,120.00000000000004,41525.0,0.5092308521270752,0.5092308521270752,5.850366115570068,5.850366115570068,10009
133.31816137009247,120.86676779358152,100.0,41561.0,0.5314807295799255,0.5314807295799255,6.016110897064209,6.016110897064209,10247
140.35469644078728,120.86676779358152,80.00000000000001,41545.0,0.5570381879806519,0.5570381879806519,6.190123081207275,6.190123081207275,10534
148.46734338501713,120.86676779358154,59.99999999999999,41541.0,0.5594350099563599,0.5594350099563599,6.15620231628418,6.15620231628418,10795
157.38626726994676,120.86676779358152,40.00000000000003,41577.0,0.5498010516166687,0.5498010516166687,6.119685649871826,6.119685649871826,10986
166.85558239054046,120.86676779358152,20.0,41521.0,0.5349925756454468,0.5349925756454468,6.103338241577148,6.103338241577148,11222
127.74643720272802,122.03483604419756,0.0,41521.0,0.4982674121856689,0.4982674121856689,5.794417858123779,5.794417858123779,9969
124.09068189187649,122.03483604419756,20.0,41509.0,0.5074529647827148,0.5074529647827148,5.864840507507324,5.864840507507324,10170
122.24440606075856,122.03483604419752,40.0,41519.0,0.5204825401306152,0.5204825401306152,5.987017154693604,5.987017154693604,10269
122.31029721879015,122.03483604419752,60.0,41513.0,0.5150257349014282,0.5150257349014282,5.909482955932617,5.909482955932617,10155
124.2845986588878,122.03483604419752,80.0,41495.0,0.5041024088859558,0.5041024088859558,5.7534284591674805,5.7534284591674805,10102
128.05789601768336,122.03483604419756,100.0,41541.0,0.5089674592018127,0.5089674592018127,5.788636207580566,5.788636207580566,10056
133.43676029439786,122.03483604419752,120.0,41573.0,0.5131852626800537,0.5131852626800537,5.804352760314941,5.804352760314941,10096
140.17615345612208,122.03483604419756,140.0,41531.0,0.5253555178642273,0.5253555178642273,5.878715991973877,5.878715991973877,10149
148.01024917453898,122.03483604419756,160.0,41535.0,0.5272122621536255,0.5272122621536255,5.837041854858398,5.837041854858398,10128
156.67398218977416,122.03483604419756,180.0,41521.0,0.5325025320053101,0.5325025320053101,5.842559814453125,5.842559814453125,10030
165.91375318510137,122.03483604419756,159.99999999999997,41509.0,0.5275479555130005,0.5275479555130005,5.729574203491211,5.729574203491211,9925
175.48942807547965,122.03483604419752,140.0,41519.0,0.5066993832588196,0.5066993832588196,5.499991416931152,5.499991416931152,9983
174.8292458724519,122.03483604419752,120.0,41513.0,0.506436824798584,0.506436824798584,5.610078811645508,5.610078811645508,10072
165.2691121447115,122.03483604419752,100.0,41495.0,0.499517410993576,0.499517410993576,5.675546169281006,5.675546169281006,10016
156.0609129257496,122.03483604419756,80.00000000000001,41541.0,0.4927769005298614,0.4927769005298614,5.7150702476501465,5.7150702476501465,9892
147.44563511683495,122.03483604419752,59.99999999999999,41573.0,0.496882289648056,0.496882289648056,5.833967208862305,5.833967208862305,9640
139.67780658543717,122.03483604419756,40.0,41531.0,0.501977801322937,0.501977801322937,5.8951191902160645,5.8951191902160645,9599
133.02300139423423,122.03483604419756,19.99999999999997,41535.0,0.4899026751518249,0.4899026751518249,5.724213600158691,5.724213600158691,9794
140.06525142717817,123.2180009059106,0.0,41529.0,0.4878741502761841,0.4878741502761841,5.31251859664917,5.31251859664917,10509
147.61777958246728,123.21800090591056,20.0,41555.0,0.4806107580661773,0.4806107580661773,5.113536357879639,5.113536357879639,10511
156.02166734628372,123.2180009059106,40.0,41561.0,0.4825442135334015,0.4825442135334015,5.090336799621582,5.090336799621582,10508
165.02617852300412,123.2180009059106,60.0,41537.0,0.4970298707485199,0.4970298707485199,5.262257099151611,5.262257099151611,10388
174.39268153715526,123.2180009059106,80.0,41605.0,0.5180627703666687,0.5180627703666687,5.495762348175049,5.495762348175049,10341
176.1078612153612,123.2180009059106,100.0,41595.0,0.5204881429672241,0.5204881429672241,5.534091949462891,5.534091949462891,10024
166.70053913527514,123.2180009059106,120.0,41553.0,0.5171732902526855,0.5171732902526855,5.498254299163818,5.498254299163818,9851
157.61320166949645,123.2180009059106,140.0,41541.0,0.5108321309089661,0.5108321309089661,5.491008758544922,5.491008758544922,9790
149.0824358739067,123.21800090591056,160.0,41541.0,0.5074426531791687,0.5074426531791687,5.593690395355225,5.593690395355225,9640
141.35682243044334,123.2180009059106,180.0,41529.0,0.4916169047355652,0.4916169047355652,5.595244884490967,5.595244884490967,9586
134.69494013896716,123.21800090591056,160.00000000000003,41555.0,0.4921087920665741,0.4921087920665741,5.626753807067871,5.626753807067871,9701
129.35525686395334,123.2180009059106,140.0,41561.0,0.4967393279075622,0.4967393279075622,5.682529449462891,5.682529449462891,9889
125.57598439353951,123.2180009059106,120.0,41537.0,0.5030130743980408,0.5030130743980408,5.761776924133301,5.761776924133301,10047
123.54633449609794,123.2180009059106,100.0,41605.0,0.5028768181800842,0.5028768181800842,5.797145366668701,5.797145366668701,10281
123.37610250453136,123.21800090591056,80.00000000000004,41595.0,0.5070872902870178,0.5070872902870178,5.90717887878418,5.90717887878418,10555
125.07477858608688,123.2180009059106,60.0,41553.0,0.4988471567630768,0.4988471567630768,5.789231300354004,5.789231300354004,10747
128.5496278656996,123.2180009059106,40.00000000000003,41541.0,0.5028958320617676,0.5028958320617676,5.731454849243164,5.731454849243164,10920
133.62366954175585,123.2180009059106,20.0,41541.0,0.4964090585708618,0.4964090585708618,5.493959426879883,5.493959426879883,10827
159.13809557102323,124.4173887104416,0.0,41515.0,0.5519853830337524,0.5519853830337524,6.028527736663818,6.028527736663818,10752
150.7003908981741,124.4173887104416,20.0,41511.0,0.5326472520828247,0.5326472520828247,5.931095123291016,5.931095123291016,10965
143.02643540687868,124.4173887104416,40.0,41511.0,0.518730878829956,0.518730878829956,5.918850421905518,5.918850421905518,11040
136.36803589422166,124.4173887104416,60.0,41481.0,0.5222486853599548,0.5222486853599548,6.073509693145752,6.073509693145752,11025
130.97697731787173,124.4173887104416,80.0,41527.0,0.5078932642936707,0.5078932642936707,5.897125244140625,5.897125244140625,10911
127.08683806611108,124.4173887104416,100.0,41567.0,0.5126516222953796,0.5126516222953796,5.873886585235596,5.873886585235596,10714
124.88661496686416,124.4173887104416,120.0,41533.0,0.515179455280304,0.515179455280304,5.800808906555176,5.800808906555176,10575
124.49204450350445,124.4173887104416,140.0,41553.0,0.5090529322624207,0.5090529322624207,5.685831546783447,5.685831546783447,10473
125.92461832394116,124.4173887104416,160.0,41527.0,0.5174278616905212,0.5174278616905212,5.775667190551758,5.775667190551758,10347
129.1073925347408,124.4173887104416,180.0,41515.0,0.5138170123100281,0.5138170123100281,5.715211391448975,5.715211391448975,10249
133.87956390805175,124.4173887104416,160.0,41511.0,0.5104022026062012,0.5104022026062012,5.711459159851074,5.711459159851074,9960
140.0231681063691,124.4173887104416,140.00000000000003,41511.0,0.5003445744514465,0.5003445744514465,5.640172958374023,5.640172958374023,9677
147.29147246386785,124.4173887104416,120.0,41481.0,0.49552121758461,0.49552121758461,5.651356220245361,5.651356220245361,9435
155.43106453866304,124.4173887104416,100.0,41527.0,0.4853956401348114,0.4853956401348114,5.588793277740479,5.588793277740479,9381
164.1946656899908,124.4173887104416,80.00000000000003,41567.0,0.4867070317268371,0.4867070317268371,5.586525917053223,5.586525917053223,9618
173.34557121573812,124.4173887104416,60.0,41533.0,0.5011466145515442,0.5011466145515442,5.624602794647217,5.624602794647217,9885
177.3437945903488,124.4173887104416,40.00000000000003,41553.0,0.5175905823707581,0.5175905823707581,5.682695388793945,5.682695388793945,10182
168.09668069102472,124.4173887104416,20.0,41527.0,0.5379207134246826,0.5379207134246826,5.857882499694824,5.857882499694824,10595
125.65727112999603,125.63423435020522,0.0,41583.0,0.5109240412712097,0.5109240412712097,5.86691427230835,5.86691427230835,10075
126.83367867071776,125.6342343502052,20.0,41543.0,0.5092918872833252,0.5092918872833252,5.8404951095581055,5.8404951095581055,10135
129.73130060403133,125.63423435020522,40.0,41571.0,0.5188409686088562,0.5188409686088562,5.847068786621094,5.847068786621094,10065
134.205138199773,125.63423435020522,60.0,41549.0,0.5171335935592651,0.5171335935592651,5.732308387756348,5.732308387756348,9931
140.05111339111997,125.63423435020522,80.0,41535.0,0.5154436826705933,0.5154436826705933,5.663234710693359,5.663234710693359,9768
147.03291727963102,125.63423435020522,100.0,41575.0,0.5062344670295715,0.5062344670295715,5.563041687011719,5.563041687011719,9709
154.90398617689195,125.6342343502052,120.0,41513.0,0.5116510391235352,0.5116510391235352,5.625251293182373,5.625251293182373,9903
163.42110576466274,125.6342343502052,140.0,41541.0,0.5445885062217712,0.5445885062217712,5.965022563934326,5.965022563934326,10097
172.3499522901637,125.63423435020522,160.0,41515.0,0.5697832703590393,0.5697832703590393,6.191259384155273,6.191259384155273,10182
178.53530580427494,125.63423435020522,180.0,41583.0,0.5587090849876404,0.5587090849876404,5.995641708374023,5.995641708374023,10269
169.45595522080458,125.6342343502052,160.0,41543.0,0.5423493981361389,0.5423493981361389,5.809498310089111,5.809498310089111,10084
160.63418165487397,125.63423435020522,140.0,41571.0,0.5318847298622131,0.5318847298622131,5.753129959106445,5.753129959106445,10052
152.29823478849016,125.6342343502052,120.0,41549.0,0.5164690613746643,0.5164690613746643,5.610150337219238,5.610150337219238,9915
144.68548063480483,125.6342343502052,100.0,41535.0,0.5102079510688782,0.5102079510688782,5.543330669403076,5.543330669403076,9919
138.04116349816042,125.6342343502052,80.00000000000001,41575.0,0.5068051815032959,0.5068051815032959,5.510352611541748,5.510352611541748,10054
132.61046351274487,125.6342343502052,59.99999999999993,41513.0,0.5026803016662598,0.5026803016662598,5.499630928039551,5.499630928039551,10169
128.62209647744794,125.63423435020522,40.0,41541.0,0.509903073310852,0.509903073310852,5.658761024475098,5.658761024475098,10229
126.26416889844133,125.63423435020522,19.99999999999997,41515.0,0.5119208693504333,0.5119208693504333,5.790863513946533,5.790863513946533,10185
162.7074844404427,126.86989764584403,0.0,41589.0,0.4909488260746002,0.4909488260746002,5.785520076751709,5.785520076751709,10981
171.40777891635125,126.86989764584403,20.0,41535.0,0.4801022112369537,0.4801022112369537,5.576132297515869,5.576132297515869,10660
179.68056029148033,126.86989764584403,40.0,41549.0,0.4588256776332855,0.4588256776332855,5.21557092666626,5.21557092666626,10440
170.77669977852173,126.86989764584403,60.0,41585.0,0.4570593237876892,0.4570593237876892,5.074828624725342,5.074828624725342,10352
162.09998603075326,126.86989764584403,80.0,41515.0,0.4712046682834625,0.4712046682834625,5.1495280265808105,5.1495280265808105,10512
153.8746680197935,126.86989764584403,100.0,41513.0,0.4974202513694763,0.4974202513694763,5.3717851638793945,5.3717851638793945,10627
146.33279089745,126.86989764584403,120.0,41603.0,0.5137564539909363,0.5137564539909363,5.548926830291748,5.548926830291748,10568
139.71322975632677,126.86989764584403,140.0,41507.0,0.5282763838768005,0.5282763838768005,5.793558597564697,5.793558597564697,10393
134.254644401206,126.86989764584403,160.0,41585.0,0.5142845511436462,0.5142845511436462,5.740798473358154,5.740798473358154,10100
130.18069966940067,126.86989764584403,180.0,41589.0,0.5160176157951355,0.5160176157951355,5.884085655212402,5.884085655212402,9949
127.678010056042,126.86989764584403,160.0,41535.0,0.5197726488113403,0.5197726488113403,6.019892692565918,6.019892692565918,9935
126.87101075364336,126.86989764584403,140.0,41549.0,0.5093733072280884,0.5093733072280884,5.926725387573242,5.926725387573242,10000
127.80157940769408,126.86989764584403,120.0,41585.0,0.5202586650848389,0.5202586650848389,5.999240875244141,5.999240875244141,10031
130.42150388256655,126.86989764584403,100.0,41515.0,0.5248480439186096,0.5248480439186096,5.962160587310791,5.962160587310791,10298
134.60112397753898,126.86989764584403,80.00000000000003,41513.0,0.5393769145011902,0.5393769145011902,6.088505744934082,6.088505744934082,10607
140.1503434982237,126.86989764584403,60.0,41603.0,0.5301302075386047,0.5301302075386047,6.0408220291137695,6.0408220291137695,10836
146.8437674330867,126.86989764584403,40.00000000000003,41507.0,0.5182933807373047,0.5182933807373047,6.023661136627197,6.023661136627197,11094
154.4423266347912,126.86989764584403,20.0,41585.0,0.504334568977356,0.504334568977356,5.942898750305176,5.942898750305176,11160
141.38317424443008,128.12588295212643,0.0,41557.0,0.5168723464012146,0.5168723464012146,5.827328681945801,5.827328681945801,10163
135.9085172104949,128.12588295212643,20.0,41533.0,0.5334233641624451,0.5334233641624451,5.980199813842773,5.980199813842773,10379
131.76168283413944,128.12588295212643,40.0,41527.0,0.5202679634094238,0.5202679634094238,5.805355548858643,5.805355548858643,10449
129.12725849240363,128.12588295212643,60.0,41595.0,0.5260780453681946,0.5260780453681946,5.911801815032959,5.911801815032959,10493
128.1325911858267,128.12588295212643,80.0,41539.0,0.5176268219947815,0.5176268219947815,5.881805896759033,5.881805896759033,10422
128.82802138719973,128.12588295212643,100.0,41479.0,0.5104394555091858,0.5104394555091858,5.85043478012085,5.85043478012085,10325
131.17821774663173,128.12588295212643,120.0,41529.0,0.5069059729576111,0.5069059729576111,5.813065528869629,5.813065528869629,10248
135.06830996074305,128.12588295212643,140.0,41521.0,0.5083339810371399,0.5083339810371399,5.7733330726623535,5.7733330726623535,10148
140.32217877210186,128.12588295212643,160.0,41545.0,0.5145060420036316,0.5145060420036316,5.776847839355469,5.776847839355469,10053
146.72575596130864,128.12588295212643,180.0,41557.0,0.5253810882568359,0.5253810882568359,5.834782123565674,5.834782123565674,10058
154.04807658350987,128.12588295212643,159.99999999999997,41533.0,0.5094473958015442,0.5094473958015442,5.631223201751709,5.631223201751709,10079
162.05589544614145,128.12588295212643,140.0,41527.0,0.5019469857215881,0.5019469857215881,5.58473014831543,5.58473014831543,10057
170.5211167195861,128.12588295212643,120.0,41595.0,0.4984002113342285,0.4984002113342285,5.622020244598389,5.622020244598389,9988
179.22238210391882,128.12588295212643,100.0,41539.0,0.4859597086906433,0.4859597086906433,5.558486461639404,5.558486461639404,9622
172.0571605938878,128.12588295212643,80.00000000000001,41479.0,0.4819928705692291,0.4819928705692291,5.5768327713012695,5.5768327713012695,9367
163.53396660554455,128.12588295212643,59.99999999999999,41529.0,0.480205088853836,0.480205088853836,5.563711166381836,5.563711166381836,9280
155.42835214034528,128.12588295212643,40.00000000000003,41521.0,0.4827668070793152,0.4827668070793152,5.562381744384766,5.562381744384766,9470
147.96719451933484,128.12588295212643,20.0,41545.0,0.4994238317012787,0.4994238317012787,5.717538833618164,5.717538833618164,9859
135.60756687514774,129.4038628249865,0.0,41583.0,0.5077312588691711,0.5077312588691711,5.364324569702148,5.364324569702148,10593
140.56802595642742,129.4038628249865,20.0,41547.0,0.5131624937057495,0.5131624937057495,5.452063083648682,5.452063083648682,10579
146.6807154106395,129.4038628249865,40.0,41541.0,0.5218079090118408,0.5218079090118408,5.6002702713012695,5.6002702713012695,10515
153.72334108595936,129.4038628249865,60.0,41581.0,0.5251110792160034,0.5251110792160034,5.653864860534668,5.653864860534668,10239
161.4685572627553,129.4038628249865,80.0,41589.0,0.5250589847564697,0.5250589847564697,5.606860160827637,5.606860160827637,9954
169.6921581044637,129.4038628249865,100.0,41595.0,0.5190383195877075,0.5190383195877075,5.482890129089356,5.482890129089356,9763
178.17558065620025,129.4038628249865,120.0,41569.0,0.516327440738678,0.516327440738678,5.485022068023682,5.485022068023682,9613
173.29548184985967,129.4038628249865,140.0,41559.0,0.5109681487083435,0.5109681487083435,5.532714366912842,5.532714366912842,9586
164.93450465997196,129.4038628249865,160.0,41553.0,0.4971578121185303,0.4971578121185303,5.484677791595459,5.484677791595459,9675
156.95790450599478,129.4038628249865,180.0,41583.0,0.510172426700592,0.510172426700592,5.667762756347656,5.667762756347656,9867
149.5875134810245,129.4038628249865,160.0,41547.0,0.5155586004257202,0.5155586004257202,5.705660820007324,5.705660820007324,10017
143.04997102133353,129.4038628249865,140.0,41541.0,0.519081711769104,0.519081711769104,5.725399971008301,5.725399971008301,10071
137.571153198051,129.4038628249865,120.0,41581.0,0.5138186812400818,0.5138186812400818,5.711677074432373,5.711677074432373,10164
133.36418690932814,129.4038628249865,100.0,41589.0,0.4988460540771484,0.4988460540771484,5.605630874633789,5.605630874633789,10269
130.6111567734468,129.4038628249865,80.00000000000001,41595.0,0.4956330060958862,0.4956330060958862,5.562228202819824,5.562228202819824,10271
129.44146140077234,129.4038628249865,59.99999999999999,41569.0,0.4983960390090942,0.4983960390090942,5.482627868652344,5.482627868652344,10451
129.91281199677917,129.4038628249865,40.0,41559.0,0.5001461505889893,0.5001461505889893,5.367277145385742,5.367277145385742,10496
132.0017475158147,129.4038628249865,20.0,41553.0,0.4962712228298187,0.4962712228298187,5.250529766082764,5.250529766082764,10634
174.48969223873758,130.70570683104145,0.0,41585.0,0.5413257479667664,0.5413257479667664,6.152828693389893,6.152828693389893,11043
166.29989499478208,130.70570683104145,20.0,41589.0,0.5152521729469299,0.5152521729469299,5.995375633239746,5.995375633239746,11136
158.46189243696185,130.70570683104145,40.0,41573.0,0.4958268404006958,0.4958268404006958,5.818397521972656,5.818397521972656,10980
151.19256184174554,130.70570683104145,60.0,41559.0,0.4935176372528076,0.4935176372528076,5.768873691558838,5.768873691558838,10816
144.71263151288036,130.70570683104145,80.0,41573.0,0.5026830434799194,0.5026830434799194,5.734031200408936,5.734031200408936,10735
139.24170534389876,130.70570683104145,100.0,41497.0,0.5095223784446716,0.5095223784446716,5.66121244430542,5.66121244430542,10582
134.98747172478983,130.70570683104145,120.0,41571.0,0.5068869590759277,0.5068869590759277,5.5410261154174805,5.5410261154174805,10656
132.1290892604944,130.70570683104145,140.0,41523.0,0.5120242238044739,0.5120242238044739,5.567818641662598,5.567818641662598,10565
130.79721685903564,130.70570683104145,160.0,41581.0,0.5156306028366089,0.5156306028366089,5.635823726654053,5.635823726654053,10333
131.05589491553667,130.70570683104145,179.99999999999997,41585.0,0.5171273946762085,0.5171273946762085,5.730851173400879,5.730851173400879,10036
132.89251983380146,130.70570683104145,160.00000000000003,41589.0,0.5008571743965149,0.5008571743965149,5.635809421539307,5.635809421539307,9824
136.21987777439224,130.70570683104145,140.0,41573.0,0.486721783876419,0.486721783876419,5.545929431915283,5.545929431915283,9710
140.8894060076949,130.70570683104145,120.0,41559.0,0.4880067706108093,0.4880067706108093,5.631547927856445,5.631547927856445,9669
146.71060297187643,130.70570683104145,100.0,41573.0,0.5013603568077087,0.5013603568077087,5.759232997894287,5.759232997894287,9842
153.4703624673638,130.70570683104145,80.00000000000003,41497.0,0.5150208473205566,0.5150208473205566,5.7904438972473145,5.7904438972473145,10153
160.9478340478818,130.70570683104145,60.0,41571.0,0.5331318378448486,0.5331318378448486,5.875101089477539,5.875101089477539,10406
168.92324116229008,130.70570683104145,40.00000000000003,41523.0,0.5474291443824768,0.5474291443824768,5.999776363372803,5.999776363372803,10637
177.1812302272203,130.70570683104145,20.0,41581.0,0.5521438717842102,0.5521438717842102,6.139496326446533,6.139496326446533,10931
133.6806054808147,132.0335169380183,0.0,41615.0,0.4861399233341217,0.4861399233341217,5.640857696533203,5.640857696533203,9883
132.19962959950703,132.0335169380183,20.0,41587.0,0.5094025731086731,0.5094025731086731,5.894415855407715,5.894415855407715,10020
132.25738540911726,132.0335169380183,40.0,41565.0,0.513087809085846,0.513087809085846,5.876674652099609,5.876674652099609,10065
133.85112036505666,132.0335169380183,60.0,41587.0,0.5140295624732971,0.5140295624732971,5.86610746383667,5.86610746383667,9926
136.90637521427888,132.0335169380183,80.0,41571.0,0.501977264881134,0.501977264881134,5.695013046264648,5.695013046264648,9889
141.28798887575613,132.0335169380183,100.0,41579.0,0.5150055885314941,0.5150055885314941,5.8005475997924805,5.8005475997924805,9945
146.81753228999676,132.0335169380183,120.0,41603.0,0.5176646113395691,0.5176646113395691,5.766741752624512,5.766741752624512,10061
153.29154929948749,132.0335169380183,140.0,41593.0,0.5423043966293335,0.5423043966293335,5.966822147369385,5.966822147369385,10263
160.49626197234662,132.0335169380183,160.0,41539.0,0.5483965873718262,0.5483965873718262,5.980993270874023,5.980993270874023,10156
168.21687320892343,132.0335169380183,180.0,41615.0,0.5480647683143616,0.5480647683143616,5.95142936706543,5.95142936706543,10109
176.24168151165827,132.0335169380183,159.99999999999997,41587.0,0.5506498217582703,0.5506498217582703,5.976188659667969,5.976188659667969,9947
175.63768867913902,132.0335169380183,140.0,41565.0,0.5118696093559265,0.5118696093559265,5.497123718261719,5.497123718261719,9811
167.62833426059672,132.0335169380183,120.0,41587.0,0.4993045628070831,0.4993045628070831,5.386730194091797,5.386730194091797,9899
159.93882665339424,132.0335169380183,100.0,41571.0,0.4963671565055847,0.4963671565055847,5.461877346038818,5.461877346038818,9998
152.78114457386334,132.0335169380183,80.00000000000001,41579.0,0.4949496388435364,0.4949496388435364,5.550314426422119,5.550314426422119,10031
146.37020892018862,132.0335169380183,59.99999999999999,41603.0,0.5010525584220886,0.5010525584220886,5.736380100250244,5.736380100250244,9958
140.91941858091923,132.0335169380183,40.0,41593.0,0.5161941647529602,0.5161941647529602,6.004863262176514,6.004863262176514,9817
136.63093253598058,132.0335169380183,20.0,41539.0,0.505372941493988,0.505372941493988,5.912092208862305,5.912092208862305,9838
153.18951328608523,133.38967142497904,0.0,41593.0,0.4930912554264068,0.4930912554264068,5.513701438903809,5.513701438903809,10685
160.11658258208465,133.38967142497904,20.0,41587.0,0.4713436663150787,0.4713436663150787,5.1322197914123535,5.1322197914123535,10401
167.57576033834874,133.38967142497904,40.0,41579.0,0.464259386062622,0.464259386062622,4.957128524780273,4.957128524780273,10459
175.3594661777904,133.38967142497904,60.0,41575.0,0.4835256338119507,0.4835256338119507,5.1217803955078125,5.1217803955078125,10460
176.73721636827787,133.38967142497904,80.0,41561.0,0.5152015686035156,0.5152015686035156,5.443508625030518,5.443508625030518,10410
168.91790696051854,133.38967142497904,100.0,41501.0,0.5216658711433411,0.5216658711433411,5.528367519378662,5.528367519378662,10366
161.38715380714788,133.38967142497904,120.0,41585.0,0.5269378423690796,0.5269378423690796,5.644388198852539,5.644388198852539,10097
154.352056961486,133.38967142497904,140.0,41573.0,0.5239777565002441,0.5239777565002441,5.688144683837891,5.688144683837891,9955
148.02180463923673,133.38967142497904,160.0,41565.0,0.5188219547271729,0.5188219547271729,5.756901264190674,5.756901264190674,9832
142.60364337737684,133.38967142497904,180.0,41593.0,0.5095639228820801,0.5095639228820801,5.788156032562256,5.788156032562256,9706
138.2941210669866,133.38967142497904,160.0,41587.0,0.5035781860351562,0.5035781860351562,5.80809211730957,5.80809211730957,9725
135.26544897413638,133.38967142497904,140.0,41579.0,0.5013340711593628,0.5013340711593628,5.776007175445557,5.776007175445557,9842
133.64868468248434,133.38967142497904,120.0,41575.0,0.5172146558761597,0.5172146558761597,5.921414852142334,5.921414852142334,10070
133.51761287096312,133.38967142497904,100.0,41561.0,0.5249380469322205,0.5249380469322205,5.985243797302246,5.985243797302246,10329
134.8783396032481,133.38967142497904,80.00000000000001,41501.0,0.5207574367523193,0.5207574367523193,5.989475727081299,5.989475727081299,10565
137.66838715014325,133.38967142497904,59.99999999999999,41585.0,0.5144988894462585,0.5144988894462585,5.997557640075684,5.997557640075684,10886
141.76563716463173,133.38967142497904,40.0,41573.0,0.5021379590034485,0.5021379590034485,5.873651027679443,5.873651027679443,10936
147.00381383912443,133.38967142497904,20.0,41565.0,0.4914396703243255,0.4914396703243255,5.656449794769287,5.656449794769287,10802
155.90408478761958,134.7768799639835,0.0,41571.0,0.5317363739013672,0.5317363739013672,5.839478969573975,5.839478969573975,10402
149.66657737208013,134.7768799639835,20.0,41575.0,0.5372530817985535,0.5372530817985535,5.926036834716797,5.926036834716797,10525
144.2938537942424,134.7768799639835,40.0,41529.0,0.5336180925369263,0.5336180925369263,5.968348026275635,5.968348026275635,10596
139.97677259940025,134.7768799639835,60.0,41529.0,0.5215560793876648,0.5215560793876648,5.949621200561523,5.949621200561523,10667
136.8835935118935,134.7768799639835,80.0,41541.0,0.5143397450447083,0.5143397450447083,5.946664810180664,5.946664810180664,10700
135.14462515842348,134.7768799639835,100.0,41565.0,0.5076493620872498,0.5076493620872498,5.8462677001953125,5.8462677001953125,10485
134.83717297257206,134.7768799639835,120.0,41591.0,0.5122054815292358,0.5122054815292358,5.836221218109131,5.836221218109131,10362
135.97522927878046,134.7768799639835,140.0,41553.0,0.5097755789756775,0.5097755789756775,5.729862689971924,5.729862689971924,10330
138.50749413129256,134.7768799639835,160.0,41563.0,0.5125830769538879,0.5125830769538879,5.706665515899658,5.706665515899658,10315
142.3244612854649,134.7768799639835,180.0,41571.0,0.5049480199813843,0.5049480199813843,5.607808589935303,5.607808589935303,10271
147.27200643144016,134.7768799639835,160.0,41575.0,0.5021435022354126,0.5021435022354126,5.584493160247803,5.584493160247803,10137
153.1671164759267,134.7768799639835,140.0,41529.0,0.4987288117408752,0.4987288117408752,5.556560039520264,5.556560039520264,9929
159.8117853769054,134.7768799639835,120.0,41529.0,0.4949827790260315,0.4949827790260315,5.565244674682617,5.565244674682617,9605
167.00284487576877,134.7768799639835,100.0,41541.0,0.4775373041629791,0.4775373041629791,5.449595928192139,5.449595928192139,9344
174.53732842518878,134.7768799639835,80.00000000000003,41565.0,0.475740373134613,0.475740373134613,5.491003513336182,5.491003513336182,9325
177.78584405114302,134.7768799639835,60.0,41591.0,0.481218159198761,0.481218159198761,5.549937725067139,5.549937725067139,9605
170.16656843958637,134.7768799639835,40.00000000000003,41553.0,0.4920397102832794,0.4920397102832794,5.558374404907227,5.558374404907227,9929
162.8052478751988,134.7768799639835,20.0,41563.0,0.5158893465995789,0.5158893465995789,5.719310283660889,5.719310283660889,10240
137.14317285613953,136.19825355805625,0.0,41597.0,0.5267837047576904,0.5267837047576904,5.803203105926514,5.803203105926514,10332
139.42560139026168,136.19825355805622,20.0,41599.0,0.5278022289276123,0.5278022289276123,5.882925510406494,5.882925510406494,10207
142.96688972957176,136.19825355805625,40.0,41569.0,0.5319435000419617,0.5319435000419617,5.91110372543335,5.91110372543335,10148
147.62498341217125,136.19825355805625,60.0,41601.0,0.5301899909973145,0.5301899909973145,5.792787075042725,5.792787075042725,9916
153.2275321534298,136.19825355805625,80.0,41605.0,0.5241893529891968,0.5241893529891968,5.672897815704346,5.672897815704346,9811
159.58516263255777,136.19825355805628,100.0,41569.0,0.5151621103286743,0.5151621103286743,5.594060897827148,5.594060897827148,9588
166.50135333216988,136.19825355805625,120.0,41595.0,0.5024110674858093,0.5024110674858093,5.495957374572754,5.495957374572754,9637
173.77826505887776,136.19825355805628,140.0,41615.0,0.5056086778640747,0.5056086778640747,5.575685024261475,5.575685024261475,9738
178.78093296820484,136.19825355805625,160.0,41585.0,0.5383800864219666,0.5383800864219666,5.920653343200684,5.920653343200684,9974
171.3721239261525,136.19825355805625,180.0,41597.0,0.5509679913520813,0.5509679913520813,5.988868713378906,5.988868713378906,10187
164.19140010942186,136.19825355805622,160.0,41599.0,0.5433899164199829,0.5433899164199829,5.840873718261719,5.840873718261719,10212
157.43600564383362,136.19825355805625,140.0,41569.0,0.5429094433784485,0.5429094433784485,5.887101650238037,5.887101650238037,10201
151.30375589583633,136.19825355805628,120.0,41601.0,0.5198726654052734,0.5198726654052734,5.686935901641846,5.686935901641846,10155
145.9896715923552,136.19825355805625,100.0,41605.0,0.5053765773773193,0.5053765773773193,5.511255741119385,5.511255741119385,10049
141.6788412487618,136.19825355805628,80.00000000000001,41569.0,0.5047283172607422,0.5047283172607422,5.453643798828125,5.453643798828125,10177
138.53528932774154,136.19825355805625,59.99999999999993,41595.0,0.4983485639095306,0.4983485639095306,5.329890251159668,5.329890251159668,10258
136.6880085956003,136.19825355805628,40.0,41615.0,0.495483249425888,0.495483249425888,5.301703453063965,5.301703453063965,10346
136.21699273387122,136.19825355805622,20.0,41585.0,0.509579598903656,0.509579598903656,5.511855125427246,5.511855125427246,10421
173.08557702740902,137.65739454779282,0.0,41543.0,0.4942688643932342,0.4942688643932342,5.765270709991455,5.765270709991455,11005
179.719597329391,137.65739454779282,20.0,41579.0,0.4875698983669281,0.4875698983669281,5.6924309730529785,5.6924309730529785,10789
172.53220232927967,137.65739454779282,40.0,41535.0,0.4841838777065277,0.4841838777065277,5.569581985473633,5.569581985473633,10633
165.54380714032405,137.65739454779282,60.0,41565.0,0.4803641140460968,0.4803641140460968,5.394631862640381,5.394631862640381,10489
158.94659186578292,137.65739454779282,80.0,41547.0,0.4782806932926178,0.4782806932926178,5.239819049835205,5.239819049835205,10404
152.9326568857453,137.65739454779282,100.0,41573.0,0.4939844608306885,0.4939844608306885,5.331244945526123,5.331244945526123,10546
147.69089864140554,137.65739454779282,120.0,41549.0,0.5261150598526001,0.5261150598526001,5.648820877075195,5.648820877075195,10638
143.40054647294983,137.65739454779282,140.0,41551.0,0.5288854241371155,0.5288854241371155,5.722042560577393,5.722042560577393,10467
140.22112310037474,137.65739454779282,160.0,41503.0,0.5275904536247253,0.5275904536247253,5.817893981933594,5.817893981933594,10121
138.2797794714403,137.65739454779282,180.0,41543.0,0.5073099732398987,0.5073099732398987,5.707511425018311,5.707511425018311,9893
137.6584132265461,137.65739454779282,160.00000000000003,41579.0,0.503263533115387,0.503263533115387,5.76850175857544,5.76850175857544,9858
138.38397509591596,137.65739454779282,140.0,41535.0,0.5008305907249451,0.5008305907249451,5.820069789886475,5.820069789886475,9838
140.42503094161808,137.65739454779282,120.0,41565.0,0.5016992688179016,0.5016992688179016,5.807644844055176,5.807644844055176,9925
143.6957595951754,137.65739454779282,100.0,41547.0,0.5188747644424438,0.5188747644424438,5.903621673583984,5.903621673583984,10053
148.06601854714847,137.65739454779282,80.00000000000003,41573.0,0.5290499925613403,0.5290499925613403,5.9222612380981445,5.9222612380981445,10294
153.37432411940316,137.65739454779282,60.0,41549.0,0.5415483713150024,0.5415483713150024,6.043107032775879,6.043107032775879,10385
159.44038072122157,137.65739454779282,40.00000000000003,41551.0,0.537599503993988,0.537599503993988,6.074680805206299,6.074680805206299,10680
166.07485851763428,137.65739454779282,20.0,41503.0,0.5235131978988647,0.5235131978988647,6.036034107208252,6.036034107208252,11078
145.14243523185922,139.15851420692033,0.0,41573.0,0.4971638321876526,0.4971638321876526,5.740456581115723,5.740456581115723,9878
141.9420971044509,139.15851420692033,20.0,41511.0,0.5008193850517273,0.5008193850517273,5.744146347045898,5.744146347045898,10102
139.92136365839133,139.1585142069203,40.0,41531.0,0.5028241276741028,0.5028241276741028,5.700692176818848,5.700692176818848,10096
139.16329674252248,139.1585142069203,60.0,41529.0,0.5106375217437744,0.5106375217437744,5.764083385467529,5.764083385467529,10133
139.69997790031454,139.15851420692033,80.0,41555.0,0.522934079170227,0.522934079170227,5.885330677032471,5.885330677032471,10245
141.5086411006575,139.1585142069203,100.0,41577.0,0.5250964760780334,0.5250964760780334,5.90114688873291,5.90114688873291,10202
144.51443477992026,139.15851420692033,120.0,41583.0,0.5319885015487671,0.5319885015487671,5.971924781799316,5.971924781799316,10246
148.59889880719464,139.15851420692033,140.0,41549.0,0.5393778681755066,0.5393778681755066,6.039076328277588,6.039076328277588,10256
153.61155112897248,139.15851420692033,160.0,41563.0,0.5296518802642822,0.5296518802642822,5.868221282958984,5.868221282958984,10179
159.38157403473815,139.15851420692033,180.0,41573.0,0.5281590819358826,0.5281590819358826,5.776518821716309,5.776518821716309,9964
165.72736105606248,139.15851420692033,160.0,41511.0,0.5095757246017456,0.5095757246017456,5.511935234069824,5.511935234069824,9966
172.46293664349406,139.1585142069203,140.0,41531.0,0.4935363233089447,0.4935363233089447,5.350170612335205,5.350170612335205,10043
179.40134675496347,139.15851420692033,120.0,41529.0,0.4967612624168396,0.4967612624168396,5.48113489151001,5.48113489151001,10118
173.64422296174394,139.1585142069203,100.0,41555.0,0.4897924959659576,0.4897924959659576,5.496166706085205,5.496166706085205,10000
166.8605566966987,139.15851420692033,80.00000000000001,41577.0,0.493643045425415,0.493643045425415,5.630300998687744,5.630300998687744,9783
160.43461586514226,139.15851420692033,60.0,41583.0,0.5011579990386963,0.5011579990386963,5.787953853607178,5.787953853607178,9620
154.55270984991313,139.15851420692033,40.00000000000003,41549.0,0.5020772814750671,0.5020772814750671,5.827971935272217,5.827971935272217,9566
149.3975609169521,139.15851420692033,20.0,41563.0,0.4889663755893707,0.4889663755893707,5.672029972076416,5.672029972076416,9645
149.22807465598282,140.70658902084875,0.0,41531.0,0.491888016462326,0.491888016462326,5.202702045440674,5.202702045440674,10390
153.94390642890352,140.70658902084875,20.0,41527.0,0.494709849357605,0.494709849357605,5.179993152618408,5.179993152618408,10516
159.4134704673247,140.70658902084875,40.0,41561.0,0.5131087899208069,0.5131087899208069,5.3821940422058105,5.3821940422058105,10585
165.4633979849784,140.70658902084875,60.0,41567.0,0.522354245185852,0.522354245185852,5.503365516662598,5.503365516662598,10414
171.9144766586216,140.70658902084875,80.0,41589.0,0.5319178700447083,0.5319178700447083,5.633843421936035,5.633843421936035,10200
178.5854483588754,140.70658902084875,100.0,41591.0,0.5358693599700928,0.5358693599700928,5.696764945983887,5.696764945983887,9941
174.70535254785912,140.70658902084878,120.0,41529.0,0.5199029445648193,0.5199029445648193,5.555439472198486,5.555439472198486,9727
168.13961021082474,140.70658902084875,140.0,41563.0,0.5122382640838623,0.5122382640838623,5.574148178100586,5.574148178100586,9583
161.89885905995578,140.70658902084875,160.0,41553.0,0.5047767162322998,0.5047767162322998,5.632681369781494,5.632681369781494,9561
156.16349227479716,140.70658902084875,180.0,41531.0,0.4930619299411773,0.4930619299411773,5.583413600921631,5.583413600921631,9645
151.10996899022723,140.70658902084875,159.99999999999997,41527.0,0.4987910389900207,0.4987910389900207,5.629288673400879,5.629288673400879,9750
146.90546636294323,140.70658902084875,140.0,41561.0,0.5219088196754456,0.5219088196754456,5.8547444343566895,5.8547444343566895,10025
143.69973555238772,140.70658902084875,120.0,41567.0,0.5231369733810425,0.5231369733810425,5.836359977722168,5.836359977722168,10194
141.614794226627,140.70658902084875,100.0,41589.0,0.5193447470664978,0.5193447470664978,5.839263439178467,5.839263439178467,10381
140.73416854561472,140.70658902084875,80.00000000000001,41591.0,0.5107658505439758,0.5107658505439758,5.812734127044678,5.812734127044678,10441
141.0942131380341,140.70658902084875,59.99999999999999,41529.0,0.4978155791759491,0.4978155791759491,5.632105350494385,5.632105350494385,10462
142.67998439043112,140.70658902084875,40.0,41563.0,0.4896543323993683,0.4896543323993683,5.406974315643311,5.406974315643311,10414
145.42696278248593,140.70658902084875,19.99999999999997,41553.0,0.4945579469203949,0.4945579469203949,5.318632125854492,5.318632125854492,10405
169.37878130105244,142.30757243091088,0.0,41575.0,0.5462778806686401,0.5462778806686401,6.075728416442871,6.075728416442871,10691
163.33812632051527,142.30757243091088,20.0,41533.0,0.53253173828125,0.53253173828125,6.030735015869141,6.030735015869141,10779
157.7647797659774,142.30757243091085,40.0,41541.0,0.5084716081619263,0.5084716081619263,5.85594654083252,5.85594654083252,10803
152.82880251850784,142.30757243091088,60.0,41537.0,0.501253068447113,0.501253068447113,5.804062366485596,5.804062366485596,10792
148.691127176854,142.30757243091085,80.0,41597.0,0.5006591081619263,0.5006591081619263,5.74599552154541,5.74599552154541,10561
145.49623032096062,142.30757243091088,100.0,41595.0,0.4989797472953796,0.4989797472953796,5.594959735870361,5.594959735870361,10395
143.36288256310522,142.30757243091088,120.0,41523.0,0.5016952753067017,0.5016952753067017,5.52573823928833,5.52573823928833,10378
142.37440856357824,142.30757243091088,140.0,41573.0,0.4945522844791412,0.4945522844791412,5.39014196395874,5.39014196395874,10521
142.57060868410537,142.30757243091088,160.0,41561.0,0.5049764513969421,0.5049764513969421,5.495243072509766,5.495243072509766,10433
143.9435204733008,142.30757243091088,180.0,41575.0,0.5123857259750366,0.5123857259750366,5.591394424438477,5.591394424438477,10255
146.43828667998903,142.30757243091088,160.0,41533.0,0.5250453352928162,0.5250453352928162,5.800103664398193,5.800103664398193,9942
149.95886386123058,142.30757243091088,140.0,41541.0,0.512626588344574,0.512626588344574,5.751126766204834,5.751126766204834,9750
154.37690738077796,142.30757243091088,120.00000000000004,41537.0,0.4948449730873108,0.4948449730873108,5.66241455078125,5.66241455078125,9558
159.54156193834604,142.30757243091088,100.0,41597.0,0.4869771003723144,0.4869771003723144,5.634974002838135,5.634974002838135,9576
165.2881899882025,142.30757243091088,80.00000000000001,41595.0,0.4921849071979522,0.4921849071979522,5.666847229003906,5.666847229003906,9839
171.44491044697858,142.30757243091088,60.0,41523.0,0.5065159797668457,0.5065159797668457,5.705395221710205,5.705395221710205,10098
177.83671152124825,142.30757243091088,40.0,41573.0,0.5318225622177124,0.5318225622177124,5.892950534820557,5.892950534820557,10302
175.7124486131683,142.30757243091088,20.0,41561.0,0.5341161489486694,0.5341161489486694,5.87199592590332,5.87199592590332,10556
144.08851700096912,143.96868817157602,0.0,41607.0,0.513499915599823,0.513499915599823,5.862991809844971,5.862991809844971,9942
144.13427301948363,143.96868817157602,20.0,41577.0,0.5136331915855408,0.5136331915855408,5.831251621246338,5.831251621246338,9917
145.30491005849265,143.96868817157602,40.0,41555.0,0.5287643671035767,0.5287643671035767,5.982524871826172,5.982524871826172,9948
147.55453808599216,143.96868817157602,60.0,41547.0,0.5170477628707886,0.5170477628707886,5.811298847198486,5.811298847198486,9767
150.79773373448273,143.96868817157602,80.0,41561.0,0.5096689462661743,0.5096689462661743,5.714061260223389,5.714061260223389,9752
154.91715842550153,143.96868817157602,100.0,41543.0,0.4988691210746765,0.4988691210746765,5.589038848876953,5.589038848876953,9728
159.77234083985184,143.96868817157605,120.0,41545.0,0.5188865661621094,0.5188865661621094,5.784528255462647,5.784528255462647,9818
165.20784512180185,143.96868817157602,140.0,41563.0,0.5329581499099731,0.5329581499099731,5.856245040893555,5.856245040893555,10065
171.05969757955523,143.96868817157602,160.0,41525.0,0.5483638048171997,0.5483638048171997,5.956573486328125,5.956573486328125,10281
177.1597179843867,143.96868817157602,180.0,41607.0,0.5454068183898926,0.5454068183898926,5.879541873931885,5.879541873931885,10235
176.66198332583716,143.96868817157602,160.0,41577.0,0.5564379692077637,0.5564379692077637,6.020989894866943,6.020989894866943,10208
170.5757087144325,143.96868817157602,140.0,41555.0,0.535354733467102,0.535354733467102,5.796016216278076,5.796016216278076,9988
164.75126906945977,143.96868817157602,120.0,41547.0,0.5072537064552307,0.5072537064552307,5.447813034057617,5.447813034057617,9963
159.3566187829705,143.96868817157602,100.0,41561.0,0.5005725026130676,0.5005725026130676,5.351527214050293,5.351527214050293,10086
154.5552305629355,143.96868817157602,80.00000000000001,41543.0,0.4908411502838135,0.4908411502838135,5.2916765213012695,5.2916765213012695,10200
150.50159796744833,143.96868817157602,59.99999999999999,41545.0,0.495713859796524,0.495713859796524,5.411181926727295,5.411181926727295,10211
147.33464514298245,143.96868817157602,40.0,41563.0,0.5176650881767273,0.5176650881767273,5.775248050689697,5.775248050689697,10153
145.16945668033355,143.96868817157602,19.99999999999997,41525.0,0.5297656655311584,0.5297656655311584,6.0196638107299805,6.0196638107299805,9981
165.229647586065,145.69884724320846,0.0,41575.0,0.489935040473938,0.489935040473938,5.595263957977295,5.595263957977295,10558
170.7652775600066,145.69884724320846,20.0,41553.0,0.4848920106887817,0.4848920106887817,5.400899410247803,5.400899410247803,10517
176.55979917844255,145.6988472432084,40.0,41525.0,0.4701830446720123,0.4701830446720123,5.105464935302734,5.105464935302734,10337
177.54993848616172,145.69884724320843,60.0,41573.0,0.4667864739894867,0.4667864739894867,4.977336406707764,4.977336406707764,10441
171.72782169608433,145.69884724320846,80.0,41569.0,0.4922900795936584,0.4922900795936584,5.198753356933594,5.198753356933594,10627
166.1372223356737,145.69884724320843,100.0,41555.0,0.5208370089530945,0.5208370089530945,5.495784282684326,5.495784282684326,10559
160.9394344374962,145.69884724320843,120.0,41581.0,0.5316033959388733,0.5316033959388733,5.678968906402588,5.678968906402588,10283
156.29108698979152,145.69884724320843,140.0,41553.0,0.5391667485237122,0.5391667485237122,5.865469455718994,5.865469455718994,10041
152.3399898880584,145.69884724320846,160.0,41553.0,0.5239692330360413,0.5239692330360413,5.798450946807861,5.798450946807861,9920
149.21920913062445,145.69884724320846,180.0,41575.0,0.5254561305046082,0.5254561305046082,5.968996524810791,5.968996524810791,9778
147.03970204409512,145.69884724320846,160.0,41553.0,0.509898841381073,0.509898841381073,5.88783073425293,5.88783073425293,9729
145.88249257077578,145.6988472432084,140.0,41525.0,0.5037168264389038,0.5037168264389038,5.829215049743652,5.829215049743652,9788
145.79189926708725,145.69884724320843,120.0,41573.0,0.507368803024292,0.507368803024292,5.799220085144043,5.799220085144043,9910
146.77143160971636,145.69884724320846,100.0,41569.0,0.5228129029273987,0.5228129029273987,5.907622814178467,5.907622814178467,10118
148.78345262559944,145.69884724320843,80.00000000000003,41555.0,0.5285291075706482,0.5285291075706482,5.954668998718262,5.954668998718262,10253
151.75270182309907,145.69884724320843,60.0,41581.0,0.5171304941177368,0.5171304941177368,5.876479148864746,5.876479148864746,10457
155.5727246976229,145.69884724320843,40.00000000000003,41553.0,0.5057510733604431,0.5057510733604431,5.823028564453125,5.823028564453125,10743
160.11363585791722,145.69884724320843,20.0,41553.0,0.4943491220474243,0.4943491220474243,5.718944549560547,5.718944549560547,10705
158.03913353668224,147.5092588329337,0.0,41589.0,0.5107699036598206,0.5107699036598206,5.742824077606201,5.742824077606201,10172
154.21069909525448,147.5092588329337,20.0,41561.0,0.5149404406547546,0.5149404406547546,5.732600688934326,5.732600688934326,10163
151.1557515338882,147.5092588329337,40.0,41591.0,0.5260308384895325,0.5260308384895325,5.851670742034912,5.851670742034912,10257
148.98066423180566,147.5092588329337,60.0,41517.0,0.5233827829360962,0.5233827829360962,5.845351696014404,5.845351696014404,10331
147.76438824237184,147.5092588329337,80.0,41561.0,0.5220381021499634,0.5220381021499634,5.880443096160889,5.880443096160889,10396
147.552357162942,147.50925883293374,100.0,41589.0,0.5223689079284668,0.5223689079284668,5.923170566558838,5.923170566558838,10470
148.35259088272483,147.5092588329337,120.0,41569.0,0.5193713307380676,0.5193713307380676,5.8758158683776855,5.8758158683776855,10292
150.13497739949386,147.5092588329337,140.0,41607.0,0.5082733631134033,0.5082733631134033,5.670572757720947,5.670572757720947,10322
152.8339219014067,147.50925883293374,160.0,41553.0,0.5184428691864014,0.5184428691864014,5.70676326751709,5.70676326751709,10255
156.3536785030606,147.5092588329337,180.0,41589.0,0.5070056915283203,0.5070056915283203,5.525103092193604,5.525103092193604,10224
160.5751028517882,147.5092588329337,159.99999999999997,41561.0,0.4996511936187744,0.4996511936187744,5.450514316558838,5.450514316558838,10283
165.36247898369308,147.5092588329337,140.0,41591.0,0.5032357573509216,0.5032357573509216,5.528515815734863,5.528515815734863,10134
170.56940945332607,147.50925883293374,120.0,41517.0,0.4974870979785919,0.4974870979785919,5.488916873931885,5.488916873931885,9970
176.0432843086676,147.5092588329337,100.0,41561.0,0.4919857978820801,0.4919857978820801,5.503900051116943,5.503900051116943,9755
178.37165651038967,147.5092588329337,80.00000000000003,41589.0,0.4974372684955597,0.4974372684955597,5.663569927215576,5.663569927215576,9440
172.8322948027812,147.5092588329337,60.0,41569.0,0.4967961013317108,0.4967961013317108,5.73857307434082,5.73857307434082,9525
167.49506504346903,147.5092588329337,40.00000000000003,41607.0,0.4908784031867981,0.4908784031867981,5.682152271270752,5.682152271270752,9738
162.51419461443976,147.5092588329337,19.99999999999997,41553.0,0.4912455379962921,0.4912455379962921,5.616020202636719,5.616020202636719,10000
151.62219202845685,149.41435826192838,0.0,41533.0,0.5234861373901367,0.5234861373901367,5.559492588043213,5.559492588043213,10498
154.05457210844622,149.41435826192838,20.0,41599.0,0.537196159362793,0.537196159362793,5.7647223472595215,5.7647223472595215,10399
157.27292724743563,149.41435826192838,40.0,41549.0,0.5395014882087708,0.5395014882087708,5.839954376220703,5.839954376220703,10185
161.1689678187209,149.41435826192838,60.0,41569.0,0.5431222915649414,0.5431222915649414,5.898171424865723,5.898171424865723,10007
165.61745455970132,149.41435826192838,80.0,41547.0,0.5303948521614075,0.5303948521614075,5.732868194580078,5.732868194580078,9851
170.48168283003386,149.41435826192838,100.0,41541.0,0.5148159861564636,0.5148159861564636,5.58317232131958,5.58317232131958,9667
175.61787087601724,149.41435826192838,120.0,41573.0,0.5094431638717651,0.5094431638717651,5.603592395782471,5.603592395782471,9484
179.1216216029027,149.41435826192838,140.0,41565.0,0.4995808899402618,0.4995808899402618,5.582958698272705,5.582958698272705,9560
173.8859876791505,149.41435826192838,160.0,41571.0,0.5004610419273376,0.5004610419273376,5.601902484893799,5.601902484893799,9659
168.8241205203704,149.41435826192838,180.0,41533.0,0.526770830154419,0.526770830154419,5.846530914306641,5.846530914306641,9797
164.08266833973158,149.41435826192838,160.0,41599.0,0.5367546081542969,0.5367546081542969,5.870920181274414,5.870920181274414,10129
159.80346823797063,149.41435826192838,140.0,41549.0,0.540785014629364,0.540785014629364,5.886281967163086,5.886281967163086,10280
156.11995284744148,149.41435826192838,120.0,41569.0,0.5401910543441772,0.5401910543441772,5.9365949630737305,5.9365949630737305,10373
153.1523690900918,149.41435826192838,100.0,41547.0,0.5148314833641052,0.5148314833641052,5.69378137588501,5.69378137588501,10295
151.0020176466527,149.41435826192838,80.00000000000001,41541.0,0.5014163255691528,0.5014163255691528,5.485590934753418,5.485590934753418,10300
149.7451584127152,149.41435826192838,59.99999999999999,41573.0,0.4903975427150726,0.4903975427150726,5.255779266357422,5.255779266357422,10251
149.42759308060877,149.41435826192838,40.00000000000003,41565.0,0.4873023331165313,0.4873023331165313,5.163638114929199,5.163638114929199,10323
150.06104598882158,149.41435826192838,20.0,41571.0,0.4944392442703247,0.4944392442703247,5.213735103607178,5.213735103607178,10416
179.79312474750938,151.43327954624215,0.0,41909.0,0.5057576298713684,0.5057576298713684,5.870344638824463,5.870344638824463,10663
174.88536289049063,151.43327954624215,20.0,41533.0,0.4890291690826416,0.4890291690826416,5.611594200134277,5.611594200134277,10634
170.12412999901872,151.43327954624215,40.0,41591.0,0.4870650768280029,0.4870650768280029,5.591435432434082,5.591435432434082,10527
165.64784984136375,151.43327954624215,60.0,41575.0,0.4940986335277557,0.4940986335277557,5.5856475830078125,5.5856475830078125,10419
161.59018712093476,151.43327954624215,80.0,41559.0,0.5034596920013428,0.5034596920013428,5.5533857345581055,5.5533857345581055,10422
158.07668861118145,151.43327954624215,100.0,41589.0,0.4926852583885193,0.4926852583885193,5.32414436340332,5.32414436340332,10409
155.22049582835913,151.43327954624215,120.0,41601.0,0.5008314847946167,0.5008314847946167,5.356881141662598,5.356881141662598,10536
153.1172937653459,151.43327954624215,140.0,41565.0,0.5262099504470825,0.5262099504470825,5.61697244644165,5.61697244644165,10543
151.8400086908656,151.43327954624215,160.0,41607.0,0.5401102900505066,0.5401102900505066,5.8224687576293945,5.8224687576293945,10280
151.43406059179907,151.43327954624215,180.0,41909.0,0.5105546116828918,0.5105546116828918,5.7165045738220215,5.7165045738220215,9823
151.9140750289572,151.43327954624215,160.0,41533.0,0.5126808881759644,0.5126808881759644,5.752838134765625,5.752838134765625,9771
153.26276804807304,151.43327954624215,140.0,41591.0,0.4982225596904754,0.4982225596904754,5.704434394836426,5.704434394836426,9655
155.43226097117494,151.43327954624215,120.0,41575.0,0.4919547438621521,0.4919547438621521,5.708412170410156,5.708412170410156,9756
158.3475230192087,151.43327954624215,100.0,41559.0,0.5035070776939392,0.5035070776939392,5.8087158203125,5.8087158203125,9949
161.9112005394052,151.43327954624215,80.00000000000003,41589.0,0.5138193964958191,0.5138193964958191,5.815392017364502,5.815392017364502,10066
166.00892595201483,151.43327954624215,60.0,41601.0,0.5246115922927856,0.5246115922927856,5.844428062438965,5.844428062438965,10169
170.5143198343089,151.43327954624215,40.00000000000003,41565.0,0.544603705406189,0.544603705406189,6.061011791229248,6.061011791229248,10435
175.29320202489137,151.43327954624215,20.0,41607.0,0.5377992391586304,0.5377992391586304,6.030951023101807,6.030951023101807,10631
155.34595310604325,153.59232273001342,0.0,41597.0,0.5012030005455017,0.5012030005455017,5.748379707336426,5.748379707336426,9724
154.0706671236149,153.59232273001342,20.0,41577.0,0.4993863105773926,0.4993863105773926,5.738415718078613,5.738415718078613,9835
153.59512231827716,153.59232273001342,40.0,41571.0,0.5048688650131226,0.5048688650131226,5.772567272186279,5.772567272186279,9838
153.93603564589029,153.59232273001345,60.0,41521.0,0.503203809261322,0.503203809261322,5.712616920471191,5.712616920471191,9886
155.08141103746817,153.59232273001342,80.0,41577.0,0.5173327326774597,0.5173327326774597,5.820921421051025,5.820921421051025,9925
156.99137734052744,153.59232273001345,100.0,41567.0,0.5274240970611572,0.5274240970611572,5.868953704833984,5.868953704833984,10060
159.60084863374254,153.59232273001342,120.0,41565.0,0.5380501747131348,0.5380501747131348,5.944974422454834,5.944974422454834,10270
162.8234705126696,153.59232273001342,140.0,41591.0,0.5409478545188904,0.5409478545188904,5.941748142242432,5.941748142242432,10322
166.55614813912874,153.59232273001342,160.0,41593.0,0.5572664737701416,0.5572664737701416,6.126401424407959,6.126401424407959,10355
170.68350301323548,153.59232273001342,180.0,41597.0,0.5414510369300842,0.5414510369300842,5.925209999084473,5.925209999084473,10217
175.08181508147064,153.59232273001342,160.0,41577.0,0.5187170505523682,0.5187170505523682,5.604610919952393,5.604610919952393,10041
179.6222764928199,153.59232273001342,140.0,41571.0,0.5013079643249512,0.5013079643249512,5.34203052520752,5.34203052520752,10056
175.82637091530475,153.59232273001342,120.0,41521.0,0.4976739883422851,0.4976739883422851,5.336338043212891,5.336338043212891,10181
171.39556667671363,153.59232273001342,100.0,41577.0,0.4986105263233185,0.4986105263233185,5.41308069229126,5.41308069229126,10164
167.2146922456305,153.59232273001342,80.00000000000001,41567.0,0.5060743689537048,0.5060743689537048,5.569884777069092,5.569884777069092,10087
163.40851505375562,153.59232273001342,59.99999999999999,41565.0,0.5180123448371887,0.5180123448371887,5.802493095397949,5.802493095397949,9979
160.09404735069722,153.59232273001342,40.0,41591.0,0.5150200724601746,0.5150200724601746,5.844971179962158,5.844971179962158,9865
157.37671317315744,153.59232273001342,19.99999999999997,41593.0,0.5107243061065674,0.5107243061065674,5.836441993713379,5.836441993713379,9729
163.93663872306846,155.9293853774335,0.0,41553.0,0.497341126203537,0.497341126203537,5.3560943603515625,5.3560943603515625,10303
167.28624717444393,155.9293853774335,20.0,41593.0,0.4839934706687927,0.4839934706687927,5.122859954833984,5.122859954833984,10388
171.0117290532982,155.92938537743353,40.0,41551.0,0.4909400939941406,0.4909400939941406,5.1517534255981445,5.1517534255981445,10565
175.00080960879507,155.92938537743348,60.0,41547.0,0.5275695323944092,0.5275695323944092,5.529531478881836,5.529531478881836,10620
179.13568912517408,155.9293853774335,80.0,41513.0,0.5378581285476685,0.5378581285476685,5.674197673797607,5.674197673797607,10370
176.70428486309427,155.9293853774335,100.0,41531.0,0.5385227203369141,0.5385227203369141,5.745913505554199,5.745913505554199,10084
172.64024177931657,155.9293853774335,120.0,41531.0,0.5392236709594727,0.5392236709594727,5.834939479827881,5.834939479827881,9886
168.79146657494817,155.9293853774335,140.0,41535.0,0.5180578827857971,0.5180578827857971,5.681817531585693,5.681817531585693,9762
165.2728759076762,155.9293853774335,160.0,41521.0,0.5132063031196594,0.5132063031196594,5.766167163848877,5.766167163848877,9624
162.19209120430477,155.9293853774335,180.0,41553.0,0.5068431496620178,0.5068431496620178,5.787898063659668,5.787898063659668,9633
159.64603189070132,155.9293853774335,160.00000000000003,41593.0,0.5030726194381714,0.5030726194381714,5.752983570098877,5.752983570098877,9742
157.71713146071446,155.92938537743353,140.0,41551.0,0.5179624557495117,0.5179624557495117,5.856046199798584,5.856046199798584,9876
156.46948113281977,155.9293853774335,120.0,41547.0,0.5279770493507385,0.5279770493507385,5.884803295135498,5.884803295135498,10070
155.94537363974777,155.9293853774335,100.0,41513.0,0.525301456451416,0.525301456451416,5.826989650726318,5.826989650726318,10269
156.16278459131303,155.9293853774335,80.00000000000004,41531.0,0.5219423174858093,0.5219423174858093,5.841394424438477,5.841394424438477,10482
157.11424187151422,155.92938537743353,59.99999999999999,41531.0,0.5097143054008484,0.5097143054008484,5.760865211486816,5.760865211486816,10493
158.7673000476845,155.9293853774335,40.00000000000003,41535.0,0.4965673685073852,0.4965673685073852,5.59063196182251,5.59063196182251,10421
161.06652767118436,155.9293853774335,20.0,41521.0,0.4922498762607574,0.4922498762607574,5.426019668579102,5.426019668579102,10300
170.3925196860064,158.50269135324714,0.0,41543.0,0.5343848466873169,0.5343848466873169,5.949869155883789,5.949869155883789,10216
167.20704646093347,158.50269135324712,20.0,41585.0,0.5397966504096985,0.5397966504096985,5.997859001159668,5.997859001159668,10356
164.40322562963294,158.50269135324712,40.0,41567.0,0.5202080011367798,0.5202080011367798,5.809662818908691,5.809662818908691,10452
162.06841630441912,158.50269135324712,60.0,41549.0,0.5138617157936096,0.5138617157936096,5.793549060821533,5.793549060821533,10489
160.27706714228162,158.50269135324712,80.0,41557.0,0.5086614489555359,0.5086614489555359,5.758754253387451,5.758754253387451,10389
159.08752220536005,158.50269135324712,100.0,41551.0,0.5045114159584045,0.5045114159584045,5.661837100982666,5.661837100982666,10351
158.53917940934363,158.50269135324712,120.0,41533.0,0.5013443231582642,0.5013443231582642,5.530287742614746,5.530287742614746,10349
158.6503882271549,158.50269135324712,140.0,41587.0,0.5050926208496094,0.5050926208496094,5.479896068572998,5.479896068572998,10236
159.41741732119712,158.50269135324712,160.0,41559.0,0.4919142723083496,0.4919142723083496,5.296140670776367,5.296140670776367,10376
160.81466727792312,158.50269135324714,180.0,41543.0,0.5013779401779175,0.5013779401779175,5.397655487060547,5.397655487060547,10343
162.79609168359448,158.50269135324712,159.99999999999997,41585.0,0.5201554298400879,0.5201554298400879,5.617239952087402,5.617239952087402,10207
165.29758988361814,158.50269135324712,140.0,41567.0,0.5208082795143127,0.5208082795143127,5.6844258308410645,5.6844258308410645,9978
168.24000984418882,158.50269135324714,120.0,41549.0,0.5089593529701233,0.5089593529701233,5.640478610992432,5.640478610992432,9728
171.53237953718786,158.50269135324712,100.00000000000004,41557.0,0.4989242255687713,0.4989242255687713,5.661880493164063,5.661880493164063,9620
175.07505950350088,158.50269135324714,80.00000000000001,41551.0,0.4948680400848388,0.4948680400848388,5.703744888305664,5.703744888305664,9650
178.7626393633219,158.50269135324714,59.99999999999999,41533.0,0.48761847615242,0.48761847615242,5.625628471374512,5.625628471374512,9786
177.51345773648677,158.50269135324712,40.00000000000003,41587.0,0.5153077244758606,0.5153077244758606,5.8762688636779785,5.8762688636779785,10039
173.8625816850187,158.50269135324712,19.99999999999997,41559.0,0.5208551287651062,0.5208551287651062,5.8441033363342285,5.8441033363342285,10142
161.49466634583536,161.41036349735424,0.0,41567.0,0.538335382938385,0.538335382938385,5.899297714233398,5.899297714233398,10155
162.08643895071432,161.41036349735424,20.0,41575.0,0.527087390422821,0.527087390422821,5.822264671325684,5.822264671325684,9903
163.2258660401385,161.41036349735427,40.0,41527.0,0.5298441052436829,0.5298441052436829,5.876101016998291,5.876101016998291,9801
164.87608974411825,161.41036349735424,60.0,41577.0,0.5176344513893127,0.5176344513893127,5.7634596824646,5.7634596824646,9715
166.9844424997121,161.41036349735424,80.0,41529.0,0.5157654881477356,0.5157654881477356,5.798301696777344,5.798301696777344,9616
169.48473136773848,161.41036349735424,100.0,41527.0,0.5029916763305664,0.5029916763305664,5.680183410644531,5.680183410644531,9637
172.2998141900101,161.41036349735424,120.0,41551.0,0.5065881609916687,0.5065881609916687,5.7107930183410645,5.7107930183410645,9713
175.34424263822368,161.41036349735424,140.0,41555.0,0.521959662437439,0.521959662437439,5.844415187835693,5.844415187835693,9727
178.52682239937016,161.41036349735424,160.0,41571.0,0.5412068963050842,0.5412068963050842,5.969461441040039,5.969461441040039,9931
178.2469685733782,161.41036349735424,180.0,41567.0,0.5412055253982544,0.5412055253982544,5.870754718780518,5.870754718780518,10288
175.0726815520734,161.41036349735424,159.99999999999997,41575.0,0.5374183058738708,0.5374183058738708,5.832836627960205,5.832836627960205,10418
172.04464176331766,161.41036349735427,140.0,41527.0,0.54594486951828,0.54594486951828,5.97737455368042,5.97737455368042,10371
169.2536419567081,161.41036349735424,120.0,41577.0,0.5171198844909668,0.5171198844909668,5.640269756317139,5.640269756317139,10226
166.7845116707635,161.41036349735427,100.0,41529.0,0.5126564502716064,0.5126564502716064,5.521561145782471,5.521561145782471,10229
164.7135461945568,161.41036349735424,80.00000000000001,41527.0,0.5014578700065613,0.5014578700065613,5.333624362945557,5.333624362945557,10223
163.1058621228889,161.41036349735424,59.99999999999999,41551.0,0.491226851940155,0.491226851940155,5.2007975578308105,5.2007975578308105,10289
162.01283681103766,161.41036349735427,40.0,41555.0,0.505121648311615,0.505121648311615,5.391777515411377,5.391777515411377,10323
161.46986157089722,161.41036349735424,19.99999999999997,41571.0,0.5318713784217834,0.5318713784217834,5.737918853759766,5.737918853759766,10376
175.88156940580984,164.84396374661995,0.0,41585.0,0.488506019115448,0.488506019115448,5.518577098846436,5.518577098846436,10364
178.46982986158812,164.84396374661995,20.0,41537.0,0.4928078949451446,0.4928078949451446,5.518642902374268,5.518642902374268,10281
178.89619616776818,164.84396374661995,40.0,41579.0,0.513200044631958,0.513200044631958,5.627380847930908,5.627380847930908,10307
176.29519442931615,164.84396374661992,60.0,41525.0,0.4982875287532806,0.4982875287532806,5.348796367645264,5.348796367645264,10405
173.80499821741634,164.84396374661995,80.0,41567.0,0.4907443523406982,0.4907443523406982,5.207718372344971,5.207718372344971,10500
171.500540258771,164.84396374661995,100.0,41581.0,0.5139437913894653,0.5139437913894653,5.425223350524902,5.425223350524902,10556
169.4517722123666,164.84396374661995,120.0,41565.0,0.5392575263977051,0.5392575263977051,5.709807395935059,5.709807395935059,10543
167.72156206538753,164.84396374661995,140.0,41565.0,0.5404002070426941,0.5404002070426941,5.793495655059815,5.793495655059815,10142
166.36362396279512,164.84396374661995,160.0,41551.0,0.5262196063995361,0.5262196063995361,5.747712135314941,5.747712135314941,9845
165.4205823560959,164.84396374661995,180.0,41585.0,0.5213450193405151,0.5213450193405151,5.812757968902588,5.812757968902588,9717
164.92230893555464,164.84396374661995,160.00000000000003,41537.0,0.5044229626655579,0.5044229626655579,5.746708393096924,5.746708393096924,9618
164.8846831592175,164.84396374661995,140.00000000000003,41579.0,0.5073691606521606,0.5073691606521606,5.843777179718018,5.843777179718018,9720
165.30890692287844,164.84396374661995,120.00000000000004,41525.0,0.5105714201927185,0.5105714201927185,5.856658935546875,5.856658935546875,9813
166.18145191708476,164.84396374661995,100.0,41567.0,0.5207560658454895,0.5207560658454895,5.904375553131104,5.904375553131104,9976
167.47464588746726,164.84396374661995,80.00000000000001,41581.0,0.5368444919586182,0.5368444919586182,6.008856773376465,6.008856773376465,10114
169.14783004005113,164.84396374661992,60.0,41565.0,0.5280358791351318,0.5280358791351318,5.866220474243164,5.866220474243164,10268
171.14896350681212,164.84396374661995,40.00000000000003,41565.0,0.5241158604621887,0.5241158604621887,5.844640731811523,5.844640731811523,10482
173.4165250248193,164.84396374661995,20.0,41551.0,0.5011089444160461,0.5011089444160461,5.623419284820557,5.623419284820557,10509
171.4645680919509,169.29873455957605,0.0,41565.0,0.5022149085998535,0.5022149085998535,5.77741813659668,5.77741813659668,9825
170.4728526465996,169.29873455957605,20.0,41549.0,0.5131112933158875,0.5131112933158875,5.840378761291504,5.840378761291504,9910
169.7707547321277,169.29873455957608,40.0,41567.0,0.5267513394355774,0.5267513394355774,5.949007034301758,5.949007034301758,10007
169.3800469803122,169.29873455957605,60.0,41567.0,0.5278911590576172,0.5278911590576172,5.886799812316895,5.886799812316895,10086
169.31288516192092,169.29873455957605,80.0,41567.0,0.5285842418670654,0.5285842418670654,5.833993911743164,5.833993911743164,10255
169.57136179363292,169.29873455957605,100.0,41559.0,0.5268999338150024,0.5268999338150024,5.810761451721191,5.810761451721191,10467
170.1474284896943,169.29873455957605,120.0,41549.0,0.5185202360153198,0.5185202360153198,5.72743558883667,5.72743558883667,10527
171.0231933156141,169.29873455957608,140.0,41537.0,0.5157151222229004,0.5157151222229004,5.708339214324951,5.708339214324951,10381
172.17156950044034,169.29873455957605,160.0,41563.0,0.5134170651435852,0.5134170651435852,5.623133182525635,5.623133182525635,10293
173.55722692899008,169.29873455957605,180.0,41565.0,0.520479142665863,0.520479142665863,5.623400688171387,5.623400688171387,10199
175.1377826258108,169.29873455957605,160.00000000000003,41549.0,0.5024965405464172,0.5024965405464172,5.35481595993042,5.35481595993042,10182
176.8651628385721,169.29873455957608,140.0,41567.0,0.4981757998466491,0.4981757998466491,5.326505661010742,5.326505661010742,10319
178.687076039317,169.29873455957605,120.0,41567.0,0.5135577917098999,0.5135577917098999,5.504857540130615,5.504857540130615,10258
179.45145055351452,169.29873455957605,100.0,41567.0,0.528306782245636,0.528306782245636,5.715092658996582,5.715092658996582,10244
177.60650336170593,169.29873455957605,80.00000000000001,41559.0,0.5271955728530884,0.5271955728530884,5.785317420959473,5.785317420959473,9937
175.833704201836,169.29873455957605,59.99999999999999,41549.0,0.5119693875312805,0.5119693875312805,5.699645519256592,5.699645519256592,9724
174.18663630776172,169.29873455957608,40.00000000000003,41537.0,0.5056368112564087,0.5056368112564087,5.72258996963501,5.72258996963501,9688
172.71529188301605,169.29873455957605,20.0,41563.0,0.4975792467594147,0.4975792467594147,5.694235801696777,5.694235801696777,9647
180.0,180.0,0.0,44473.0,0.4289777874946594,0.4289777874946594,5.872711658477783,5.872711658477783,9270
180.0,180.0,20.0,42305.0,0.4899233281612396,0.4899233281612396,5.771636486053467,5.771636486053467,9685
180.0,180.0,40.0,42273.0,0.4819967150688171,0.4819967150688171,5.781296730041504,5.781296730041504,9534
180.0,180.0,60.0,42313.0,0.4724139869213104,0.4724139869213104,5.760786533355713,5.760786533355713,9518
180.0,180.0,80.0,42297.0,0.4749291539192199,0.4749291539192199,5.815942287445068,5.815942287445068,9653
180.0,180.0,100.0,42297.0,0.4891195297241211,0.4891195297241211,5.959512233734131,5.959512233734131,9749
180.0,180.0,120.0,42313.0,0.5001556873321533,0.5001556873321533,6.022824287414551,6.022824287414551,9820
180.0,180.0,140.0,42273.0,0.4989771842956543,0.4989771842956543,5.910889625549316,5.910889625549316,10007
180.0,180.0,160.0,42305.0,0.4964416325092315,0.4964416325092315,5.820934772491455,5.820934772491455,10280
180.0,180.0,180.0,44473.0,0.419770747423172,0.419770747423172,5.824128150939941,5.824128150939941,9857
180.0,180.0,160.0,42305.0,0.4732608795166015,0.4732608795166015,5.576095581054688,5.576095581054688,10411
180.0,180.0,140.0,42273.0,0.4693769216537475,0.4693769216537475,5.546404838562012,5.546404838562012,10267
180.0,180.0,120.0,42313.0,0.4813295304775238,0.4813295304775238,5.632916927337647,5.632916927337647,10160
180.0,180.0,100.0,42297.0,0.4844264984130859,0.4844264984130859,5.562378883361816,5.562378883361816,10067
180.0,180.0,80.00000000000001,42297.0,0.4622747302055359,0.4622747302055359,5.2412428855896,5.2412428855896,10166
180.0,180.0,59.99999999999999,42313.0,0.4747864902019501,0.4747864902019501,5.378411293029785,5.378411293029785,10299
180.0,180.0,40.0,42273.0,0.4915240705013275,0.4915240705013275,5.5590033531188965,5.5590033531188965,10276
180.0,180.0,19.99999999999997,42305.0,0.5117523670196533,0.5117523670196533,5.845715522766113,5.845715522766113,10178
