ang_dist,cone_dist,inplane_dist,common_voxels,ccc,ccc_masked,z_score,z_score_masked,Tight mask overlap
0.0,0.0,0.0,41527.0,0.1479589939117431,0.1479589939117431,19.048559188842773,19.048559188842773,14184
19.99999999999995,3.6595053165211744,0.0,41537.0,0.0558793283998966,0.0457613766193389,7.102462291717529,5.694589614868164,12437
39.99999999999999,7.211352231721239,0.0,41509.0,0.0545285232365131,0.0411847718060016,7.176647663116455,5.254163265228272,11722
59.99999999999993,10.55023323508413,0.0,41537.0,0.0541008822619915,0.0400259047746658,7.155951023101807,5.115208625793457,11147
79.99999999999999,13.575699165915228,0.0,41519.0,0.0467929244041442,0.0433884561061859,5.964602470397949,5.480953216552734,10706
100.0,16.194926665514963,0.0,41551.0,0.0542091839015483,0.0470577105879783,6.670351505279541,5.7010498046875,10473
119.99999999999996,18.3257489930586,0.0,41553.0,0.0552436560392379,0.0475240685045719,7.117755889892578,6.028464317321777,10293
140.0,19.899822690499224,2.8421709430404014e-14,41615.0,0.0529365912079811,0.0466650240123271,6.919068336486816,6.018817901611328,10313
160.00000000000003,20.865670429084947,2.8421709430404014e-14,41517.0,0.0522331744432449,0.0434204526245594,6.683442115783691,5.440761089324951,10235
180.0,21.19124791861596,0.0,41527.0,0.061722707003355,0.061722707003355,7.829959869384766,7.829959869384766,9509
160.00000000000006,20.865670429084968,0.0,41537.0,0.0540230385959148,0.0540230385959148,6.834427833557129,6.834427833557129,10167
139.99999999999997,19.89982269049924,2.8421709430404014e-14,41509.0,0.0532168820500373,0.0503465384244918,6.777021884918213,6.374756336212158,10260
120.0,18.3257489930586,0.0,41537.0,0.0501528680324554,0.0397535562515258,6.436628341674805,4.959892749786377,10275
100.0,16.194926665514963,0.0,41519.0,0.0513198189437389,0.0426241308450698,6.323913097381592,5.136824131011963,10427
80.00000000000003,13.575699165915228,0.0,41551.0,0.0499004684388637,0.0436958670616149,6.3796563148498535,5.502234935760498,10672
59.99999999999996,10.55023323508413,0.0,41553.0,0.0482204407453537,0.0432716123759746,6.048248767852783,5.357509136199951,11159
39.99999999999995,7.211352231721239,0.0,41615.0,0.0564960576593875,0.0470370315015316,7.327104091644287,5.986581802368164,11784
20.000000000000025,3.659505316521274,0.0,41517.0,0.0554797872900962,0.0469210557639598,7.090515613555908,5.891489028930664,12465
132.7118863589871,29.77298589619696,3.857468936557524,41529.0,0.0448632948100566,0.0435963049530983,5.66330623626709,5.484134674072266,10568
112.82559093773766,28.19187717651655,14.074680894261917,41607.0,0.0539454035460948,0.0382237546145916,7.037931442260742,4.786915302276611,10613
92.96933850161356,25.86266178998633,24.267922848674687,41593.0,0.049235351383686,0.0478547364473342,6.238725662231445,6.0446062088012695,10778
73.1705737158172,22.89974871940308,34.42527297207366,41579.0,0.0473956689238548,0.0452753044664859,5.935377597808838,5.639516830444336,11110
53.49601000547987,19.46752416593492,44.54389134936133,41583.0,0.051645141094923,0.0447490476071834,6.516032695770264,5.554723262786865,11526
34.1639444641434,15.81177394687635,54.63608923345154,41565.0,0.0524816997349262,0.0497581772506237,6.65933895111084,6.278086185455322,12022
16.43529021662418,12.35252276372019,64.74537696437906,41573.0,0.0531071163713932,0.0531071163713932,6.677746295928955,6.677746295928955,12627
13.065971218485611,9.89559259725684,75.01986823991822,41563.0,0.0500928051769733,0.0500928051769733,6.305726051330566,6.305726051330566,12920
29.47854726212726,9.604745471787057,86.49700724001517,41507.0,0.0548709258437156,0.038185141980648,7.083560466766357,4.72129487991333,12015
48.62986287998992,11.671033017705703,90.61878657658951,41623.0,0.0530650056898593,0.0530650056898593,7.108972072601318,7.108972072601318,11441
68.25132303106365,14.993663377671265,77.62167244277695,41545.0,0.0490533597767353,0.0387501269578933,6.346190452575684,4.87087869644165,10922
88.02804955235138,18.65126561936509,67.24121022533177,41537.0,0.0493721738457679,0.0491850264370441,6.235753059387207,6.209530830383301,10654
107.87339571557403,22.15944901110003,57.11307234579228,41539.0,0.0540905147790908,0.0460628718137741,6.814200878143311,5.701854228973389,10501
127.75382535394203,25.24473544662883,47.022607396282325,41617.0,0.0554652996361255,0.0521510355174541,7.079440593719482,6.615813732147217,10527
147.65323665427155,27.728430433002075,36.91240072665019,41565.0,0.0493412911891937,0.0493412911891937,6.26947832107544,6.26947832107544,10532
167.56241194761142,29.48611530562724,26.764744713120336,41549.0,0.0534214675426483,0.0453899763524532,6.793740749359131,5.670173168182373,10412
172.52499625662853,30.435232699050605,16.579484697572838,41549.0,0.0483250543475151,0.0373588353395462,6.016932487487793,4.496201038360596,10422
152.61443675040684,30.532327429139908,6.366714943196712,41539.0,0.0552193745970726,0.0449996814131736,7.063251495361328,5.629211902618408,10513
15.959764552939264,15.10225724003711,4.541213968055473,41579.0,0.0825170353055,0.0825170353055,11.177345275878906,11.177345275878906,12631
29.185909171434613,14.649607392344937,16.60911709865121,41571.0,0.0482819490134716,0.0356652922928333,6.252575397491455,4.439509868621826,12027
47.37246539502837,13.83163769555539,28.79539803543159,41525.0,0.0586646236479282,0.0432556346058845,7.754368782043457,5.53883171081543,11439
66.56954194664894,12.689621528783812,41.237995763771465,41613.0,0.0509359017014503,0.0388193652033805,6.523369312286377,4.811296463012695,10915
86.10183181688113,11.288221795298549,54.18598706286909,41515.0,0.0529094003140926,0.0513199009001255,6.736170291900635,6.513546943664551,10672
105.7813107928542,9.724500862453809,68.14046976491343,41563.0,0.0543481521308422,0.0447823628783226,6.808902263641357,5.490058422088623,10347
125.53573635010326,8.148773520530936,84.25015583274441,41521.0,0.0508058965206146,0.0508058965206146,6.526103496551514,6.526103496551514,10195
145.33079968196097,6.804731226509067,105.67565762907496,41573.0,0.0515946932137012,0.0486400052905082,6.5244460105896,6.111841678619385,10146
165.14714051778975,6.055441750476964,142.492287048841,41543.0,0.048509806394577,0.0348432585597038,6.308838367462158,4.337993621826172,10142
175.02830410533008,6.216205669366852,156.048337376343,41575.0,0.05031693354249,0.0446223579347133,6.303734302520752,5.512760162353516,10067
155.20644282460376,7.210287518047539,112.6201948542976,41557.0,0.0522324815392494,0.0352372601628303,6.700993061065674,4.298101425170898,10091
135.39887393210392,8.667196257103935,88.808994150422,41613.0,0.0539978444576263,0.0529071055352687,6.742544174194336,6.592657566070557,10092
115.62113069430472,10.260396157338198,71.82567438822406,41547.0,0.054747924208641,0.0383550748229026,6.930400371551514,4.650334358215332,10118
95.89847158172653,11.783054544482514,57.489701872804574,41563.0,0.0518525168299675,0.0408593490719795,6.664216041564941,5.106735706329346,10267
76.27961702408824,13.106205133834704,44.35599593822244,41541.0,0.0470023341476917,0.0404572300612926,5.956449031829834,5.032013893127441,10575
56.8776969302963,14.14523267161452,31.818754706557485,41559.0,0.0532592386007308,0.0340405665338039,6.892889499664307,4.159365653991699,11182
38.0319486107181,14.84398168061771,19.58522802072639,41543.0,0.0576080754399299,0.0384757556021213,7.521252632141113,4.7957963943481445,11749
21.282094550184848,15.168069442507974,7.497690216567008,41569.0,0.0503418557345867,0.0503418557345867,6.43016242980957,6.43016242980957,12354
143.03329358865682,37.59544581500308,4.933807500846768,41545.0,0.0497535951435565,0.0441985316574573,6.268936634063721,5.492610454559326,10722
162.75451573350108,37.5499550380857,18.059923559447952,41555.0,0.0550352744758129,0.0443580597639083,6.811645984649658,5.359187602996826,10602
177.50984309984082,36.5608511627083,31.369051143085077,41527.0,0.0610934011638164,0.0460502319037914,7.68973970413208,5.629436492919922,10456
157.77622170863162,34.68524048583423,45.06329958055463,41527.0,0.0584610402584075,0.0425119325518608,7.204679012298584,5.0544939041137695,10453
138.06156907446848,32.03539252934353,59.48735710472832,41547.0,0.0567325577139854,0.0420131832361221,7.187606334686279,5.147602081298828,10588
118.38791963648733,28.78327749633756,75.28637249743056,41521.0,0.0500643290579319,0.0414075702428817,6.2825446128845215,5.07815408706665,10654
98.79012865113164,25.17594049605278,93.77358737538694,41667.0,0.0537350326776504,0.0383356437087059,6.6570143699646,4.554650783538818,10744
79.33344988242459,21.572733914684644,117.78260172974224,41573.0,0.0484696589410305,0.0383646450936794,6.145870685577393,4.721724510192871,10953
60.16327896615169,18.508636249831195,152.43322489732108,41577.0,0.0496694482862949,0.0397384576499462,6.353631019592285,4.945741176605225,11231
41.6850988295738,16.710793232393645,162.9337757471982,41549.0,0.0495237000286579,0.0389808230102062,6.378007888793945,4.874215602874756,11618
25.4621614456702,16.80699331960802,125.08389405531491,41505.0,0.0521820709109306,0.0448774620890617,6.717198848724365,5.6815690994262695,12220
18.75861495537471,18.75861088663445,98.99498714683163,41541.0,0.0795337483286857,0.0795337483286857,10.444470405578612,10.444470405578612,12417
29.12737212491277,21.90313826760861,79.50126751712524,41485.0,0.0503999590873718,0.039612166583538,6.604657173156738,5.044727325439453,12059
46.23600176928481,25.52652415512276,63.20299902071761,41525.0,0.0492453500628471,0.0438561178743839,6.425341606140137,5.647112846374512,11621
64.9591185905095,29.113308425912862,48.51821607021341,41591.0,0.0502103231847286,0.0469911359250545,6.357766628265381,5.9066481590271,11256
84.22387861209744,32.31727127899961,34.68469755285136,41527.0,0.051759798079729,0.0486551932990551,6.706007480621338,6.262672424316406,11026
103.72528282593998,34.89969521759595,21.30356529730929,41589.0,0.0548292994499206,0.0548292994499206,7.152493953704834,7.152493953704834,10889
123.34670338657268,36.69472447158996,8.146803658055177,41591.0,0.0546393766999244,0.0484650880098342,7.094850063323975,6.215466499328613,10883
82.33731041807965,32.65057805914215,5.205660660839868,41573.0,0.0548255518078804,0.0444360971450805,6.923872947692871,5.482545852661133,10889
63.36667352482338,30.688632512852767,19.06150526915124,41521.0,0.0490164496004581,0.0427572093904018,6.25816822052002,5.371584415435791,11221
45.17425328219895,27.995579042959196,33.13348696569932,41547.0,0.0533429235219955,0.039152443408966,6.924930572509766,4.902451515197754,11676
29.26080381543536,24.729969400110782,47.65396384526332,41609.0,0.0523917004466056,0.0487926974892616,6.56400728225708,6.066690444946289,12055
21.497330815710733,21.121511362173788,63.004524171502624,41579.0,0.0500301830470562,0.0436730645596981,6.2589263916015625,5.3765645027160645,12249
29.302726889665983,17.520031308744336,79.85926778999422,41533.0,0.0524708293378353,0.0454210713505744,6.589271068572998,5.6129069328308105,11917
45.22856138775895,14.496750392937516,99.46184233036276,41599.0,0.0526623539626598,0.0483322292566299,6.7545976638793945,6.143187522888184,11268
63.42474166755314,12.912211992585654,124.04444815932575,41557.0,0.0509838014841079,0.040906336158514,6.412354469299316,5.009416580200195,10776
82.39687939732266,13.473749797274634,156.37090219607788,41535.0,0.0576879680156707,0.0576262325048446,7.088098526000977,7.079787254333496,10427
101.70694897524822,15.904208847598184,165.49535988153931,41555.0,0.058719016611576,0.0523496568202972,7.535334587097168,6.643884181976318,10303
121.18776353205232,19.3098524901916,131.18733313526323,41547.0,0.0533603057265281,0.0419657491147518,6.777106761932373,5.184392929077148,10241
140.76137245323122,22.969336231286917,104.92306427319213,41557.0,0.0528799220919609,0.0484838187694549,6.684035301208496,6.071582317352295,10293
160.3849102230576,26.43909414449703,84.35050401571243,41491.0,0.0552656911313533,0.0450409315526485,7.042247772216797,5.613523006439209,10276
179.96948868778,29.439014315111702,66.96701708581581,41575.0,0.050578411668539,0.0455668307840824,6.511350631713867,5.798617839813232,10251
160.32392056782842,31.77898781186768,51.325521131259705,41555.0,0.0494035370647907,0.0401351526379585,6.207699775695801,4.914740085601807,10350
140.7004899349161,33.32832833426226,36.64474283808258,41569.0,0.0486296601593494,0.0463462062180042,6.085360527038574,5.767515182495117,10483
121.12709161529553,34.00548251984905,22.48828671875256,41563.0,0.0482438802719116,0.0389164015650749,6.166852951049805,4.842574119567871,10520
101.64666012327656,33.77564336081695,8.596098414584844,41539.0,0.0563835576176643,0.0353811979293823,7.282633304595947,4.315811634063721,10594
61.97129943102547,29.21921888618301,5.411897695002438,41549.0,0.0527854114770889,0.044887751340866,6.882010459899902,5.750622749328613,11337
80.62368215446779,29.561950391936428,19.81928584328321,41551.0,0.0502303428947925,0.0502303428947925,6.468777656555176,6.468777656555176,11074
99.72804917733184,29.062205704873385,34.46020407840197,41535.0,0.0562246702611446,0.0403440818190574,7.186073780059815,4.963811874389648,10849
119.060022855037,27.741884451314466,49.58115871971799,41605.0,0.0480162985622882,0.0448074638843536,6.072011470794678,5.620702743530273,10579
138.51574118999622,25.65954898212009,65.5752702057425,41587.0,0.0576824322342872,0.0576824322342872,7.566813945770264,7.566813945770264,10372
158.0387394569535,22.910891710787304,83.10464220330508,41541.0,0.0515063181519508,0.0344200320541858,6.44057035446167,4.077157497406006,10216
177.59292676672186,19.63379881215723,103.2963200006702,41525.0,0.0532114617526531,0.0458988919854164,6.54907751083374,5.555955410003662,10059
162.84963340387048,16.028512066596086,127.9031241011397,41531.0,0.0503980442881584,0.0489464290440082,6.353114604949951,6.150571346282959,10076
143.31607425813212,12.423854354473177,158.52467089140416,41543.0,0.0527964495122432,0.0481474846601486,6.7128095626831055,6.061436176300049,10056
123.83963403440166,9.470643760490267,166.86699379990387,41585.0,0.0558172687888145,0.0556203201413154,7.012383460998535,6.985252380371094,10077
104.47009703066824,8.38691844081266,134.8414861779932,41549.0,0.0502113029360771,0.0412339605391025,6.323395729064941,5.070364475250244,10086
85.29558018945737,9.924544731675407,108.84852823782288,41547.0,0.0539998970925807,0.0381157509982585,6.974130630493164,4.722829341888428,10270
66.49874969819986,13.074982046601876,87.75760372793249,41549.0,0.0472373403608799,0.0472126975655555,5.985551834106445,5.982075214385986,10686
48.53356235311601,16.715353075244572,69.70212734261976,41543.0,0.0537865385413169,0.0384436473250389,6.826663494110107,4.685561656951904,11145
32.80911608071659,20.278839270261127,53.40646791029749,41553.0,0.0494561418890953,0.0456720180809497,6.331052303314209,5.794435501098633,11736
24.194266615035705,23.46995952187488,38.115377535944674,41525.0,0.052468292415142,0.0512755773961544,6.795531272888184,6.625623226165772,12107
29.70622910378373,26.10306910191444,23.383581014685404,41561.0,0.0487735010683536,0.0484776459634304,6.097784519195557,6.056663036346436,12036
44.35788639152324,28.049017504700693,8.93682183466126,41567.0,0.0494827255606651,0.0453277491033077,6.357871055603027,5.766896724700928,11684
165.3534037574314,47.40599667602852,5.577218241005767,41557.0,0.0545700192451477,0.0411024913191795,6.884437084197998,5.015543460845947,10867
145.90868607674747,46.38414242193487,20.425267838454687,41541.0,0.0486575402319431,0.0486575402319431,6.244061470031738,6.244061470031738,10864
126.526404686134,44.40577526866775,35.515382206895424,41597.0,0.0516688525676727,0.0387866832315921,6.419928550720215,4.649481296539307,11010
107.26219898574344,41.61876817463448,51.09966848749758,41551.0,0.0526794716715812,0.0425152033567428,6.709835529327393,5.283847332000732,11050
88.21195294199937,38.24662535325544,67.57074892072677,41619.0,0.0606293454766273,0.0402868725359439,7.6396708488464355,4.849596977233887,11193
69.56815130853103,34.597145216493665,85.56392247828293,41591.0,0.0521040633320808,0.0371093675494194,6.6892266273498535,4.5675458908081055,11350
51.78712021534251,31.079285387956126,106.09050143748864,41503.0,0.0521471798419952,0.0464929565787315,6.589889049530029,5.801320552825928,11524
36.17929873024023,28.2118646494948,130.5500748032036,41529.0,0.0640279129147529,0.0499077923595905,8.024672508239746,6.104906558990479,11843
26.86011528379624,26.56409703207284,159.90602934836258,41571.0,0.0539788007736206,0.0526703856885433,6.7726826667785645,6.59208869934082,12133
30.327190029602008,26.54991099156905,167.7374042792125,41531.0,0.0497331209480762,0.045683417469263,6.223912715911865,5.661937236785889,11970
43.63109492088002,28.17320917508232,137.30460777461613,41517.0,0.0503855422139167,0.0463279634714126,6.615814685821533,6.027491092681885,11629
60.603840612779166,31.02504269756625,111.67272188813956,41545.0,0.0548894368112087,0.0382884517312049,7.0720744132995605,4.725438594818115,11195
78.90729191895004,34.53665225197369,90.3190694362348,41515.0,0.0549613647162914,0.0521438717842102,6.992365837097168,6.599395275115967,10926
97.7904289202099,38.1875856894957,71.81485431047518,41537.0,0.0588037706911563,0.0421950221061706,7.475625038146973,5.171988010406494,10712
116.96465872570012,41.56706580578031,55.04111883268652,41545.0,0.0515095628798007,0.0400998704135417,6.407419681549072,4.837727069854736,10720
136.29715688460806,44.36577536598168,39.28281509377052,41577.0,0.0479983426630497,0.0431201830506324,6.256312370300293,5.5501708984375,10834
155.71646211233968,46.35891238225941,24.098789322584565,41539.0,0.0492097660899162,0.0492097660899162,6.181466102600098,6.181466102600098,10817
175.17761318135254,47.39738064390544,9.209856843425626,41571.0,0.0574112311005592,0.0428713820874691,7.298287391662598,5.277419567108154,10888
39.41564168346937,30.643581190259454,5.7147584464757415,41557.0,0.0469793640077114,0.0385086946189403,5.941506385803223,4.74782133102417,11869
29.501554585875184,29.15833826240614,20.928337440872752,41553.0,0.0507953092455863,0.0460726469755172,6.457131862640381,5.792926788330078,11997
31.151051226752937,26.90497169716471,36.38712265740796,41543.0,0.0522917211055755,0.0504353791475296,6.646169185638428,6.385966777801514,11855
43.05438537025256,23.996477243769505,52.34394302176315,41561.0,0.0546767376363277,0.0472039505839347,6.989132404327393,5.94011926651001,11451
59.32752204854457,20.596292309098686,69.18492371587584,41581.0,0.0586353912949562,0.0424414537847042,7.781007289886475,5.442651748657227,10896
77.25086638585915,16.946267837781797,87.51390741199148,41523.0,0.057912815362215,0.057912815362215,7.4947614669799805,7.4947614669799805,10423
95.89604142608954,13.446622649974048,108.238963282561,41569.0,0.0597722232341766,0.0459275431931018,7.751194953918457,5.797314643859863,10129
114.90292204335977,10.833716333190836,132.4987474813989,41633.0,0.0503332614898681,0.0503332614898681,6.430765151977539,6.430765151977539,10069
134.10643018572264,10.201376504810378,160.87987734072166,41515.0,0.0545353256165981,0.0518936030566692,6.856177806854248,6.49085807800293,9963
153.4185805516227,11.933677380982964,168.34711711965394,41561.0,0.0555490255355834,0.0408780649304389,7.00062894821167,4.971171379089356,9967
172.78482215192628,15.101544046094686,139.09672666936007,41567.0,0.0533325672149658,0.0533325672149658,6.553569793701172,6.553569793701172,9900
167.8352270133037,18.74040801359813,113.82356675737648,41581.0,0.0507776252925396,0.0494555309414863,6.281088352203369,6.099906921386719,9880
148.47862146119093,22.30573492195542,92.3371292296486,41589.0,0.0535039380192756,0.0476200878620147,6.768482208251953,5.949481010437012,10036
129.18814594577583,25.49006850960661,73.5168375100543,41585.0,0.0521931983530521,0.0438324958086013,6.76906681060791,5.57549524307251,10138
110.0244931130503,28.095522222388272,56.37700479102479,41507.0,0.046411070972681,0.0391555204987525,6.100491046905518,5.038907051086426,10248
91.08956313868352,29.985121066596967,40.24569337682922,41565.0,0.0493658408522605,0.0457144491374492,6.370118141174316,5.84808874130249,10459
72.58185708031498,31.06689586814404,24.69198725622246,41565.0,0.0499603785574436,0.0421704053878784,6.239040374755859,5.160011291503906,10868
54.95257602824783,31.28985077088617,9.436943811163133,41557.0,0.0485672242939472,0.0419288799166679,6.167508602142334,5.231224536895752,11343
112.87613933361676,44.75898666972599,5.832305273157601,41533.0,0.0501503087580204,0.0464707948267459,6.455284118652344,5.932034015655518,11086
131.94442673173182,44.81111912031841,21.357443378953946,41547.0,0.0648654550313949,0.0412746705114841,8.364375114440918,5.075294017791748,10824
151.1456414015983,43.85101092905276,37.12746093966521,41585.0,0.0486934967339038,0.0486934967339038,6.106409549713135,6.106409549713135,10533
170.4148465261256,41.94457115140207,53.39298616671988,41573.0,0.0500510968267917,0.04682332649827,6.185112476348877,5.742069721221924,10238
170.29505235643992,39.227002578181846,70.53062165204105,41605.0,0.0512307807803154,0.043616134673357,6.527184963226318,5.455381870269775,10155
151.02611346563071,35.905399115914456,89.11227831879663,41547.0,0.0493185147643089,0.0411061979830265,6.297964572906494,5.136316299438477,10345
131.82549679152137,32.26921365980578,109.95677073361227,41507.0,0.0580836869776248,0.0429820120334625,7.51429557800293,5.383049011230469,10442
112.75830590978228,28.712123718266323,134.00637687454113,41545.0,0.0483559072017669,0.0429408773779869,5.976068019866943,5.230167865753174,10473
93.93108529353778,25.75311340113735,161.61078084829657,41571.0,0.0472023300826549,0.0423974283039569,5.959918975830078,5.283234119415283,10617
75.54557328474218,23.99386616300153,168.80276129979583,41541.0,0.0539446361362934,0.0539446361362934,6.833011627197266,6.833011627197266,10643
58.04324368018372,23.90339293298989,140.47152425163816,41551.0,0.0490119457244873,0.0406221933662891,6.333418846130371,5.132784843444824,11004
42.54734785319732,25.50865801898248,115.53048349275936,41609.0,0.0452177599072456,0.038230899721384,5.8342132568359375,4.827279090881348,11452
32.12297345445635,28.37305701274194,93.98257520441996,41543.0,0.048106126487255,0.0459215342998504,6.173365116119385,5.86196231842041,11779
32.16069929246487,31.895043006303872,74.93072004917165,41551.0,0.0530019104480743,0.0426184795796871,6.920623779296875,5.431117534637451,11937
42.63274378388861,35.54318903095888,57.50065358823021,41547.0,0.0558759197592735,0.0399549566209316,7.162338733673096,4.927087783813477,11879
58.147541857532445,38.91168092243884,41.06221496798071,41565.0,0.0497802942991256,0.0485145486891269,6.291882038116455,6.114526748657227,11533
75.65770796242073,41.701616746432464,25.19754906060183,41561.0,0.0520532056689262,0.0463602244853973,6.595109462738037,5.799811840057373,11382
94.04694905710971,43.69816191008224,9.630968361188422,41597.0,0.0531344823539257,0.0531344823539257,6.7262396812438965,6.7262396812438965,11181
115.46478951102212,48.70578706072521,5.934837416239617,41513.0,0.0514425225555896,0.0435431525111198,6.66400671005249,5.535340309143066,10880
96.73881174401497,47.056197720906496,21.731074209709533,41583.0,0.0576298274099826,0.0472222119569778,7.34611177444458,5.897223949432373,10990
78.46401594149899,44.52794387651563,37.76954208225507,41571.0,0.0502514988183975,0.0502514988183975,6.337506294250488,6.337506294250488,11235
61.06940651490917,41.323403264480405,54.29686268370233,41555.0,0.0542379803955554,0.0542379803955554,6.894636154174805,6.894636154174805,11474
45.59469869908701,37.72610283041083,71.67864746342224,41557.0,0.0533175803720951,0.0438264682888984,6.877317905426025,5.5316691398620605,11867
34.72737044778649,34.11219172088777,90.45612916823254,41427.0,0.0532463006675243,0.0503599122166633,6.605009078979492,6.209863662719727,11856
33.33777115078513,30.96066267221851,111.37157012143754,41595.0,0.052496813237667,0.044332131743431,6.487546920776367,5.372791290283203,11710
42.36968132916347,28.822650331289747,135.21633679614266,41555.0,0.0517846159636974,0.0467623956501483,6.6394944190979,5.929229259490967,11390
57.06905771272649,28.17803990296238,162.18428000580215,41551.0,0.0488323681056499,0.043595764786005,6.204288482666016,5.465469837188721,10985
74.13125160012252,29.19340467163456,169.1591727925734,41573.0,0.0543084368109703,0.0445121377706527,6.892627239227295,5.525715351104736,10600
92.24532373216512,31.61132809016206,141.56780799505296,41529.0,0.0506780669093132,0.0400663278996944,6.326941013336182,4.858695030212402,10507
110.8857146493996,34.91565755820254,116.92788694191918,41551.0,0.051705926656723,0.048893567174673,6.612919807434082,6.216073036193848,10458
129.8120685887422,38.56425583794379,95.35984473135214,41561.0,0.0488947220146656,0.0394532233476638,6.305952548980713,4.956019878387451,10488
148.8982362191521,42.10142535938858,76.13319433746078,41581.0,0.0517363101243972,0.039250336587429,6.5200958251953125,4.781954765319824,10581
168.06802013606887,45.17344555985328,58.46679685253986,41547.0,0.0542966090142726,0.0542966090142726,6.847435474395752,6.847435474395752,10571
172.73278442045032,47.516076702698136,41.769416875010535,41583.0,0.049106191843748,0.0441356338560581,6.33839225769043,5.627424240112305,10669
153.5513363846888,48.944646349807854,25.63741773743132,41601.0,0.054509162902832,0.0416424460709095,7.16368579864502,5.311278343200684,10789
134.43900302275483,49.351287549104256,9.800167869406522,41563.0,0.053524412214756,0.03780297935009,6.964503288269043,4.717667579650879,10930
42.26702988406602,34.97801971815844,6.02572150388454,41521.0,0.049098327755928,0.0421402044594287,6.289752960205078,5.301360607147217,11671
56.09709071066597,34.525417155070286,22.06171847720941,41587.0,0.0457631610333919,0.0444172546267509,5.799407958984375,5.608822345733643,11339
72.67504772977335,33.17635306994084,38.335696173788136,41555.0,0.0527617149055004,0.0377916730940341,6.781420707702637,4.663428783416748,10966
90.4934461149273,31.003450760421543,55.08913426899946,41567.0,0.0536360591650009,0.0536360591650009,6.83381986618042,6.83381986618042,10746
108.9331311991946,28.129640878796096,72.67603393400731,41559.0,0.0511166080832481,0.0341344475746154,6.552196502685547,4.147082805633545,10487
127.71033567224192,24.735951498251907,91.60886847640504,41527.0,0.0531945489346981,0.0530448891222476,6.81575870513916,6.794677257537842,10279
146.6770022288288,21.08548471865365,112.56418526530813,41539.0,0.0485675819218158,0.0467918291687965,6.177140712738037,5.926372528076172,10129
165.74471767256915,17.58141690083116,136.2150931738755,41587.0,0.051996286958456,0.0473914332687854,6.438007354736328,5.807757377624512,10108
175.1482846644202,14.864319665564242,162.64945218360972,41527.0,0.0498947203159332,0.0493457540869712,6.177989959716797,6.102509021759033,10028
156.0544094165491,13.78687966545882,169.44758348745728,41527.0,0.0548099242150783,0.0386242233216762,6.978288173675537,4.717353820800781,9903
137.02912597604302,14.830771433606095,142.46816186464034,41569.0,0.0498901344835758,0.0489584654569625,6.288942813873291,6.158670902252197,9804
118.14494348627716,17.527850452577106,118.10000612393635,41553.0,0.055664163082838,0.0426259711384773,7.037669658660889,5.228731632232666,9839
99.51471425310422,21.024896019727635,96.53673177323496,41559.0,0.0513185672461986,0.0435974821448326,6.552891254425049,5.464148998260498,9985
81.3411180689146,24.67672893121055,77.17503881587244,41575.0,0.0474433004856109,0.0433079712092876,6.075626850128174,5.486709117889404,10235
64.0391617891338,28.077093605324848,59.31206037670742,41523.0,0.0479995124042034,0.042024340480566,6.266297817230225,5.400983333587647,10665
48.57234232164512,30.96116511717388,42.392227433961125,41537.0,0.0529538355767726,0.0446052514016628,6.728242874145508,5.560702800750732,11150
37.31685607744954,33.14681671489056,26.026408107281355,41557.0,0.0534098893404006,0.0479437448084354,6.899144649505615,6.123756408691406,11546
34.6637668517467,34.51024646158848,9.950111688626263,41593.0,0.0586182065308094,0.0586182065308094,7.561398029327393,7.561398029327393,11830
163.44535468504606,56.41851439462968,6.107334822779308,41573.0,0.0470838882029056,0.0449442826211452,5.952497482299805,5.650821208953857,11085
177.5413725092265,55.79717732675351,22.35818544085336,41521.0,0.0560241304337978,0.0560241304337978,7.000072956085205,7.000072956085205,10964
158.53539981261045,54.13040328010595,38.841634764262125,41573.0,0.0553589053452014,0.0489309579133987,6.738554954528809,5.877123832702637,10800
139.59624998103564,51.55928895449014,55.79330348568459,41595.0,0.0509668961167335,0.0423924811184406,6.466252326965332,5.264279842376709,10819
120.7996330360723,48.31024812663733,73.55543834352076,41561.0,0.0510972663760185,0.0510972663760185,6.49229621887207,6.49229621887207,11007
102.26049331412956,44.69297896774032,92.61385884582288,41537.0,0.0506780631840229,0.0423384606838226,6.576663017272949,5.38140344619751,11052
84.18018477515665,41.101319555062055,113.58845367914871,41553.0,0.0466333329677581,0.0392053686082363,5.982626438140869,4.9203715324401855,11080
66.95898799120918,38.00669307846149,137.0580424831712,41513.0,0.0477717407047748,0.0473248958587646,6.065456867218018,6.002342700958252,11109
51.49118638132292,35.9129213293204,163.0365814906439,41545.0,0.0474967360496521,0.0474967360496521,6.033129692077637,6.033129692077637,11468
39.8929499657655,35.23328057705898,169.68716290564203,41559.0,0.048128891736269,0.047562688589096,6.203986644744873,6.122932434082031,11745
36.12088021853474,36.11766530054512,143.22494695384034,41567.0,0.0490286462008953,0.0408135429024696,6.25562047958374,5.09273099899292,11813
42.324819994535225,38.37264982981553,119.10246979957002,41543.0,0.0483941026031971,0.0431115329265594,6.176431655883789,5.42730188369751,11715
55.236416603585646,41.56289987820123,97.5593548559238,41557.0,0.047562226653099,0.0465219616889953,6.092096328735352,5.943888187408447,11533
71.29273965235477,45.18374319849848,78.09140725799038,41573.0,0.0468280501663684,0.0463650114834308,5.984443187713623,5.918525695800781,11319
88.7937033063012,48.77279489504578,60.062050094800426,41613.0,0.0620742477476596,0.0511692240834236,7.950171947479248,6.432893753051758,11057
107.01995261381676,51.94744270756679,42.948170269088166,41569.0,0.0537996739149093,0.0345229916274547,6.829342842102051,4.138519287109375,11033
125.64026712064503,54.40912409494373,26.374965485512263,41527.0,0.0490804687142372,0.0429467596113681,6.124965667724609,5.274013042449951,11114
144.48262311653374,55.94261663283134,10.084731957873942,41527.0,0.0539688952267169,0.0423747040331363,6.942465305328369,5.303086280822754,11080
69.83413801821216,44.631217901719005,6.1814150597341495,41561.0,0.0482565090060234,0.042044248431921,6.154921531677246,5.27455472946167,11233
54.35955403864599,42.90534604679624,22.62690769299465,41585.0,0.0545340739190578,0.0358757488429546,7.016524314880371,4.383058547973633,11523
42.45676486096138,40.33309208707317,39.2988027388252,41567.0,0.049421165138483,0.0451243743300437,6.327543258666992,5.717474460601807,11824
37.69253853354023,37.10863751838303,56.426413895335685,41545.0,0.05605199187994,0.0444321669638156,7.093429565429688,5.481037139892578,11714
42.54125680851606,33.50590058359506,74.34035721083612,41573.0,0.054301518946886,0.0443638488650321,6.7677412033081055,5.403932094573975,11394
54.49144762162434,29.897332151650662,93.50187531873073,41561.0,0.0551411733031272,0.0488367602229118,6.923691749572754,6.053984642028809,10909
69.98803482102205,26.775991465215643,114.48172866068708,41563.0,0.0516688413918018,0.043269895017147,6.446984767913818,5.287567138671875,10455
87.14858475065654,24.732000502362293,137.7824130915843,41565.0,0.0521751008927822,0.0454820841550827,6.6327972412109375,5.694392204284668,10107
105.14782375031844,24.27951117211108,163.36543130638844,41577.0,0.0527330674231052,0.0461012460291385,6.707333087921143,5.778146266937256,10022
123.60296258407422,25.55033318180781,169.8903701007472,41567.0,0.0515264496207237,0.0453381054103374,6.334268569946289,5.491825103759766,9940
142.31582986225428,28.191841698284023,143.87306200696634,41539.0,0.0550102777779102,0.0462336987257003,7.012819290161133,5.784548759460449,10099
161.17038769177552,31.618743870297305,119.97359933232948,41595.0,0.0532977394759655,0.0408161841332912,6.765141487121582,5.019913196563721,10101
179.91182626069593,35.278226797161025,98.46029415015926,41517.0,0.0541479550302028,0.0433903858065605,6.917419910430908,5.407254219055176,10129
160.99432558124377,38.737489656528965,78.90752413778475,41609.0,0.0509216524660587,0.040377352386713,6.55255937576294,5.054423332214356,10305
142.14068875350063,41.67484680464925,60.735306175093,41567.0,0.0513362996280193,0.0404345206916332,6.715724468231201,5.1440300941467285,10412
123.4296042651065,43.85665779985864,43.449999107354245,41589.0,0.0537286065518856,0.0461723655462265,7.021346569061279,5.9378662109375,10359
104.97761798481636,45.12394678160795,26.690713702340474,41533.0,0.0508793294429779,0.0492751970887184,6.527542591094971,6.300127029418945,10519
86.98401124613281,45.388195530851846,10.206902490294908,41633.0,0.0512809418141841,0.0498402863740921,6.462308883666992,6.26163387298584,10826
85.5606760467319,47.31285013338983,6.249268774771736,41507.0,0.0521721579134464,0.0448656305670738,6.649803161621094,5.622997283935547,11141
103.31847091830733,47.27193107967136,22.872717122685827,41575.0,0.0486295968294143,0.036255769431591,6.147002696990967,4.408425331115723,11002
121.59958338634638,46.20314929117864,39.7157770691675,41499.0,0.0477569550275802,0.0466703027486801,6.075412750244141,5.921563148498535,10803
140.17740159296554,44.18377056100973,57.00118420303542,41539.0,0.0639406070113182,0.0419138967990875,8.349363327026367,5.2387309074401855,10559
158.92031438555347,41.364786372043206,75.04819709686055,41559.0,0.0540978908538818,0.0380576439201831,6.650417327880859,4.477999210357666,10166
177.74061615617345,37.97290819556386,94.29543668628403,41589.0,0.0524484515190124,0.0486129783093929,6.553384780883789,6.024022102355957,10041
163.43115780292896,34.31975706425413,115.27080820946524,41563.0,0.0522022135555744,0.0453070774674415,6.551509380340576,5.595399379730225,10100
144.66269088711397,30.819179366270216,138.41421069012924,41553.0,0.051403559744358,0.0399538278579711,6.493109226226807,4.89628791809082,10145
126.03549706354173,27.99494928072935,163.6494849280759,41535.0,0.0517064705491066,0.0517064705491066,6.578232288360596,6.578232288360596,10111
107.6673583432001,26.41612738904045,170.06567771605634,41545.0,0.0566860251128673,0.0407996140420436,7.21546745300293,5.002089500427246,10062
89.75497382360265,26.483633734300163,144.43672172666484,41547.0,0.0537247732281684,0.0537247732281684,6.883070945739746,6.883070945739746,10110
72.66891894449138,28.17884151706332,120.74072074712012,41607.0,0.0559989400207996,0.0559989400207996,7.227002620697021,7.227002620697021,10441
57.18392379415854,31.077113480936983,99.26329202858908,41533.0,0.0493519492447376,0.0406307764351367,6.295527458190918,5.062158107757568,10808
45.00912499188482,34.607298045309086,79.64203000546365,41519.0,0.0517048947513103,0.0516852736473083,6.704549312591553,6.701746463775635,11290
39.36369262714214,38.25345260479431,61.34564413913091,41591.0,0.0486335605382919,0.0486335605382919,6.167331695556641,6.167331695556641,11510
42.91279753037318,41.610408135280366,43.90726385539856,41531.0,0.0471751503646373,0.0385389104485511,6.055783271789551,4.820608615875244,11719
53.86610964921153,44.3737665303304,26.979376985887257,41561.0,0.0481947846710681,0.0481947846710681,6.085422992706299,6.085422992706299,11551
68.76466959809024,46.32297726852155,10.318783805556391,41543.0,0.0505589731037616,0.0453111864626407,6.415693759918213,5.678904533386231,11284
147.16244457723877,60.75402609223947,6.311901785301586,41567.0,0.0481203310191631,0.0431478284299373,6.136483192443848,5.431907176971436,11266
128.61785601761474,59.43672004418809,23.099329901066284,41547.0,0.0513859130442142,0.0413975641131401,6.65927267074585,5.233298301696777,11292
110.33081213480467,57.13836059467376,40.09913961034081,41581.0,0.0512407645583152,0.0443799458444118,6.480320453643799,5.520995616912842,11246
92.4951012273344,54.06891182299327,57.52733555775328,41547.0,0.0530542284250259,0.0429212152957916,6.746788501739502,5.328597068786621,11230
75.46689564855157,50.52382064636949,75.69217212539164,41561.0,0.0480289496481418,0.041535448282957,6.101747989654541,5.1849141120910645,11357
59.96942151687012,46.87868620920239,95.01144745226064,41529.0,0.0501436404883861,0.0446223206818103,6.451180458068848,5.665535926818848,11476
47.55064466331742,43.580061747373065,115.9754626262982,41573.0,0.0562182664871215,0.0562182664871215,7.002752304077148,7.002752304077148,11569
41.12091885788264,41.11183178292031,138.97219116449642,41573.0,0.0551131479442119,0.0539186634123325,6.897661209106445,6.733500957489014,11541
43.43432103572646,39.90643601384429,163.8982793827266,41575.0,0.0537547320127487,0.0428347401320934,6.777719020843506,5.261875152587891,11319
53.36372092234453,40.20320323821746,170.21906296352964,41591.0,0.0494133457541465,0.0447243116796016,6.164078712463379,5.514109611511231,11170
67.6263672963194,41.94127995349931,144.93329272432317,41571.0,0.0504625961184501,0.046067539602518,6.575283527374268,5.9425458908081055,10962
84.03265034425817,44.7888631672918,121.42388860833032,41553.0,0.0481081940233707,0.0459249392151832,6.181575298309326,5.869984149932861,10862
101.53370140045948,48.27868418239289,99.98610660568006,41505.0,0.0476624928414821,0.0476624928414821,6.0913825035095215,6.0913825035095215,10690
119.63135351219616,51.93445704144982,80.30904371636188,41581.0,0.0480708740651607,0.0338924042880535,6.281687736511231,4.227739810943604,10648
138.06816643483572,55.3351859045498,61.90360913407625,41595.0,0.0564097538590431,0.0464956946671009,7.282780170440674,5.882298946380615,10917
156.69567391994042,58.13577938335622,44.32728720339779,41567.0,0.0500968657433986,0.0398710221052169,6.381434917449951,4.94135332107544,11024
175.41625663024095,60.07326131675235,27.24535597759072,41563.0,0.0490496568381786,0.0490496568381786,6.250673770904541,6.250673770904541,11129
165.8458226056028,60.97266852398258,10.422038902350408,41617.0,0.046076413244009,0.0408892408013343,5.907485008239746,5.165052890777588,11191
42.95239411124066,42.59412350023136,6.3701040124494455,41519.0,0.0476039908826351,0.0437791980803012,6.00340461730957,5.465417861938477,11656
44.099369411279184,41.472943773822536,23.30966187017333,41571.0,0.051907654851675,0.0494523756206035,6.574459075927734,6.231079578399658,11587
52.9868794329819,39.43717194186073,40.4540437504607,41579.0,0.0492785647511482,0.0442832969129085,6.152263641357422,5.459873199462891,11395
66.57678962247981,36.626157824614,58.01245049121661,41547.0,0.0560306645929813,0.0433399528264999,7.309926509857178,5.501122951507568,10932
82.56725700973314,33.24919509959048,76.28252430673788,41597.0,0.0518010258674621,0.044073574244976,6.528013706207275,5.452207088470459,10452
99.79540212589744,29.59975638266741,95.66287661557394,41541.0,0.0494689047336578,0.0449803136289119,6.350821971893311,5.712430953979492,10165
117.69956036534276,26.084062839782167,116.61062719333844,41535.0,0.0537712648510932,0.040091224014759,7.030470848083496,5.068078517913818,10064
135.98900234144418,23.249225401775877,139.4702493838486,41553.0,0.0627121403813362,0.0432619117200374,8.088186264038086,5.369237899780273,10026
154.49704726104486,21.728793219774133,164.11876545502068,41497.0,0.0502976030111312,0.0492619685828685,6.20623254776001,6.064335346221924,9951
173.11543644482884,21.97060047481121,170.35487271229945,41541.0,0.0513614155352115,0.0393551290035247,6.487849235534668,4.8105669021606445,9869
168.23820284212331,23.89717685300001,145.37557979616557,41549.0,0.0541890375316143,0.0430947989225387,6.831993579864502,5.294809341430664,9815
149.64008168716472,26.972939573150253,122.03818389257344,41589.0,0.0531947277486324,0.0499939285218715,6.748135089874268,6.300894737243652,9811
131.17713968593037,30.571259108072944,100.64231714893646,41577.0,0.052905760705471,0.0400991216301918,6.730954170227051,4.936365127563477,9875
112.96892680224224,34.18286875509377,80.91948567767568,41493.0,0.0470311492681503,0.0438551791012287,6.150102138519287,5.688322067260742,10030
95.20613089833388,37.434813428801256,62.41741593545245,41585.0,0.0511014536023139,0.0422906503081321,6.530930042266846,5.287324905395508,10160
78.23104195775122,40.05807289091749,44.7157982818139,41537.0,0.0494543090462684,0.0384343080222606,6.290511608123779,4.736941337585449,10501
62.72015827595912,41.86272084527251,27.49210220642263,41587.0,0.0483035743236541,0.0475305132567882,6.09942626953125,5.990803718566895,10955
50.08178189288535,42.72692608729491,10.51797365776102,41563.0,0.046673122793436,0.0463385470211505,5.878195285797119,5.831153392791748,11376
133.94083787197957,60.712797993300846,6.424506566856564,41557.0,0.0504882559180259,0.0472333133220672,6.437870979309082,5.978828430175781,11007
152.3250575893171,60.38122049705184,23.506040599568337,41543.0,0.0575842782855033,0.0443261787295341,7.279307842254639,5.446597576141357,10741
170.83853598779763,58.95981472269178,40.7845947853784,41467.0,0.0528398975729942,0.0528398975729942,6.537532329559326,6.537532329559326,10415
170.60813950605726,56.575208142368446,58.46254767391199,41545.0,0.0551571696996688,0.0463080368936061,6.959341526031494,5.733922958374023,10246
152.0956812489342,53.44535186289624,76.82733526511711,41533.0,0.0519547238945961,0.0399930477142334,6.620427131652832,4.938834190368652,10297
133.713728512027,49.87301263233991,96.25986197357405,41583.0,0.052042718976736,0.052042718976736,6.795057773590088,6.795057773590088,10581
115.58251781121037,46.24085174646514,117.18781644116623,41597.0,0.0551837719976902,0.0441374331712722,6.984519481658936,5.44994068145752,10727
97.88955403656428,43.00144484769511,139.9189167664545,41525.0,0.0518400035798549,0.0417197868227958,6.758107662200928,5.30477237701416,10805
80.96385478033119,40.639821917250366,164.31613849326905,41541.0,0.0535123832523822,0.0494061410427093,6.935008525848389,6.350619792938232,10815
65.43946864324484,39.57776397515114,170.4763500727432,41615.0,0.0599860325455665,0.0425280965864658,7.98483419418335,5.463113784790039,11067
52.60287588787465,40.02878785339677,145.77324872156112,41517.0,0.0508760623633861,0.0456892997026443,6.407032489776611,5.684886932373047,11282
44.847794413624776,41.90021192396864,122.59518673345384,41523.0,0.0647267773747444,0.0554760992527008,8.53581428527832,7.219211578369141,11446
44.90043453190076,44.83775333915453,101.24250703289472,41535.0,0.0490071959793567,0.0427600555121898,6.393567085266113,5.491483688354492,11623
52.73736661409769,48.366832746162224,81.48195616212149,41545.0,0.0503468327224254,0.0457678623497486,6.52658748626709,5.871218204498291,11641
65.61948203133541,52.014330635052026,62.89357723387589,41853.0,0.0484146662056446,0.0426181517541408,6.137773513793945,5.321613788604736,11359
81.16730726353096,55.366854908226514,45.07735775986063,41525.0,0.0457616075873374,0.0391116999089717,5.858667850494385,4.907471656799316,11361
98.10553734308826,58.08829852664363,27.72236979776548,41641.0,0.0557012744247913,0.0475237220525741,6.9243645668029785,5.808184623718262,11197
115.80555523616452,59.925251909805645,10.60763128143148,41589.0,0.04874212667346,0.0452623851597309,6.106328010559082,5.621640682220459,11217
100.54665193945846,57.88871632802372,6.475621265549762,41591.0,0.0519687458872795,0.0519687458872795,6.572733879089356,6.572733879089356,10788
83.66744160306028,56.18893892754889,23.690352083043024,41541.0,0.0548319928348064,0.0433603450655937,6.946657180786133,5.350614547729492,11143
68.13008271979598,53.58368358480274,41.09411263330034,41529.0,0.0480440929532051,0.0480440929532051,6.182353973388672,6.182353973388672,11356
55.11417377271444,50.30835369059725,58.88247766484889,41547.0,0.0523479431867599,0.0523479431867599,6.495718955993652,6.495718955993652,11537
46.79815441070623,46.68175063078467,77.3330819927219,41559.0,0.0537622906267643,0.0473182722926139,6.687513828277588,5.804688930511475,11665
45.82926122367221,43.10395837379786,96.81045840739094,41523.0,0.0545200817286968,0.0422481447458267,6.993255138397217,5.26626443862915,11300
52.61607444513196,40.04533574660287,117.7160657023351,41535.0,0.0517273433506488,0.0390213802456855,6.462489604949951,4.706840991973877,10959
64.7578139570418,37.99732908824054,140.3263340130802,41547.0,0.0579921826720237,0.0461884215474128,7.255482196807861,5.640522480010986,10547
79.83565653000664,37.3530221153726,164.4943663908152,41547.0,0.0558039732277393,0.0480614379048347,7.048078536987305,5.9756855964660645,10332
96.46614512892305,38.249223729205056,170.5859680538985,41521.0,0.0503350980579853,0.0503350980579853,6.28477954864502,6.28477954864502,10191
113.9507534106123,40.49746587424172,146.13374467323507,41599.0,0.0527207963168621,0.0437142737209796,6.803866386413574,5.525197982788086,10266
131.9246528903045,43.67714803503778,123.10395145567944,41557.0,0.0509462282061576,0.0445721186697483,6.361888408660889,5.481532096862793,10379
150.18037073506008,47.29412017577192,101.79506246119534,41539.0,0.0555185712873935,0.0555185712873935,7.126935958862305,7.126935958862305,10488
168.58597457415428,50.88783259175561,82.00333544627084,41543.0,0.0525212846696376,0.0409521870315074,6.7513108253479,5.111761093139648,10491
172.95543291732025,54.07146931110619,63.33733577197548,41571.0,0.0483688861131668,0.0483688861131668,6.187425136566162,6.187425136566162,10627
154.52927247601474,56.539970027650575,45.41565127709396,41521.0,0.0514330714941024,0.0416843220591545,6.627815246582031,5.242570877075195,10665
136.2279315924124,58.07212775014917,27.93838954984824,41551.0,0.0531870424747467,0.0488710887730121,6.758594989776611,6.154937744140625,10679
118.1722839812835,58.534949867163846,10.691857694364389,41535.0,0.0530960410833358,0.0422172173857688,6.595908164978027,5.104433536529541,10696
63.99491539012059,49.22204074340527,6.523868667751401,41575.0,0.057376354932785,0.057376354932785,7.449848651885986,7.449848651885986,11149
78.5751833066613,48.84307751708965,23.864144747376717,41563.0,0.051235381513834,0.0400944240391254,6.479017734527588,4.922133445739746,10917
94.87933256382765,47.44119943634113,41.38531780939675,41541.0,0.0531299822032451,0.0531299822032451,6.665691375732422,6.665691375732422,10791
112.1366338447707,45.12195018129224,59.276202229063045,41605.0,0.051939271390438,0.0488195270299911,6.529650688171387,6.09633731842041,10587
129.94147915238813,42.06748966155279,77.80502698435211,41561.0,0.0560105107724666,0.0435800701379776,7.097842216491699,5.370853424072266,10353
148.0636956303571,38.53928782905976,97.3211581424088,41533.0,0.0487198233604431,0.0437061786651611,6.25754976272583,5.543096542358398,10100
166.3582103650965,34.8880066504449,118.20257539169724,41567.0,0.0507556982338428,0.040276788175106,6.374067783355713,4.916728496551514,10108
175.27984370534733,31.56647578099944,140.6989024977764,41577.0,0.0546676516532897,0.0487300343811512,6.859254837036133,6.040109634399414,10123
156.94083735296877,29.116110200291068,164.65653660155576,41575.0,0.0525768101215362,0.0437486842274665,6.7552642822265625,5.506996154785156,9978
138.7199924787852,28.05795217100163,170.68564831072433,41575.0,0.05545599386096,0.0459074825048446,7.109491348266602,5.767735958099365,9919
120.73882037568076,28.660375192013767,146.46290392742677,41571.0,0.0553112179040908,0.0432703793048858,7.181788921356201,5.470669746398926,9829
103.17852556940704,30.76694612165104,123.5716704750075,41537.0,0.0510322600603103,0.0480024777352809,6.473637104034424,6.048786163330078,9867
86.3435884769521,33.90110876604987,102.30672598269634,41583.0,0.0548892766237258,0.0439851507544517,7.249751567840576,5.67414140701294,10010
70.79425283031091,37.51014733079021,82.48920430929803,41561.0,0.0551294423639774,0.0510491952300071,7.360316276550293,6.764763832092285,10307
57.61584999454856,41.11245009153552,63.75296902474616,41565.0,0.0529309436678886,0.0347614288330078,6.710367679595947,4.172709941864014,10702
48.79571274807001,44.32974780485281,45.73369704371871,41569.0,0.0502974465489387,0.0395770817995071,6.384016990661621,4.877676010131836,11148
46.87714154287255,46.87688678301485,28.14199231948163,41587.0,0.0547489449381828,0.0485036894679069,7.077324390411377,6.192871570587158,11395
52.62296179452451,48.55000061037432,10.771347908787476,41603.0,0.0594284012913703,0.0452415347099304,7.65631628036499,5.665416240692139,11415
177.58109361434686,69.06257954810653,6.569598396760853,41533.0,0.0557681806385517,0.0531911477446556,7.032126426696777,6.675652980804443,11616
159.33031285739705,68.11105574160855,24.02870479576748,41547.0,0.051513772457838,0.0443357490003109,6.3883891105651855,5.402977466583252,11372
141.1900941610853,66.0963899800091,41.66046593940053,41549.0,0.0520761758089065,0.0490792766213417,6.593775272369385,6.175012111663818,11124
123.28262918733422,63.21700276573373,59.646995785776056,41539.0,0.0505296140909194,0.0423348657786846,6.388124942779541,5.241652965545654,11114
105.78611979537642,59.76342451291228,78.24749816655006,41533.0,0.0514676980674266,0.0421269387006759,6.77493953704834,5.420770645141602,11060
88.9938134786461,56.10391933312251,97.79726071343984,41569.0,0.0478080064058303,0.0411687679588794,5.987400054931641,5.060647964477539,11031
73.4338484782371,52.66777831846623,118.65316257732216,41543.0,0.0497040525078773,0.0445869266986846,6.291418552398682,5.573305130004883,11130
60.10802063523184,49.91420995599006,141.04173218094243,41579.0,0.0483474396169185,0.0483474396169185,6.025460720062256,6.025460720062256,11202
50.83375881200045,48.26700452741071,164.8050909247633,41577.0,0.0535555072128772,0.0522955358028411,6.853381156921387,6.676095008850098,11369
48.0351807115009,48.010524116597125,170.7769088268214,41579.0,0.0634991452097892,0.0492137670516967,8.119501113891602,6.139276027679443,11469
52.75704369704391,49.19146101809623,146.765372522088,41555.0,0.0491304174065589,0.0428748987615108,6.266159534454346,5.381875514984131,11418
63.33361177075488,51.60035202183233,124.0041375691752,41563.0,0.0511866994202137,0.0423722043633461,6.636005878448486,5.375374794006348,11225
77.38876445125175,54.84926352681184,102.7829889256898,41527.0,0.0475944578647613,0.0475944578647613,6.0603790283203125,6.0603790283203125,11217
93.34726940044308,58.48171859893878,82.94414521436924,41525.0,0.0516063198447227,0.051528263837099,6.537764072418213,6.526846408843994,10924
110.36473832236264,62.05305116879829,64.14400871959327,41567.0,0.0574642866849899,0.0418031848967075,7.4063720703125,5.200929164886475,10949
127.99240074591764,65.17131559931885,46.03399591257747,41553.0,0.0542021505534648,0.0399546287953853,6.76640510559082,4.808318138122559,11232
145.9757847588296,67.51706454602561,28.33469837701631,41533.0,0.0586808361113071,0.0400810688734054,7.528502464294434,4.926127433776856,11410
164.15574036789727,68.8579179660754,10.84667964391798,41555.0,0.0512458086013793,0.0341936610639095,6.654318332672119,4.210185050964356,11476
62.59075411234502,52.76243929961937,6.613104151534117,41527.0,0.0494753122329711,0.0379566140472888,6.197416305541992,4.597232341766357,11246
52.90648946755618,51.233856333542136,24.185111828795613,41569.0,0.0535241737961769,0.0462189503014087,6.802034378051758,5.780673027038574,11613
49.29452246671757,48.78903646173509,41.92144691446268,41565.0,0.0493539981544017,0.0426828637719154,6.386837482452393,5.4303812980651855,11453
53.0164146054352,45.63322294209425,59.99759349224632,41591.0,0.0510809905827045,0.0384856574237346,6.330740928649902,4.600521564483643,11241
62.77635961957076,42.053900238252666,78.66409366869354,41563.0,0.0581982135772705,0.0507927313446998,7.367109775543213,6.342729091644287,10740
76.27924690911915,38.42584878736944,98.24314134118217,41569.0,0.0547093786299228,0.0432768762111663,6.821178913116455,5.252591609954834,10257
91.8721800571658,35.21336635267945,119.07258425237816,41591.0,0.0494953878223896,0.0482877902686595,6.394521713256836,6.221837043762207,9998
108.63667000584084,32.93852448208121,141.35895684465,41523.0,0.0504713952541351,0.0364205352962017,6.350486278533936,4.393430709838867,9955
126.0785543419768,32.063276115349026,164.94198841827549,41575.0,0.0569557696580886,0.0477529950439929,7.453642845153809,6.138441562652588,9897
143.91743458312024,32.79180363732542,170.8609661977583,41577.0,0.0511036403477191,0.0392097420990467,6.4857497215271,4.816237926483154,9826
161.97910050126276,34.953021927708875,147.0448996885059,41521.0,0.0521621145308017,0.0435307398438453,6.693475723266602,5.472673416137695,9874
179.85886615265036,38.10029713525338,124.40607820981964,41573.0,0.0474218092858791,0.0426110699772834,6.059229373931885,5.375073432922363,9919
161.6975928613402,41.71049582388922,103.22837528691976,41589.0,0.062875710427761,0.062875710427761,8.033661842346191,8.033661842346191,10084
143.63836335241584,45.31164494922989,83.37196225815313,41553.0,0.045461531728506,0.0417722761631011,5.80619478225708,5.279691696166992,10212
125.80412896915097,48.52049537294917,64.51340204984893,41599.0,0.0443673729896545,0.0389090850949287,5.863095283508301,5.056926250457764,10243
108.37024340470091,51.04168329478769,46.31864194321537,41567.0,0.0483345687389373,0.0401742719113826,5.989984512329102,4.8637237548828125,10409
91.61940920365232,52.66236435637433,28.517783353015943,41533.0,0.0494692176580429,0.0494692176580429,6.243048667907715,6.243048667907715,10584
76.05042861808253,53.251552038999456,10.918338155516407,41569.0,0.0535522364079952,0.0483072139322757,6.856857299804688,6.118603229522705,10982
106.95409128591548,61.95904876280776,6.654634983392526,41569.0,0.0524823255836963,0.0524823255836963,6.583028793334961,6.583028793334961,10986
124.20112921459754,61.73613833583217,24.334280601594344,41563.0,0.0510036498308181,0.0486287884414196,6.359586238861084,6.031777381896973,10758
141.88948592825247,60.41008059121318,42.16985922362852,41543.0,0.0575387962162494,0.0356748178601264,7.47400426864624,4.373867511749268,10508
159.82886571077483,58.10072010956298,60.33030196001712,41565.0,0.0538511425256729,0.0389946475625038,6.784536361694336,4.723942279815674,10119
177.88719289387325,55.021348964372784,79.05783421044393,41569.0,0.0552257299423217,0.0521522648632526,7.084946155548096,6.652734279632568,9999
164.04252975266112,51.47100403019996,98.66244909371564,41573.0,0.0475077219307422,0.039025779813528,6.211861610412598,4.980863094329834,10048
146.0648741763238,47.82797988606261,119.464773152709,41601.0,0.0495054610073566,0.0391000062227249,6.412050247192383,4.921212196350098,10153
128.30366248731067,44.53909733987937,141.65396055489404,41579.0,0.0512028895318508,0.0394656248390674,6.484372138977051,4.842206001281738,10219
110.93158572542964,42.08465831661607,165.06882097761954,41509.0,0.0461777187883853,0.0393466092646122,5.897054195404053,4.923017501831055,10310
94.22147686854844,40.890267606151774,170.93880807743304,41557.0,0.053747683763504,0.0466516762971878,7.004356384277344,5.989744663238525,10317
78.64529741972659,41.18960324138484,147.3045478784852,41569.0,0.0540543310344219,0.0407012291252613,7.03393030166626,5.126890182495117,10416
65.0640792762143,42.9222656712913,124.78138966441232,41497.0,0.0570520460605621,0.0396773405373096,7.332756996154785,4.892778873443604,10569
55.008879917858266,45.76207179129261,103.64665081095562,41583.0,0.0537564419209957,0.0514099560678005,7.079689025878906,6.740844249725342,10957
50.64652844656158,49.24725720633174,83.77584459588036,41539.0,0.0589437335729599,0.0492061823606491,7.638955593109131,6.263953685760498,11297
53.39830383433348,52.903693300469705,64.86363209664188,41597.0,0.0523874312639236,0.0452127158641815,6.799734115600586,5.776098728179932,11537
62.325185664013816,56.30936441337408,46.58940524423616,41571.0,0.048680480569601,0.0470483861863613,6.242146015167236,6.009964466094971,11520
75.24941605693603,59.11642889200128,28.692327734183067,41503.0,0.0533372573554515,0.0355767235159873,6.662164688110352,4.218685626983643,11389
90.4563337793446,61.05879500804407,10.98673488632761,41561.0,0.0494501255452632,0.0404372029006481,6.174610614776611,4.924815654754639,11142
130.7815034226998,69.56934532698611,6.694403895321443,41547.0,0.0527348294854164,0.044770386070013,6.87736177444458,5.736073970794678,11245
113.47073051009686,68.05580409009937,24.47699284779145,41563.0,0.0515064485371112,0.0460630916059017,6.521279811859131,5.759941577911377,11248
96.80095391733111,65.5656835243405,42.40706652435466,41575.0,0.0518377609550952,0.0451379790902137,6.646408081054688,5.698596477508545,11203
81.2195478219047,62.34835724224604,60.64708329804799,41533.0,0.0537324957549572,0.0405101329088211,6.882131099700928,5.020559787750244,11281
67.52799159970239,58.73792388159205,79.43127826409872,41541.0,0.0515096373856067,0.040098663419485,6.444047451019287,4.866442680358887,11490
57.1365700109537,55.13746424761225,99.05825554286346,41571.0,0.0535006411373615,0.043730191886425,6.835913181304932,5.463109016418457,11497
52.08291175884416,51.99635255281946,119.83301269658968,41579.0,0.0513129532337188,0.0480765253305435,6.348703384399414,5.9051618576049805,11330
53.89915884344848,49.76376827445157,141.92954335283318,41569.0,0.0504992604255676,0.0394955016672611,6.32421350479126,4.798404216766357,10998
61.98163238118315,48.80299186603863,165.18689696177503,41589.0,0.0497078709304332,0.0429255403578281,6.138758659362793,5.208025932312012,10738
74.30196102046084,49.28419453309887,171.01124551976142,41567.0,0.0554182305932045,0.046663474291563,7.196435928344727,5.951991558074951,10610
89.10203283187256,51.12101199168025,147.54684592776312,41569.0,0.0507530458271503,0.0493195168673992,6.324461936950684,6.126551151275635,10494
105.31872082988036,54.00382894528919,125.13331853164182,41537.0,0.0532662086188793,0.0451791509985923,6.856405735015869,5.711428642272949,10527
122.3613669798018,57.5008994411852,104.0409794642986,41567.0,0.0541198439896106,0.0479368306696414,7.099329948425293,6.210134029388428,10546
139.8928242970402,61.155930614285325,84.15848976102264,41573.0,0.0560301169753074,0.0560301169753074,7.184715747833252,7.184715747833252,10652
157.70565011874007,64.54693966434446,65.19680915876135,41627.0,0.0546787641942501,0.0514768101274967,6.975286483764648,6.526824951171875,10826
175.65747506595804,67.31469976634165,46.84779498842127,41563.0,0.0539308451116085,0.0509686432778835,6.739241123199463,6.331550121307373,10864
166.36493581148486,69.17956041010432,28.859254575318914,41599.0,0.0558106638491153,0.048182088881731,7.12176513671875,6.05509614944458,11083
148.46965134035906,69.95666244247519,11.052221687230087,41583.0,0.0562553294003009,0.0489533655345439,7.260992050170898,6.230207443237305,11243
54.51475004567605,53.1287711750607,6.732594488861082,41555.0,0.0504438206553459,0.0445298962295055,6.377455711364746,5.549288272857666,11315
61.74671281727365,52.262854986919,24.61392186375284,41561.0,0.0527219213545322,0.039198450744152,6.861525535583496,4.926238536834717,11216
73.43943752600586,50.391951537679645,42.63424128375041,41555.0,0.0624911673367023,0.0624911673367023,8.222798347473145,8.222798347473145,11009
87.8115986189768,47.668356434481616,60.94961978617928,41569.0,0.0483777821063995,0.0365276783704757,6.327983379364014,4.609882831573486,10713
103.73232972653425,44.325879799559885,79.78661029984332,41517.0,0.0465571731328964,0.0401870459318161,5.965486526489258,5.055750846862793,10406
120.56056100161514,40.6818768136712,99.43316788838476,41559.0,0.0481577701866626,0.0403781160712242,6.01325798034668,4.930344104766846,10203
137.92838009155426,37.14319135741923,120.18006874144471,41539.0,0.0524197146296501,0.0489384867250919,6.7407708168029785,6.247647762298584,10089
155.61010719226744,34.20168892462129,142.1880444862007,41585.0,0.0583957061171531,0.0583957061171531,7.347062110900879,7.347062110900879,10089
173.45240893547657,32.3778489120288,165.29730277007806,41589.0,0.0503723137080669,0.0460753440856933,6.397587299346924,5.7935309410095215,10025
168.6645843722802,32.06625348246769,171.07895147011004,41581.0,0.0564643368124961,0.0430458821356296,7.14362096786499,5.283279895782471,9873
150.8526728663912,33.341082420817465,147.77390263410217,41571.0,0.0563235618174076,0.0425455383956432,7.239405632019043,5.300761699676514,9755
133.2378621034196,35.91177375641984,125.46459405274396,41531.0,0.0616490878164768,0.0616490878164768,7.751222133636475,7.751222133636475,9734
115.98816758971658,39.28260660541612,104.41404224511928,41587.0,0.0505691207945346,0.0408525541424751,6.461502552032471,5.08890438079834,9821
99.35863654439352,42.939271153405286,84.52219802783986,41519.0,0.0536401495337486,0.0536401495337486,6.998791694641113,6.998791694641113,9876
83.7740959205909,46.44008089222681,65.51474097389584,41533.0,0.0532475970685482,0.0416996031999588,6.891705989837647,5.249080181121826,10199
69.98245795104184,49.43393806571564,47.09510800184205,41617.0,0.0600971207022666,0.0443498976528644,7.768840312957764,5.55483865737915,10603
59.285765705192325,51.65542805207065,29.01935862468113,41539.0,0.0515354610979557,0.0509970001876354,6.623301029205322,6.546992778778076,10867
53.59582867509687,52.92080517556609,11.115101808706072,41551.0,0.0500698015093803,0.0500698015093803,6.34251070022583,6.34251070022583,11151
153.54292991269588,73.60202899116427,6.769366165205781,41529.0,0.0508663319051265,0.0508663319051265,6.426571846008301,6.426571846008301,11230
171.27245989411009,72.99035919770627,24.745651734420704,41559.0,0.050550315529108,0.0456604957580566,6.265920162200928,5.5938720703125,10910
170.9412107984792,71.25927714641031,42.852398862023705,41545.0,0.0483065657317638,0.0405684299767017,6.2911224365234375,5.173288822174072,10597
153.21387243721003,68.58626539075927,61.23936426278616,41551.0,0.0613170675933361,0.0613170675933361,7.99009370803833,7.99009370803833,10523
135.67289041798264,65.24812288070444,80.12570925975515,41529.0,0.0524048469960689,0.0455540604889392,6.77648401260376,5.800952911376953,10591
118.48430269918126,61.60216074554553,99.78941616493329,41553.0,0.0527800768613815,0.0443146340548992,6.800448417663574,5.600194931030273,10758
101.89519819974323,58.06604051878985,120.50829018476848,41535.0,0.0477104298770427,0.0413523204624652,6.074273109436035,5.1741042137146,10769
86.30970838681326,55.08882446895447,142.43143542562692,41591.0,0.0472160279750824,0.0448903366923332,6.04887056350708,5.717288017272949,10849
72.42742029997663,53.09759058700299,165.40094890331395,41531.0,0.0490528680384159,0.0458682365715503,6.388906478881836,5.92995023727417,11029
61.453154557572006,52.41118932798711,171.1424895244668,41559.0,0.0466785728931427,0.0445726104080677,6.117015838623047,5.810388088226318,11154
55.17793452332982,53.14690976782808,147.9874922582066,41567.0,0.0485383383929729,0.0433046780526638,6.2652997970581055,5.5153656005859375,11253
55.24028970173786,55.17919005050994,125.77752961928948,41539.0,0.0486904419958591,0.0411844663321971,6.279881954193115,5.206063270568848,11390
61.62087723281382,58.18367368281834,104.76812858365804,41523.0,0.0510112531483173,0.0427451655268669,6.5431809425354,5.371700763702393,11368
72.66422905727036,61.73121695574592,84.8689455339651,41509.0,0.0527439266443252,0.0410843826830387,6.804414749145508,5.1500091552734375,11336
86.58735567154841,65.3731473828533,65.81898738400314,41531.0,0.0533208064734935,0.0533208064734935,6.689184188842773,6.689184188842773,11204
102.19673662550036,68.69352743865765,47.3324666934864,41513.0,0.0526559129357337,0.0436464510858058,6.636813163757324,5.384811401367188,11261
118.80005540859844,71.33755423998667,29.173329095462293,41593.0,0.0514263920485973,0.0479147285223007,6.388786315917969,5.9060163497924805,11422
135.99712871233717,73.03161066766533,11.175638500842553,41571.0,0.0476278588175773,0.0473013594746589,5.932818412780762,5.887431144714356,11314
88.8270245188488,64.38780377099488,6.804858240659598,41533.0,0.0474322438240051,0.0364101789891719,6.028231143951416,4.468587398529053,10864
74.86279861096395,62.706010704820045,24.872692537508527,41587.0,0.0540297701954841,0.0540297701954841,6.874590873718262,6.874590873718262,11270
63.63583372848761,60.09498162932478,43.06242443103005,41569.0,0.0559079982340335,0.039425853639841,7.206540584564209,4.876691818237305,11434
56.82241064503597,56.80609263942091,61.51757982704416,41635.0,0.0528981275856494,0.0484087355434894,6.460656642913818,5.854530811309815,11471
56.07055723613296,53.173869691473946,80.45020230128935,41551.0,0.0569657944142818,0.0448650084435939,7.253229141235352,5.567431449890137,11155
61.60399356627229,49.60560177787354,100.12892126669372,41519.0,0.050055656582117,0.0472116693854332,6.2907915115356445,5.894632816314697,10711
71.97850729591391,46.56149060797549,120.81968673827626,41581.0,0.0521476045250892,0.0431080684065818,6.52679967880249,5.277987003326416,10252
85.43161350024647,44.50317966666119,142.66139102037502,41555.0,0.0511304698884487,0.0447452887892723,6.548445701599121,5.6449809074401855,10031
100.713801772033,43.79166248880094,165.49860491193542,41515.0,0.049022976309061,0.049022976309061,6.216897487640381,6.216897487640381,9934
117.08124366087448,44.56289458089839,171.20233572719346,41521.0,0.0513691492378711,0.0423464775085449,6.518303394317627,5.253389835357666,9928
134.10009050459047,46.669789202566406,148.18911977119714,41591.0,0.0529431439936161,0.0474032759666442,6.789308547973633,6.007612705230713,10001
151.50485092857642,49.744693869874695,126.0741010490496,41583.0,0.0589748956263065,0.0528100542724132,7.610268115997314,6.743405342102051,10210
169.11813001047892,53.3243688418531,105.10520749958113,41533.0,0.052147839218378,0.0385160595178604,6.543963432312012,4.654443264007568,10239
173.1945132935319,56.950074997348935,85.20044159924427,41537.0,0.0477352924644947,0.0362793691456317,6.05134916305542,4.434642791748047,10290
155.55314141000602,60.21723663407328,66.11090337429957,41573.0,0.0463971756398677,0.0412509888410568,6.020441055297852,5.276875019073486,10385
138.08668603232562,62.79454344610709,47.56084899756266,41501.0,0.0581484735012054,0.0581484735012054,7.682937145233154,7.682937145233154,10373
120.95946579296394,64.43423748012191,29.321767669531653,41629.0,0.0533276982605457,0.0518481209874153,6.773163795471191,6.566313743591309,10509
104.41120488944806,64.98235273220578,11.234061817699484,41589.0,0.0526264794170856,0.0435887053608894,6.610298156738281,5.357813358306885,10616
84.34664638400703,62.20082923863541,6.839193236493941,41579.0,0.0468197576701641,0.041862666606903,5.902675151824951,5.205552577972412,11010
99.28541984577254,61.85476416968312,24.99549249082344,41531.0,0.0541177690029144,0.0417512245476245,6.959535598754883,5.213054656982422,10772
115.405566604683,60.41287190732323,43.26509445300502,41549.0,0.0486550219357013,0.0430606417357921,6.119724750518799,5.33781099319458,10691
132.2383305180386,58.005984762440754,61.78537144591695,41545.0,0.0543123520910739,0.0492599345743656,6.8294172286987305,6.130614757537842,10482
149.4966426733341,54.85775044427928,80.76150742268126,41553.0,0.050089057534933,0.042759969830513,6.425829887390137,5.385993003845215,10204
166.98995794039874,51.276830994765376,100.45334858416648,41507.0,0.0498777031898498,0.0446747541427612,6.341802597045898,5.6095380783081055,10142
175.42415356985268,47.65017961510188,121.11598974185736,41571.0,0.0532986372709274,0.0469786152243614,6.942832946777344,6.038338661193848,10064
157.8703305399999,44.43061237980572,142.87934459845448,41579.0,0.0490563958883285,0.0490563958883285,6.274609088897705,6.274609088897705,10025
140.47929601256638,42.09706141875022,165.5909262568684,41547.0,0.0502440370619297,0.0440224222838878,6.5000739097595215,5.610967636108398,9905
123.41391810652378,41.059902636788046,171.25889530857896,41557.0,0.0523534305393695,0.0480895340442657,6.745471000671387,6.140669822692871,9889
106.90712789798096,41.5230653942553,148.3800712671069,41577.0,0.0514714829623699,0.0507503971457481,6.504074096679688,6.40332555770874,9789
91.3265741185221,43.39366952103988,126.35600764813744,41579.0,0.0494751334190368,0.042364127933979,6.418418884277344,5.397281646728516,9842
77.28849310962337,46.32503753096594,105.4269836065286,41559.0,0.0487082041800022,0.0443326942622661,6.23283052444458,5.611569404602051,10086
65.83124890406508,49.85016501376356,85.51817413154772,41533.0,0.0497816652059555,0.0399539172649383,6.332522392272949,4.947110176086426,10448
58.52296914008063,53.49885114376552,66.39167331060435,41559.0,0.0519541054964065,0.0412094630300998,6.60932731628418,5.101887226104736,10776
57.00002388164772,56.85623367520338,47.78111225410535,41601.0,0.0501075759530067,0.0453211292624473,6.2429633140563965,5.5811767578125,11171
61.69534294619858,59.58242292755887,29.46520287796079,41573.0,0.0548412874341011,0.0464919842779636,6.99895715713501,5.829242706298828,11279
71.38419300744401,61.41990099454876,11.290574056244594,41537.0,0.0527614206075668,0.0527275428175926,6.71060848236084,6.705857753753662,11264
160.1652514514651,78.65442805683865,6.872479533664205,41555.0,0.0544091612100601,0.0340536907315254,6.8536057472229,4.034196376800537,11802
142.8507199383622,77.43726125578766,25.114447748985725,41575.0,0.0525068938732147,0.0377395376563072,6.75167989730835,4.65977144241333,11594
125.8478581694112,75.16511148596176,43.46109398095723,41591.0,0.0519811511039733,0.0417499840259552,6.525905609130859,5.107845306396484,11448
109.38335442012486,72.08191548201957,62.04371135599678,41585.0,0.0524467453360557,0.0473586171865463,6.734433174133301,6.015345096588135,11328
93.80879208448404,68.5216470316563,81.06086759674312,41533.0,0.0570157617330551,0.0496046096086502,7.166197299957275,6.146832466125488,11258
79.70438606063887,64.88367018971815,100.76415071696678,41597.0,0.0463014878332614,0.0396211966872215,5.822100639343262,4.882824897766113,11271
68.03714259773652,61.60498696519841,121.3987002138401,41609.0,0.0510063245892524,0.0423381887376308,6.38932991027832,5.18795108795166,11252
60.27384142602073,59.11891973928336,143.08653111191407,41513.0,0.0514544174075126,0.0481476262211799,6.559022903442383,6.093657493591309,11051
58.02297072178084,57.78892699683971,165.67847519870062,41539.0,0.0551110468804836,0.0548018962144851,6.895352363586426,6.852872848510742,10926
61.89363058586802,57.82497222457562,171.31251569002936,41549.0,0.0514126643538475,0.0421457141637802,6.425258159637451,5.144162178039551,10883
70.88291867339444,59.22120492695145,148.5614533567993,41559.0,0.0616130493581295,0.0616130493581295,8.011590957641602,8.011590957641602,10807
83.3346712476106,61.75784631151884,126.62472035170336,41579.0,0.0512796267867088,0.0512796267867088,6.678845882415772,6.678845882415772,10743
97.91351152414748,65.06584141711615,105.734941633715,41543.0,0.0563054643571376,0.0463886149227619,7.401030540466309,5.977560043334961,10723
113.77450994945792,68.71029723218896,85.82344594478765,41577.0,0.0521612465381622,0.0440681092441082,6.645934104919434,5.509668350219727,10708
130.41295804464855,72.25531451836936,66.66233843490507,41557.0,0.056646391749382,0.0412655062973499,7.420985698699951,5.220796585083008,10944
147.51911742750525,75.30427255346358,47.99401243544455,41555.0,0.055268183350563,0.0436416752636432,7.193880558013916,5.5377631187438965,11227
164.8885188750355,77.52723143997434,29.604101696021612,41549.0,0.0547964610159397,0.0380439683794975,7.10183572769165,4.720469951629639,11478
177.6297573951428,78.68553788403288,11.345354144910374,41581.0,0.0496829375624656,0.0488246418535709,6.330794811248779,6.209590435028076,11695
62.0697556824222,60.195590684738434,6.9048135337014855,41547.0,0.0661143437027931,0.0661143437027931,8.450162887573242,8.450162887573242,11250
59.133595693814776,58.88148462629407,25.229910373355835,41573.0,0.0538315996527671,0.0442814417183399,6.882934093475342,5.540425777435303,11287
62.19701145855603,56.587924956253616,43.651030715297225,41529.0,0.0532802641391754,0.041764210909605,6.677046775817871,5.085721492767334,11159
70.47599424653534,53.523123074048335,62.29345965769886,41585.0,0.0532336793839931,0.0430832244455814,6.64959716796875,5.251765727996826,10905
82.39782387645083,49.98059541728974,81.34937834810452,41559.0,0.0491108819842338,0.0370134562253952,6.105690956115723,4.434334754943848,10445
96.60001370894202,46.33449276145256,101.06260179927168,41589.0,0.052927941083908,0.052927941083908,6.884241104125977,6.884241104125977,10004
112.18960110156166,43.03127733517157,121.6691271822526,41589.0,0.0584886111319065,0.0368401817977428,7.628347396850586,4.550971031188965,9946
128.62512589592595,40.55689230471799,143.28402126838748,41541.0,0.0572632476687431,0.0572632476687431,7.265063762664795,7.265063762664795,10060
145.57312730406167,39.34756863332577,165.76173721875293,41585.0,0.0502399466931819,0.0469815470278263,6.440231323242188,5.9784135818481445,9897
162.8144245116195,39.64551088292183,171.3634966993436,41611.0,0.0499707199633121,0.0367804244160652,6.544421195983887,4.634918212890625,9758
179.8109150340345,41.38905217478272,148.7342242729651,41545.0,0.0505477488040924,0.0424076505005359,6.4726386070251465,5.320247650146484,9656
162.43767788845608,44.242707320032274,126.88152004882868,41517.0,0.0582951605319976,0.0412976928055286,7.325833797454834,4.991684913635254,9772
145.20091257794414,47.735888112659325,106.0303821467746,41565.0,0.0488629676401615,0.0416715964674949,6.370843887329102,5.332581520080566,9853
128.2614269373512,51.39114204632176,86.1174040681051,41541.0,0.0491118319332599,0.0433693677186965,6.350232601165772,5.528154373168945,9944
111.84019648530514,54.78821543529258,66.92381914107753,41557.0,0.0552109889686107,0.0552109889686107,7.10266637802124,7.10266637802124,10084
96.2740304001932,57.58375736461036,48.20021976093756,41585.0,0.0504613891243934,0.0447168014943599,6.368121147155762,5.56553316116333,10252
82.11034316082676,59.5167328323888,29.73887897381005,41565.0,0.0552792325615882,0.0552792325615882,7.050875186920166,7.050875186920166,10530
70.25151042829235,60.41374048524749,11.398561215527964,41571.0,0.0483446046710014,0.0420029647648334,6.137688636779785,5.242869853973389,10849
126.8760293792422,74.97587928662482,6.936281431898237,41517.0,0.0523772798478603,0.0368731133639812,6.8964924812316895,4.652260780334473,10989
143.65956413386112,74.58804981688203,25.342194868336406,41489.0,0.0514292642474174,0.0514292642474174,6.533082962036133,6.533082962036133,10668
160.76832303108426,73.05433784828506,43.83544651744592,41589.0,0.0533397011458873,0.0457453094422817,6.616669654846191,5.577314853668213,10344
178.03281839820636,70.5340075228456,62.53538114760056,41583.0,0.0496735833585262,0.0480936095118522,6.366913318634033,6.1425299644470215,10137
164.68734677348613,67.29009142235506,81.62801021699076,41547.0,0.0518140383064746,0.0518140383064746,6.69402551651001,6.69402551651001,10114
147.52978618468484,63.66947111617741,101.34982531880556,41521.0,0.0504673719406127,0.0476436950266361,6.5555925369262695,6.150503635406494,10240
130.65471218000036,60.08176257697316,121.92841853501749,41553.0,0.0461977086961269,0.0461977086961269,5.901991844177246,5.901991844177246,10364
114.27789847741062,56.97189238961607,143.47274878766498,41563.0,0.0528125986456871,0.0460968241095542,6.839288711547852,5.8826189041137695,10409
98.72256803638804,54.77237904662383,165.84113405618038,41577.0,0.0443054214119911,0.0443054214119911,5.7088470458984375,5.7088470458984375,10502
84.5062146259635,53.82465563812213,171.41209867491838,41527.0,0.0480033159255981,0.0446258634328842,6.256554126739502,5.767966270446777,10650
72.47256413643815,54.28690275873077,148.89921866626247,41529.0,0.0552518144249916,0.0409468375146389,7.177333831787109,5.142462253570557,10771
63.9059072391853,56.08106461779478,127.12752836854447,41559.0,0.0502174645662307,0.0490759462118148,6.449898719787598,6.28776741027832,10913
60.32610669169614,58.91984495314815,106.31445045296334,41551.0,0.0468557924032211,0.0383173860609531,5.979580402374268,4.765378475189209,11143
62.60312927718733,62.39208550165488,86.40106359485017,41523.0,0.0486882291734218,0.0378890112042427,6.224612712860107,4.692688465118408,11365
70.16437740127645,66.05025381270217,67.17693316889793,41581.0,0.0489882715046405,0.0435592234134674,6.222263336181641,5.456864833831787,11217
81.5381338180338,69.46861733155538,48.40033148125309,41589.0,0.0489989444613456,0.044478602707386,6.226443767547607,5.589066982269287,11221
95.34686837859226,72.27590719472708,29.86990516863932,41565.0,0.0489768423140049,0.0439000278711319,6.106210708618164,5.4020609855651855,11232
110.65240528953905,74.17751431357063,11.450337534158876,41553.0,0.0498210452497005,0.0487698316574096,6.201391220092773,6.056164264678955,11306
116.69664349183824,75.96626085807117,6.9669606833604405,41533.0,0.0575685687363147,0.0409493185579776,7.426196098327637,5.085770606994629,11066
101.15461917055757,74.3290582868875,25.45158358244157,41569.0,0.0527550727128982,0.0517980940639972,6.827392578125,6.691178798675537,11158
86.89183603147804,71.7226001998141,44.01482691169113,41595.0,0.0519388169050216,0.0478582270443439,6.502471923828125,5.938292980194092,11284
74.69870027006813,68.42227383068573,62.77015918027138,41557.0,0.0474041514098644,0.0390451736748218,5.912754535675049,4.749808311462402,11226
65.77792502268393,64.78495397416414,81.89762719791051,41527.0,0.0509508103132247,0.044057123363018,6.5305891036987305,5.5545334815979,11398
61.59479937041042,61.22618718654464,101.62681684014557,41517.0,0.0558855682611465,0.0432691872119903,7.1273193359375,5.3615336418151855,11122
63.10916658035817,58.19045562628892,122.1775860539078,41595.0,0.0457940325140953,0.0407315269112587,5.716034889221191,5.008602619171143,10743
69.94864955582665,56.10088906829579,143.65353235859854,41555.0,0.0487377196550369,0.0370803624391555,6.190385341644287,4.545434474945068,10435
80.7574984229288,55.28026390854985,165.91703415343397,41545.0,0.0501272976398468,0.0501272976398468,6.359127044677734,6.359127044677734,10332
94.15601005945318,55.86381766374739,171.45854895450856,41515.0,0.0545091740787029,0.0420100539922714,6.973806858062744,5.218634605407715,10222
109.16452091841316,57.75485470971787,149.05716754764285,41573.0,0.0510532222688198,0.0373260267078876,6.503779888153076,4.5716233253479,10248
125.16690493068675,60.656980445088806,127.3637326167767,41583.0,0.0484305843710899,0.0472311303019523,6.291016101837158,6.118305683135986,10193
141.779359226717,64.15793624392053,106.58816017704734,41567.0,0.0519385822117328,0.0464723221957683,6.674575328826904,5.900379180908203,10304
158.75089906653832,67.81253999846275,86.67532723801335,41577.0,0.0509491153061389,0.0493010319769382,6.48573112487793,6.253682613372803,10428
175.901922654076,71.19780753869027,67.4224105770032,41563.0,0.0552642196416854,0.0423395223915576,7.146382808685303,5.313891887664795,10435
166.91395909906475,73.94513789911848,48.594882424321526,41589.0,0.0528590977191925,0.0483265370130538,6.808034420013428,6.165655612945557,10540
149.83721246591512,75.76362539413759,29.997512732909115,41547.0,0.051397580653429,0.0359864681959152,6.648345470428467,4.449557781219482,10806
133.02775223676545,76.4618746569666,11.50081092408618,41597.0,0.0531118176877498,0.0382566414773464,6.730934143066406,4.6569013595581055,10960
69.82899875389595,63.67235841857961,6.996921223733807,41561.0,0.0495302937924861,0.0441602654755115,6.358532905578613,5.594886779785156,10948
80.05765657637258,62.995866026851566,25.55833120292669,41599.0,0.0489557608962059,0.038526214659214,6.225235462188721,4.75264835357666,10814
93.02935194666786,61.24569293402529,44.18960898222733,41581.0,0.04918859526515,0.0436513274908065,6.168406009674072,5.397171497344971,10705
107.72757409554016,58.58408416876111,62.99840716460352,41575.0,0.0468034371733665,0.0409836061298847,5.999269485473633,5.16754961013794,10486
123.49902836040938,55.26489409531898,82.15900198268011,41581.0,0.0540113523602485,0.0410606153309345,6.94611120223999,5.1171417236328125,10278
139.93348298198305,51.624706537895705,101.8944627018528,41531.0,0.0581649169325828,0.0431004650890827,7.40638542175293,5.313344478607178,10115
156.76287364585082,48.07386169133192,122.41752588458492,41503.0,0.0524540431797504,0.0437665730714798,6.714491844177246,5.4888997077941895,10103
173.7969121291002,45.07688078303796,143.82709347038437,41535.0,0.0583526417613029,0.043920774012804,7.290175437927246,5.318336486816406,10214
169.11718067429425,43.098171992180845,165.98976109634984,41543.0,0.0494328550994396,0.0371806696057319,6.304539203643799,4.572314739227295,10065
152.12302426723983,42.49347332553596,171.50304711493456,41563.0,0.0486258529126644,0.0388536266982555,6.225921154022217,4.835586071014404,9974
135.38053923365158,43.38094468348321,149.20871445895517,41575.0,0.0558472089469432,0.0558472089469432,6.932919025421143,6.932919025421143,9812
119.0965587239929,45.58877885480521,127.59100613248955,41591.0,0.0585641860961914,0.05113385617733,7.508022785186768,6.469746112823486,9786
103.57034003789526,48.729771595325225,106.85241263276971,41597.0,0.0539068989455699,0.0455793626606464,6.819456100463867,5.660821914672852,9691
89.26702895337655,52.33274341916423,86.94100148024967,41553.0,0.0504151843488216,0.0504151843488216,6.553383827209473,6.553383827209473,9896
76.92847362660956,55.9408729073858,67.66090615238093,41555.0,0.0553888380527496,0.0450181737542152,7.228293418884277,5.74696159362793,10188
67.68183635550761,59.15709852443509,48.784353756323554,41505.0,0.0525597780942916,0.0525597780942916,6.73696231842041,6.73696231842041,10537
62.934119474932494,61.6601424717826,30.12200142860587,41549.0,0.0595131888985633,0.0483950749039649,7.730045795440674,6.1579437255859375,10800
63.71190322428107,63.213074245543446,11.550096783182257,41583.0,0.062039740383625,0.062039740383625,8.264521598815918,8.264521598815918,10921
171.71833567916372,84.3927128118328,7.026226492468851,41583.0,0.0523284636437892,0.0427279397845268,6.523377895355225,5.201068878173828,11699
171.29664274648883,83.52095271245854,25.662668521087795,41559.0,0.0505743473768234,0.0380318090319633,6.241970062255859,4.5253682136535645,11304
154.38701700944245,81.52451864553149,44.36018798006401,41603.0,0.0508014522492885,0.0369819328188896,6.360323905944824,4.444215774536133,11074
137.71302183845162,78.62780544736458,63.22067816164318,41595.0,0.0549100823700428,0.0380067229270935,7.01981258392334,4.65059757232666,10952
121.47772004633217,75.15410715882642,82.41282864602451,41537.0,0.045692428946495,0.0451149307191371,5.984078884124756,5.899773120880127,10952
105.96983466146614,71.49540438199118,102.1535555062745,41577.0,0.0508088394999504,0.0408281795680522,6.506308078765869,5.094138622283936,10940
91.63160144542572,68.08154453716425,122.64903539451116,41523.0,0.0520840585231781,0.0334008634090423,6.529309272766113,3.942449331283569,10914
79.16057468270476,65.34239468284771,143.9940710028155,41555.0,0.0456281937658786,0.0399084836244583,5.72775936126709,4.924753189086914,10882
69.61403173481929,63.65283195719574,166.05960048765743,41535.0,0.0539875254034996,0.0480526015162467,7.12557315826416,6.266849040985107,10929
64.33871043867848,63.26147802115598,171.54576923672855,41587.0,0.0513429269194603,0.0456935130059719,6.684467315673828,5.873748779296875,11052
64.40778033021635,64.22812166250257,149.35442868551743,41547.0,0.0519421957433223,0.0413780100643634,6.461350917816162,5.008859634399414,11097
69.80521021967101,66.40663875589297,127.81012502492648,41537.0,0.0538544319570064,0.0538544319570064,7.118762969970703,7.118762969970703,11148
79.44016275799312,69.48531595415173,107.1080128497738,41581.0,0.0482502095401287,0.0458561405539512,6.092800140380859,5.756783485412598,11135
91.96877074914195,73.05767417480261,87.1988100012061,41523.0,0.0525105036795139,0.0389649830758571,6.741806507110596,4.826047420501709,11041
106.34321227830604,76.68830933310304,67.89300976365004,41521.0,0.0530322827398777,0.0353359617292881,6.723650932312012,4.250687122344971,11111
121.87371266554076,79.95960831328176,48.96918030818807,41583.0,0.0539373829960823,0.0426831841468811,6.768660068511963,5.21393632888794,11417
138.1229443210177,82.50531103315211,30.243642778295083,41583.0,0.0463541485369205,0.0434245318174362,5.898762702941895,5.482639789581299,11565
154.80500409091502,84.04081646491655,11.59829977480939,41525.0,0.052128005772829,0.0478249974548816,6.6711506843566895,6.0640950202941895,11787
81.39381036528803,69.94736141549961,7.054934296025493,41601.0,0.0533779002726078,0.0469102188944816,6.713864326477051,5.817759037017822,10916
71.57123068671685,68.3510357370405,25.764805606554887,41527.0,0.0611068755388259,0.0490190722048282,7.811936378479004,6.131649017333984,11294
65.80344761555473,65.79289107759492,44.526922885328645,41565.0,0.0568381212651729,0.0568381212651729,7.154426097869873,7.154426097869873,11433
65.19296673720521,62.53055028852856,63.43747294762727,41557.0,0.0492939502000808,0.0422557480633258,6.114290237426758,5.143547058105469,11100
69.87666505836347,58.9051116028059,82.65973326932098,41557.0,0.0488437376916408,0.0392216704785823,6.335738658905029,4.951113700866699,10669
78.90636213300667,55.32473456095308,102.40480703475724,41551.0,0.0489171780645847,0.0489171780645847,6.141106128692627,6.141106128692627,10146
90.97609038257944,52.24037709089957,122.87282714909848,41603.0,0.0475768037140369,0.0461568906903266,6.04227352142334,5.841411590576172,9947
105.01309700478308,50.09655703487563,144.15503324880476,41569.0,0.0458250567317009,0.0428751520812511,5.867382526397705,5.44511079788208,9852
120.29230536566205,49.24346618799765,166.12680558581624,41549.0,0.0507279224693775,0.0387854985892772,6.467120170593262,4.783295154571533,9880
136.3487899123849,49.8319052597017,171.58687140081022,41551.0,0.0537120401859283,0.0439207442104816,7.0694122314453125,5.655514240264893,9874
152.8780838552885,51.75710338770616,149.494816128838,41545.0,0.0505211167037487,0.0501245558261871,6.402128219604492,6.346498966217041,9851
169.6667764652598,54.69847298832875,128.02178202860867,41523.0,0.0478300228714942,0.0369511656463146,6.2075605392456055,4.640658855438232,9980
173.4519425160229,58.2212879523911,107.35568291942394,41547.0,0.0513037368655204,0.0423535294830799,6.493325233459473,5.241737842559815,10045
156.62894991005274,61.87097819605137,87.44940491172412,41571.0,0.049615379422903,0.0440288558602333,6.422018527984619,5.622080326080322,10112
140.02510761898307,65.2290969195906,68.11925505295332,41575.0,0.0533585958182811,0.0416883528232574,6.838760852813721,5.194446086883545,10119
123.84015590186569,67.94073102796683,49.149756740945776,41561.0,0.051811009645462,0.051811009645462,6.627779960632324,6.627779960632324,10179
108.35315965827358,69.73150741748094,30.362683816479063,41617.0,0.051049456000328,0.0376505553722381,6.408870220184326,4.547518253326416,10301
93.98534838081656,70.42323949800605,11.645515254098797,41501.0,0.0486573129892349,0.0388384722173213,6.10552453994751,4.7361931800842285,10618
103.73889568275196,74.63226660336325,7.083097540484346,41573.0,0.0501218847930431,0.0482781529426574,6.219683647155762,5.965909957885742,11024
118.75618531671977,74.27407113776368,25.86493449951746,41525.0,0.0566406399011611,0.0451138205826282,7.193088054656982,5.591150760650635,10810
134.6121031593437,72.76879199674819,44.69014111813007,41511.0,0.053450159728527,0.0457863733172416,6.858798503875732,5.776998996734619,10571
150.98294228100184,70.27224196970572,63.649246827857866,41517.0,0.0576111562550067,0.0437927134335041,7.366567611694336,5.43666410446167,10267
167.64285181104256,67.0441987201058,82.90028289052984,41559.0,0.0481406077742576,0.0419430471956729,6.067370414733887,5.198570728302002,10073
175.58264356118514,63.428869584216045,102.6488590814332,41589.0,0.0525039546191692,0.048149861395359,6.669280529022217,6.059537410736084,10135
158.8485470174889,59.83417675857895,123.08954057158492,41601.0,0.0499973632395267,0.045443158596754,6.379854202270508,5.736706733703613,10109
142.31666505880213,56.70492523194356,144.310487886515,41543.0,0.0513351075351238,0.0433718748390674,6.717493534088135,5.56920862197876,10048
126.1838506188709,54.47583324991316,166.19160196273535,41583.0,0.0497517995536327,0.0406991317868232,6.373856544494629,5.090873718261719,10018
110.72032827849124,53.49313398316029,171.6264925752754,41565.0,0.0456250831484794,0.0372036658227443,5.820747375488281,4.621137619018555,9986
96.32805168054344,53.921283811224605,149.63032831365217,41539.0,0.0512049943208694,0.0512049943208694,6.464114665985107,6.464114665985107,9937
83.6270876240549,55.687662487986245,128.22659804540163,41497.0,0.0559572167694568,0.0541735664010047,7.261227607727051,7.008077621459961,10052
73.55044939304167,58.507905359314286,107.59607317586494,41605.0,0.048156052827835,0.045840386301279,6.255342483520508,5.921804904937744,10314
67.32346085993466,61.97145929624181,87.69337620919188,41573.0,0.0553348623216152,0.0404354594647884,7.129556655883789,5.026425361633301,10702
66.06342522774652,65.63023809328374,68.34012677634678,41597.0,0.0505671128630638,0.042840626090765,6.484635353088379,5.389663696289063,11035
70.04234719230178,69.05767986428381,49.32644276491661,41585.0,0.0554770864546299,0.0466321296989917,7.21962308883667,5.959543228149414,11211
78.4573674159716,71.8816230423222,30.479350270353308,41591.0,0.0499976240098476,0.0373895950615406,6.4040117263793945,4.616339206695557,11348
90.05306468827074,73.8062734257578,11.691830478333143,41551.0,0.056715153157711,0.056715153157711,7.189669609069824,7.189669609069824,11204
144.58752527647232,86.03417283228316,7.110764856965204,41559.0,0.0526398755609989,0.0477625019848346,6.827571868896484,6.131006240844727,11679
128.50874723314865,84.59673754302078,25.963231507350343,41557.0,0.0455266945064067,0.0455266945064067,5.802476406097412,5.802476406097412,11542
113.07131380448178,82.12431868631973,44.85014255115013,41577.0,0.061304721981287,0.0418840683996677,7.893030166625977,5.176623344421387,11466
98.65948044613556,78.89723030351657,63.85641542750065,41561.0,0.0527411736547946,0.0497925914824008,6.796172618865967,6.3778581619262695,11302
85.85939935489306,75.27966257302019,83.13499308657842,41525.0,0.0503356643021106,0.0436163954436779,6.410506725311279,5.464203357696533,11385
75.54897049173204,71.68759188398373,102.88629259306931,41607.0,0.0542508177459239,0.0424578785896301,6.913736343383789,5.261675834655762,11308
68.89414730296713,68.55479680361483,123.29975172816748,41579.0,0.0472121126949787,0.0431848503649234,5.985724449157715,5.416754245758057,11031
67.01497617590452,66.28799837251852,144.46089030212605,41517.0,0.0574351549148559,0.0452756993472576,7.383485317230225,5.676523208618164,10696
70.30085823110636,65.20472348518484,166.25419137586024,41547.0,0.0582566857337951,0.0437996014952659,7.346719264984131,5.353860855102539,10562
78.09403825101634,65.46524584730412,171.66475701409576,41593.0,0.0494015142321586,0.0417113713920116,6.155474662780762,5.090725421905518,10507
89.2013594112659,67.03046606932071,149.76136989623643,41563.0,0.0523880831897258,0.0395499989390373,6.837607383728027,4.993780136108398,10353
102.52227243039206,69.67270012540423,128.42513181737485,41575.0,0.0523392669856548,0.0473920628428459,6.598225593566895,5.91071081161499,10347
117.26675896141666,73.03202089320762,107.82977161746088,41531.0,0.0482865273952484,0.0453756712377071,6.327451705932617,5.90484094619751,10429
132.9140029180802,76.6849505873283,87.93125978070573,41557.0,0.0490997955203056,0.0399077609181404,6.313204288482666,5.003501892089844,10487
149.12044425434857,80.20005502541353,68.55606703782313,41585.0,0.0477275550365448,0.0477275550365448,6.041024684906006,6.041024684906006,10758
165.64721305841377,83.17741382656834,49.49956758313397,41531.0,0.0500027574598789,0.0479320995509624,6.361051082611084,6.069314479827881,10985
177.68827618872166,85.2811126828522,30.59384927236221,41593.0,0.055363155901432,0.0467096790671348,7.208331108093262,5.974938869476318,11299
161.045498082289,86.27146063718807,11.737325640123032,41543.0,0.0502141043543815,0.0502141043543815,6.354355812072754,6.354355812072754,11602
68.04335675023555,68.01462882278685,7.137981138573821,41545.0,0.0549108497798442,0.0416888855397701,6.929898738861084,5.095181941986084,10946
70.65043960709681,66.91954850099845,26.059859174785203,41537.0,0.0469421781599521,0.0385823659598827,5.980417251586914,4.793521404266357,10950
77.81696381579512,64.78451164524851,45.0072029463154,41599.0,0.0560220927000045,0.0485271960496902,7.103192329406738,6.061239242553711,10831
88.42253372710196,61.81820623331622,64.05935963958436,41587.0,0.0679635033011436,0.0523158088326454,8.795546531677246,6.613147735595703,10568
101.36487798354732,58.31925485956331,83.36433443171936,41603.0,0.0545614473521709,0.0516785569489002,7.214015960693359,6.797041893005371,10309
115.8254559777004,54.66285999544823,103.11763542175734,41583.0,0.0495254173874855,0.0432386621832847,6.40969705581665,5.50981330871582,10044
131.25564191438392,51.2843055106432,123.50398158585014,41553.0,0.0554256290197372,0.053869642317295,6.979708671569824,6.764638423919678,10012
147.2914897394909,48.64534584850952,144.6066505766864,41549.0,0.0559882931411266,0.0468981824815273,7.031939506530762,5.779221057891846,10162
163.68054540609828,47.16274675896707,166.31475500664462,41567.0,0.050981193780899,0.045973002910614,6.470080852508545,5.768113136291504,10062
179.76833772491725,47.09840425062071,171.70177626238242,41543.0,0.0647476017475128,0.0449928827583789,8.217952728271484,5.502578258514404,9687
163.21945928714683,48.46420219552793,149.88830496038514,41561.0,0.0542954504489898,0.0542954504489898,6.961058139801025,6.961058139801025,9715
146.83748348761807,51.017186369976834,128.61788807906186,41545.0,0.0564223676919937,0.0564223676919937,7.193161964416504,7.193161964416504,9760
130.81474988935452,54.34942812457704,108.05731188893812,41551.0,0.0492497868835926,0.0331798009574413,6.370362281799316,4.0684309005737305,9741
115.40605241219107,57.99958375483705,88.16354421354676,41573.0,0.0535859949886798,0.0439658351242542,6.853638648986816,5.501470565795898,9843
100.97939101080564,61.52830280357408,68.76748061232632,41569.0,0.0532438904047012,0.0401083379983902,6.735689640045166,4.907018661499023,10029
88.08981229892157,64.55435060024031,49.66943369507405,41539.0,0.04979083314538,0.0490586794912815,6.277224540710449,6.174851894378662,10315
77.56431524076568,66.77186962697532,30.706371686420766,41545.0,0.0532611794769763,0.0532611794769763,6.825754165649414,6.825754165649414,10502
70.51117614932525,67.9637644699729,11.782074754329187,41565.0,0.0512219294905662,0.0436481349170208,6.530843257904053,5.464628219604492,10801
145.49701316775557,86.73993165004202,7.164788003960496,41559.0,0.0533249750733375,0.0466402843594551,6.71685266494751,5.789095401763916,11126
161.7435677157753,86.16882295835515,26.154967983309437,41533.0,0.0567599609494209,0.0441975258290767,7.270849227905273,5.511010646820068,10748
178.17770723853454,84.42800147853526,45.16157691396992,41579.0,0.0538920275866985,0.0538920275866985,6.924605846405029,6.924605846405029,10347
165.370053855185,81.71743669311186,64.2584298749604,41565.0,0.0473170541226863,0.0454495958983898,6.061931610107422,5.795840263366699,10325
149.06630024338503,78.34438902259953,83.58873802686125,41517.0,0.0544111989438533,0.0464234240353107,7.028213977813721,5.8961992263793945,10417
133.10172588101656,74.69099367643616,103.343368935063,41603.0,0.04820017516613,0.0368890725076198,6.164603233337402,4.5572123527526855,10558
117.72444557855287,71.18184615978971,123.70270301847556,41569.0,0.0547385364770889,0.0547385364770889,7.0636091232299805,7.0636091232299805,10588
103.2875269202949,68.24795701422667,144.74813938395206,41463.0,0.0573918186128139,0.0384871326386928,7.462624073028564,4.780987739562988,10596
90.31745660438622,66.277522996171,166.3734561845756,41587.0,0.0548802353441715,0.0432673878967762,7.253183841705322,5.573878288269043,10701
79.59421808978311,65.55060632705168,171.73765084237093,41543.0,0.0582555569708347,0.051424216479063,7.583470344543457,6.614823818206787,10711
72.17048718948848,66.17523364245135,150.0114623263078,41515.0,0.051510389894247,0.042438119649887,6.712111473083496,5.409281730651856,10906
69.1442743261437,68.0584159634422,128.80532446505927,41607.0,0.0496583171188831,0.0417580716311931,6.3329057693481445,5.216335773468018,11134
71.08900099381137,70.93124542470103,108.27918007932908,41513.0,0.0475340858101844,0.0467779897153377,5.983011722564697,5.876897811889648,11379
77.6264492785865,74.41135144119114,88.3906766205836,41541.0,0.0478467941284179,0.0338363088667392,6.010007858276367,4.04929780960083,11294
87.71802165820615,78.06903833685877,68.97473951453247,41593.0,0.0515571795403957,0.0515571795403957,6.497020244598389,6.497020244598389,11322
100.26833870965169,81.4778368639367,49.83632017010876,41537.0,0.0553653687238693,0.0463218912482261,6.946132659912109,5.700541973114014,11341
114.4337242922342,84.25121084684832,30.817094113717246,41571.0,0.0506595559418201,0.0406458042562007,6.3364667892456055,4.94828462600708,11473
129.63820482615657,86.07499849528378,11.826146423666586,41591.0,0.0500030815601348,0.0376471802592277,6.300642013549805,4.575191974639893,11485
105.58361885250952,81.0008527115662,7.1912241997253545,41533.0,0.0528857186436653,0.0413821004331111,6.702195167541504,5.093974113464356,10796
92.54151679067115,79.31228995068308,26.248697824935533,41565.0,0.0466807968914508,0.0401031672954559,5.838919162750244,4.919343948364258,11156
81.63660360644687,76.6535239036061,45.31350047425176,41473.0,0.0540222451090812,0.0453034341335296,6.767404556274414,5.5651631355285645,11360
73.86828453349632,73.31584919679241,64.45394973123334,41549.0,0.052204243838787,0.0455497354269027,6.461927890777588,5.550819873809815,11234
70.31345327128237,69.66918953642224,83.80860025705513,41579.0,0.0519509278237819,0.0501380674540996,6.548891067504883,6.296384811401367,11039
71.6141537896099,66.13432414213965,103.56393368001252,41589.0,0.0469855666160583,0.0402741841971874,5.906788349151611,4.965884685516357,10617
77.52250662073946,63.14953378497224,123.89634678085972,41585.0,0.0482192710041999,0.0413269475102424,6.2246270179748535,5.237071514129639,10291
87.08911376589435,61.12031977743889,144.88569299512315,41591.0,0.0512023605406284,0.0512023605406284,6.638858318328857,6.638858318328857,10048
99.23424479679822,60.34722717548592,166.43044269088657,41603.0,0.0506249479949474,0.0453343242406845,6.582542896270752,5.823108196258545,10018
113.09302443285316,60.95110874501242,171.77247167866994,41557.0,0.053327951580286,0.0434882529079914,7.013829708099365,5.594081401824951,10080
128.0629059993727,62.83724331865252,150.1311400509394,41555.0,0.0475798398256301,0.0374141708016395,6.2151970863342285,4.741411209106445,10012
143.73798265959505,65.72375404762494,128.9878573929264,41539.0,0.0482594557106494,0.0446403138339519,6.175262928009033,5.660861015319824,10102
159.8370322698362,69.21391127167685,108.4958205402496,41565.0,0.052266988903284,0.0432838313281536,6.937160968780518,5.626680374145508,10213
176.1504266300098,72.87030868339993,88.6130676478076,41533.0,0.0534501262009143,0.0405270531773567,6.840842247009277,5.0208587646484375,10178
167.49687255405428,76.26794120473495,69.1781869400492,41537.0,0.050733171403408,0.0408842898905277,6.476412773132324,5.085680961608887,10192
151.27370247432594,79.02900861066239,50.00048547925249,41557.0,0.0560557208955287,0.0432741455733776,7.175353050231934,5.38378381729126,10260
135.36950737920847,80.85093005754769,30.926180631521447,41571.0,0.0531506724655628,0.0447851940989494,6.612139701843262,5.464091300964356,10344
120.02636210348632,81.53339008017716,11.869604503214902,41551.0,0.0514922253787517,0.0514922253787517,6.392691135406494,6.392691135406494,10586
86.5369395378534,74.56692613113766,7.217325951660285,41551.0,0.0603932328522205,0.054358959197998,7.919294834136963,7.05933952331543,10955
98.26413771746734,74.02156977407452,26.34117928717646,41567.0,0.0504413247108459,0.0436913035809993,6.357589244842529,5.416077613830566,10766
111.80482320320176,72.34648423493927,45.46319328562856,41561.0,0.0552150383591651,0.0436378046870231,7.085425853729248,5.455591678619385,10600
126.53098676606464,69.71494133130547,64.64621917584398,41571.0,0.0511647500097751,0.0398590229451656,6.416105270385742,4.847272872924805,10354
142.01539905545044,66.4011881623721,84.02428690463998,41559.0,0.0498583391308784,0.0415004417300224,6.269901752471924,5.103853702545166,10185
157.96172446432,62.76073646405352,103.77973425957644,41531.0,0.0514390878379344,0.0407818257808685,6.4803571701049805,4.997026443481445,10146
174.15042070116223,59.20937063342981,124.08530662776715,41535.0,0.05591606721282,0.0520638860762119,7.166242599487305,6.625327110290527,10132
169.59947411193733,56.19428611094232,145.01961754700264,41543.0,0.0509207583963871,0.0467862710356712,6.330056667327881,5.760397911071777,10175
153.45938436491969,54.14251211423691,166.48584871684224,41615.0,0.0461413115262985,0.0450283028185367,5.8524699211120605,5.694595336914063,9912
137.617892891968,53.37784760660901,171.80632130932332,41569.0,0.0573618002235889,0.0429553240537643,7.363644123077393,5.343832015991211,9885
122.31163980302142,54.02923590772946,150.2476092620892,41547.0,0.0554923005402088,0.0554923005402088,7.274073600769043,7.274073600769043,9813
107.86738448329882,55.9865323805248,129.1658670979027,41581.0,0.0541110560297966,0.0361930839717388,6.977241039276123,4.439929962158203,9812
94.7612238967904,58.93857242211439,108.70764088956572,41571.0,0.0512845106422901,0.0369079895317554,6.833261013031006,4.72677755355835,9904
83.68956564339449,62.46322824329285,88.83109579951761,41535.0,0.0580287687480449,0.0354864858090877,7.683725833892822,4.4341912269592285,10078
75.60102685676382,66.11260115464339,69.37814068199478,41553.0,0.0505247339606285,0.0449510663747787,6.472377777099609,5.682563304901123,10392
71.54667472458897,69.467083413155,50.16216995735945,41533.0,0.0534293837845325,0.0534293837845325,6.929545879364014,6.929545879364014,10731
72.22324830364136,72.16545342945739,31.033784308584018,41541.0,0.0547835677862167,0.0447543188929557,7.118191719055176,5.690388202667236,10889
77.50485018563381,73.92611805499719,11.91250868034885,41569.0,0.0483826287090778,0.0432648360729217,6.158384799957275,5.434643745422363,11022
171.6773855603691,93.35715335110578,7.24312727303564,41517.0,0.0519973337650299,0.0489262007176876,6.602724552154541,6.172643184661865,11916
155.62300808082918,92.23042154907073,26.432534779474796,41581.0,0.0554201826453208,0.0428373664617538,7.132689952850342,5.358551979064941,11647
139.84664849016104,89.99179199804337,45.61086059385852,41557.0,0.0508141629397869,0.0412922352552413,6.455710887908936,5.119419574737549,11396
124.58008692044118,86.90947933685905,64.83551732120105,41561.0,0.0519103407859802,0.0379978120326995,6.596769332885742,4.646997451782227,11263
110.13852830437018,83.34404688765169,84.23613672210357,41513.0,0.0487364456057548,0.0408453345298767,6.2023773193359375,5.087800979614258,11279
96.97584863245274,79.7090585791519,103.99114355062264,41551.0,0.0495136566460132,0.0437719821929931,6.379917621612549,5.5606536865234375,11088
85.75134859615709,76.4340346918383,124.26994372065248,41521.0,0.0499127060174942,0.0473521947860717,6.06269645690918,5.716727256774902,11038
77.36541523084419,73.92372438446955,145.1501926994541,41545.0,0.0570121705532074,0.0474311672151088,7.259854793548584,5.926689147949219,10829
72.83980937056182,72.50667763301043,166.53979653657544,41559.0,0.0496849678456783,0.0480875894427299,6.180369377136231,5.959716796875,10764
72.91341323144276,72.37761064194756,171.83927491994856,41549.0,0.0572055913507938,0.0487732738256454,7.230861663818359,6.064652919769287,10792
77.57289713931529,73.55463910067739,150.36111744082305,41565.0,0.0514492951333522,0.0391402319073677,6.528436660766602,4.803194046020508,10747
86.06245091054808,75.87493772210357,129.33970196199036,41559.0,0.0476697795093059,0.0387990288436412,6.221840858459473,4.936395645141602,10579
97.3594970991296,79.03152402834507,108.91501633446036,41559.0,0.052332729101181,0.0412350557744503,6.755536079406738,5.177537441253662,10655
110.57058667405248,82.6300603697163,89.0451111916565,41811.0,0.0529904849827289,0.0450136959552764,6.77927303314209,5.655843734741211,10680
125.0437123346302,86.24238062111543,69.57489610717164,41537.0,0.0503391250967979,0.0503391250967979,6.421919345855713,6.421919345855713,11006
140.33029473114613,89.44893353329026,50.32159795491725,41525.0,0.0539709813892841,0.0403734929859638,6.9442644119262695,5.0241289138793945,11331
156.1184624199672,91.87587321923634,31.14004853290473,41543.0,0.0516284294426441,0.0431725569069385,6.654144287109375,5.4530463218688965,11713
172.17832183429684,93.23389539914464,11.954914983653763,41559.0,0.0512651205062866,0.0349005796015262,6.522367000579834,4.2224860191345215,11928
79.15837940713388,75.5810623580421,7.268660236718404,41557.0,0.0663827657699585,0.0462601371109485,8.621369361877441,5.800380229949951,10838
74.18884350518982,74.12666348100277,26.5228795260756,41517.0,0.0602684468030929,0.0478754378855228,7.908877849578857,6.140517234802246,11124
73.6815960459323,71.6678050604785,45.75669494531903,41591.0,0.0471641421318054,0.0437559820711612,5.92933464050293,5.451603889465332,11080
77.72577283857228,68.46275951467068,65.02210485598695,41577.0,0.0495288483798503,0.0459597036242485,6.324238300323486,5.819138526916504,10823
85.66640736814433,64.85505262540134,84.44446455007065,41565.0,0.0542933195829391,0.0448689982295036,6.988675117492676,5.657811164855957,10439
96.52172716715609,61.25153333276061,104.19850636878888,41563.0,0.0532301738858222,0.0448354519903659,6.883600234985352,5.690730094909668,9966
109.39177249933871,58.09505541737588,124.45059043844353,41597.0,0.0510419644415378,0.0389816462993621,6.578872203826904,4.862442493438721,9906
123.60236822548352,55.81867391109126,145.27767478401185,41595.0,0.0607876442372798,0.0491193868219852,7.906253337860107,6.256391525268555,10046
138.6837321731364,54.77034810511592,166.59239794282095,41571.0,0.0470897406339645,0.0406008623540401,6.055454730987549,5.126545429229736,9978
154.30809649375436,55.122662714465946,171.87140123097382,41539.0,0.0489499941468238,0.0451202690601348,6.426544189453125,5.870213031768799,9859
170.23479434030992,56.81666549137503,150.47189124453638,41571.0,0.0462671220302581,0.0411614924669265,5.957025051116943,5.223944664001465,9701
173.73010251785428,59.58194427236905,129.5096822532159,41573.0,0.0476560443639755,0.0340262986719608,6.077905178070068,4.143603324890137,9801
157.76420436842986,63.01703628231868,109.11829342334828,41607.0,0.0582729615271091,0.0446017794311046,7.341705322265625,5.460335731506348,9907
142.05550883022113,66.67652647384188,89.25543882392348,41557.0,0.0530593208968639,0.048123188316822,6.848632335662842,6.148056507110596,9966
126.8314832945114,70.13128153502083,69.76872876111574,41511.0,0.0529826879501342,0.0465181358158588,6.605764865875244,5.715723037719727,9999
112.3967413982306,73.00310726076495,50.4789797282057,41571.0,0.0563938803970813,0.0412973761558532,7.128965377807617,5.037877082824707,9970
99.18469537936592,74.9882187095408,31.245108181422097,41551.0,0.0488933511078357,0.0488933511078357,6.05699348449707,6.05699348449707,10155
87.82033058486088,75.87865508812268,11.996876232042467,41573.0,0.0490339212119579,0.0490339212119579,6.2328314781188965,6.2328314781188965,10479
122.20825622885486,86.63351048612529,7.293955216768666,41581.0,0.0542238019406795,0.0488730557262897,6.976374626159668,6.220382690429688,11101
137.0768022889137,86.21680284026684,26.61232244611645,41549.0,0.0562421195209026,0.042840152978897,7.1387434005737305,5.276712417602539,10694
152.5315086726929,84.61464202804368,45.90087770117012,41579.0,0.0549189746379852,0.0476585999131202,7.017961025238037,6.000222682952881,10384
168.32053423344036,82.01125796233154,65.2062261857296,41573.0,0.0466862507164478,0.0453545041382312,5.858215808868408,5.671724796295166,10146
175.75708942756302,78.70196760162555,84.64956405092138,41575.0,0.0535005815327167,0.0396660715341568,6.96803092956543,4.9900407791137695,10111
159.88257304404266,75.06111065934034,104.40214266697669,41543.0,0.057033997029066,0.0419346988201141,7.625155925750732,5.425663948059082,10148
144.2441779998866,71.50971166746035,124.62755368749876,41585.0,0.0463699325919151,0.0413112081587314,5.9557294845581055,5.230819225311279,10151
129.06558131754437,68.48042354879732,145.4022995265536,41553.0,0.050953172147274,0.0472333282232284,6.544975280761719,6.017616271972656,10180
114.64170117417308,66.37038180299136,166.64375548475388,41535.0,0.0587793141603469,0.0471852347254753,7.716363430023193,6.059830188751221,10162
101.38709691495856,65.47732681964844,171.90276326230926,41529.0,0.0511454604566097,0.0450313165783882,6.571609973907471,5.703863143920898,10178
89.89500838719435,65.93363310270655,150.58013894589237,41545.0,0.0550959855318069,0.0423923805356025,7.192741394042969,5.3756842613220215,10297
80.97706323800908,67.67115288388739,129.67610336970256,41593.0,0.0493445880711078,0.0442041680216789,6.238075256347656,5.517453193664551,10428
75.58989889906171,70.4397874077986,109.31779331652484,41523.0,0.055860374122858,0.0429665111005306,7.158253192901611,5.347612857818604,10618
74.52460304262979,73.8672754916549,89.4623814454052,41557.0,0.0498318932950496,0.0466033518314361,6.295731544494629,5.84325122833252,10907
77.96232091241306,77.52655131910605,69.95989665934476,41573.0,0.0461885333061218,0.0458633489906787,5.781180381774902,5.735651969909668,11036
85.34936304212086,80.98854570858134,50.63451310827404,41593.0,0.0513022392988204,0.0439254380762577,6.559772968292236,5.51848840713501,11312
95.75214295768065,83.86008657977258,31.349090656180262,41569.0,0.0532343052327632,0.0430160909891128,6.733685493469238,5.3107008934021,11444
108.26982158059288,85.81637597007195,12.038442433403844,41539.0,0.0553144887089729,0.0500245951116085,7.070451736450195,6.328856945037842,11400
131.28210671088144,91.74762707243475,7.31904110424199,41559.0,0.0527342744171619,0.0443610697984695,6.635226249694824,5.472647666931152,11295
116.87307106862184,90.141747245869,26.700966938310444,41567.0,0.0543149560689926,0.0389212630689144,6.843899250030518,4.711994171142578,11400
103.5824097510255,87.52276808778964,46.04358038279324,41567.0,0.0566551350057125,0.0542060174047946,7.153126239776611,6.814575672149658,11358
91.97398395279392,84.19862093329877,65.38811132684393,41581.0,0.0540882274508476,0.0475350357592105,6.836491107940674,5.925169467926025,11327
82.81880976148253,80.55381810167565,84.85171011655515,41549.0,0.0535425655543804,0.0457994192838668,6.730095863342285,5.658599376678467,11305
77.03924709463885,77.0123319990031,104.60235033913798,41545.0,0.0468300729990005,0.0468300729990005,5.867632865905762,5.867632865905762,11069
75.43913794675595,74.00048561649373,124.80111778900236,41559.0,0.0621542893350124,0.0361660867929458,8.026043891906738,4.38503360748291,10788
78.28111768579264,71.9017791553449,145.52428441189724,41583.0,0.0530526079237461,0.0457154549658298,6.718964099884033,5.695792675018311,10474
85.11165619781377,70.99983994376848,166.69396353991098,41573.0,0.0590033009648323,0.0389093123376369,7.601318836212158,4.77937126159668,10353
95.05195652757467,71.42167089000188,171.933418995293,41465.0,0.0510192178189754,0.0486419089138507,6.427818775177002,6.096867084503174,10331
107.20614912111164,73.10745774916477,150.68605254909076,41559.0,0.050640407949686,0.0426860749721527,6.44731330871582,5.32834529876709,10102
120.8626898665508,75.82518022707444,129.83923866630647,41557.0,0.0474976748228073,0.044425930827856,6.129754066467285,5.689108371734619,10085
135.51062242829636,79.22087294734908,109.51381464977004,41593.0,0.0568526089191436,0.0515506342053413,7.542091369628906,6.775142669677734,10156
150.78961183117093,82.87799488091663,89.66622207570025,41547.0,0.0483697392046451,0.0410186573863029,6.202967166900635,5.156068325042725,10199
166.4362689688509,86.36717029967093,70.14864231249733,41539.0,0.0517003498971462,0.046358086168766,6.494007110595703,5.7528815269470215,10392
177.75777976187518,89.28524595073837,50.78838498248447,41541.0,0.0562803149223327,0.0431690849363803,7.345728397369385,5.47582483291626,10518
161.97768338858796,91.29174064346138,31.45211680750441,41563.0,0.0564612038433551,0.0426159426569938,7.218334674835205,5.279665470123291,10771
146.41233020950008,92.14720922945666,12.079661140594451,41555.0,0.047194629907608,0.0451241433620452,5.995388031005859,5.7023606300354,11078
78.68049042177557,76.66212631341199,7.343945501182503,41537.0,0.0497449561953544,0.0383195132017135,6.400352954864502,4.771716117858887,10793
84.95340143619481,75.77107122477845,26.78891158484632,41533.0,0.0528049543499946,0.0391202904284,6.743825435638428,4.819485187530518,10643
94.422263413635,73.7828135128299,46.18496587406847,41525.0,0.0503123961389064,0.0351993702352047,6.259417533874512,4.174895763397217,10560
106.20213513044854,70.90706003259106,65.56797759115611,41553.0,0.0527009405195713,0.041462492197752,6.771933078765869,5.180931568145752,10406
119.56698934577352,67.44961691615347,85.05116099912547,41581.0,0.0523782297968864,0.0378457605838775,6.694815635681152,4.648638725280762,10206
133.98633409219576,63.79016367298478,104.7994076889157,41597.0,0.0542823001742363,0.0542823001742363,6.899888038635254,6.899888038635254,10070
149.08334883269058,60.35803621966991,124.97154700852158,41547.0,0.0496496483683586,0.0383610501885414,6.225449562072754,4.655878067016602,10016
164.58275712875553,57.59713966930637,145.64383074617555,41551.0,0.0557321906089782,0.0557321906089782,7.237298488616943,7.237298488616943,10216
179.7315762062082,55.906101044008885,166.74310924642575,41563.0,0.0522277615964412,0.0498475804924964,6.566629409790039,6.236299514770508,10232
164.04907446200306,55.55275564218563,171.96342194817913,41577.0,0.054524689912796,0.0476672798395156,6.726332664489746,5.794407367706299,9965
148.55961034852922,56.59570481332144,150.78980963400292,41563.0,0.0573864020407199,0.0439279451966285,7.361049652099609,5.473981857299805,9828
133.48075914117751,58.86468454064941,129.9993419280404,41515.0,0.0534538850188255,0.0534538850188255,6.851769924163818,6.851769924163818,9822
119.09050021259922,62.01511015722534,109.70663605251858,41567.0,0.0505491830408573,0.0460851714015007,6.500407695770264,5.8661298751831055,9679
105.77000999669724,65.6163553243858,89.86722623320523,41541.0,0.0489419624209404,0.0429734922945499,6.270273208618164,5.421003341674805,9888
94.0559523368996,69.22614994028064,70.33519452526612,41553.0,0.0473257228732109,0.0421847663819789,6.003200531005859,5.27672815322876,10080
84.68114634270991,72.43656060824438,50.94077261694164,41577.0,0.0543326959013938,0.0416377000510692,6.963178634643555,5.177084922790527,10348
78.53331884078047,74.90197621816692,31.554301761457424,41587.0,0.0521121360361576,0.0427526794373989,6.773125171661377,5.434965133666992,10482
76.42183819357766,76.36184400773357,12.120577771353936,41555.0,0.0449095293879509,0.0411517508327961,5.601807594299316,5.075974941253662,10686
162.76078804250974,97.27475044640066,7.368694896187236,41559.0,0.0552429594099521,0.0446543246507644,6.924429416656494,5.466723442077637,11412
178.32214916567008,96.49030403307296,26.87625078689689,41571.0,0.0510955266654491,0.044838149100542,6.381082057952881,5.515916347503662,11039
166.09625535062972,94.52872943824214,46.32518950208865,41555.0,0.0533758029341697,0.0439505167305469,6.84209680557251,5.51380729675293,10697
150.68563442453467,91.63368003743912,65.74603109207706,41585.0,0.0534672178328037,0.0394559577107429,6.9624857902526855,4.958933830261231,10654
135.66121269739637,88.15308658392661,85.24816020570657,41559.0,0.0504325740039348,0.0380533784627914,6.6559576988220215,4.8545241355896,10750
121.2936230686072,84.49513892001366,104.9935756128879,41583.0,0.0485629886388778,0.0449859499931335,6.174164295196533,5.668782711029053,10742
107.94928966916372,81.08838424053071,125.13908778153083,41549.0,0.0472425743937492,0.0402709767222404,6.027322769165039,5.036354064941406,10710
96.1396909017056,78.34274851092114,145.76112546319527,41541.0,0.0500885844230651,0.0440978556871414,6.517980575561523,5.656874179840088,10644
86.56177015709044,76.60390554561513,166.79127331720233,41571.0,0.0521772727370262,0.0428573563694953,6.707411766052246,5.387266635894775,10595
80.06870938230146,76.10092712785314,171.99282167857393,41467.0,0.0628889575600624,0.0408751852810382,8.158016204833984,5.064101219177246,10637
77.46930821184161,76.90184595186145,150.8915749699374,41581.0,0.0516242273151874,0.0381061844527721,6.596905708312988,4.691771984100342,10779
79.1585387393826,78.89872414237101,130.1566495436075,41531.0,0.0519713163375854,0.0365758165717124,6.588170528411865,4.433899879455566,11034
84.87448486329777,81.83095981429172,109.8965183719983,41563.0,0.0496541932225227,0.0398746058344841,6.421560764312744,5.022463798522949,11093
93.8640296116207,85.33350339319385,90.0656439138598,41557.0,0.053968671709299,0.053968671709299,7.025269508361816,7.025269508361816,11169
105.25911446033604,88.98841045573073,70.51977000269255,41563.0,0.0527611300349235,0.0423109084367752,6.5346550941467285,5.1048970222473145,11251
118.32247600079444,92.36846961066531,51.09184484372051,41531.0,0.0468838959932327,0.046099878847599,5.803236484527588,5.694699764251709,11465
132.5051003069527,95.0756960480282,31.65575566620234,41587.0,0.0538797527551651,0.0538797527551651,6.971683979034424,6.971683979034424,11689
147.4136914566099,96.78227271601648,12.161235897728488,41509.0,0.0527033321559429,0.0405430905520916,6.696629524230957,4.993854522705078,11613
98.22404964588516,85.51895416415066,7.393314824431968,41579.0,0.0560466460883617,0.042302519083023,7.057747840881348,5.16038179397583,10754
88.45853421281262,83.8510971445931,26.96307534230661,41561.0,0.0521210841834545,0.0411543287336826,6.350558757781982,4.8712334632873535,11125
81.6421802993326,81.19814737933544,46.46440001467573,41547.0,0.0517752282321453,0.0501900240778923,6.391816139221191,6.175168991088867,11318
78.57814925586284,77.8596156259502,65.92246809882144,41581.0,0.0576092191040515,0.0576092191040515,7.219489574432373,7.219489574432373,11084
79.7131584850092,74.21237516706819,85.44293819143516,41571.0,0.0541717857122421,0.0406666025519371,6.98249101638794,5.07213020324707,10584
84.87456238936998,70.6788830002016,105.18509954018596,41577.0,0.0486109070479869,0.0395580045878887,6.275736331939697,4.979534149169922,10207
93.37807935606486,67.69194742161208,125.303970679853,41545.0,0.0544635951519012,0.0382967106997966,6.983226776123047,4.709682941436768,10043
104.37836647419093,65.64635595347046,145.87634271320158,41567.0,0.0504752025008201,0.0434400700032711,6.412750720977783,5.423991680145264,9879
117.13046622732628,64.8333705849651,166.83853075395606,41567.0,0.0491807125508785,0.0367257222533226,6.4413652420043945,4.635915279388428,9856
131.06810264445105,65.37444470673104,172.0216642239291,41587.0,0.0552409254014492,0.0367656163871288,7.188082695007324,4.554881095886231,9902
145.7816391304046,67.18835912163034,150.9915019337301,41555.0,0.0554224140942096,0.0357666052877903,7.288167953491211,4.460116386413574,9883
160.9711813257273,70.01355628868596,130.31138242353788,41547.0,0.0495138764381408,0.0355278626084327,6.409330368041992,4.4047369956970215,10017
176.40405471271313,73.4705644135441,110.08370664644453,41613.0,0.0498847626149654,0.0362563766539096,6.291319847106934,4.386364459991455,10006
168.1187053599209,77.12979575182973,90.26171135683016,41575.0,0.0479809418320655,0.0425540469586849,6.079835891723633,5.314423561096191,10100
152.7899898998583,80.56356087614238,70.70257479222866,41587.0,0.0514776222407817,0.0436300672590732,6.503523826599121,5.408468723297119,10070
137.82311624560762,83.38314321338137,51.2417631332018,41543.0,0.0545256622135639,0.0435357689857482,6.803035259246826,5.294367790222168,10007
123.48205903887592,85.27070359191907,31.756584369739898,41601.0,0.0481201596558094,0.0440469719469547,6.054863452911377,5.484623432159424,10119
110.11965338730532,86.01109116840195,12.201677509773504,41533.0,0.0552463829517364,0.0401560924947261,7.027180194854736,4.921399593353272,10393
103.56110447325489,85.81404351631325,7.417830014648473,41535.0,0.0487458743155002,0.036676961928606,6.304946422576904,4.573952674865723,10941
115.9922649248877,85.34501924418473,27.04947297454609,41549.0,0.0506868474185466,0.0432469919323921,6.595524787902832,5.527350425720215,10741
129.6765378711138,83.69858607275025,46.6027404704237,41529.0,0.0499694533646106,0.0499694533646106,6.464190006256104,6.464190006256104,10591
144.18821744815872,81.06266687291094,66.09747626116686,41551.0,0.0503949783742427,0.0493978969752788,6.468503952026367,6.327054023742676,10357
159.21478632318951,77.73451972716163,85.6357138804253,41559.0,0.0571529380977153,0.0553837083280086,7.268594741821289,7.02254581451416,10151
174.51482903194488,74.0894659947399,105.37421116373454,41543.0,0.0612094886600971,0.0405144654214382,7.765040874481201,4.909599304199219,10156
170.11587416411948,70.54928661322906,125.46641215676024,41567.0,0.0559550821781158,0.0419233925640583,7.0985283851623535,5.147001266479492,10122
154.87223593966692,67.54722454423045,145.98964526615518,41525.0,0.0513056963682174,0.0513056963682174,6.414666175842285,6.414666175842285,10033
139.96609367632956,65.47988313497616,166.88495147605138,41615.0,0.0550744459033012,0.0533068552613258,7.109930515289307,6.859916687011719,9879
125.65541204663384,64.64171811913462,172.0499924893408,41579.0,0.0463933311402797,0.0405611507594585,5.839819431304932,5.01957893371582,9812
112.28051539315216,65.15811141823575,151.08973376112104,41539.0,0.0506887808442115,0.044675912708044,6.388857841491699,5.550242900848389,9777
100.30794253526692,66.95137479679158,130.46374770024244,41567.0,0.0472997538745403,0.045055616647005,5.956744194030762,5.641726493835449,9777
90.36943404250756,69.76222088769102,110.26843186372216,41545.0,0.048188991844654,0.0390950143337249,6.143880367279053,4.856241226196289,9955
83.25065854277736,73.21211683954428,90.45565262803092,41583.0,0.0558335706591606,0.0383833087980747,7.197626113891602,4.734747409820557,10274
79.74498553123362,76.8715443823225,70.88380558573897,41531.0,0.0500950999557971,0.0419461131095886,6.363163471221924,5.218285083770752,10687
80.34206729772292,80.31245111656624,51.39068256888868,41565.0,0.0513541102409362,0.0513541102409362,6.581514358520508,6.581514358520508,10837
84.95306121987535,83.14545467730592,31.856890039730445,41543.0,0.0519039295613765,0.0453462712466716,6.752400875091553,5.812602043151856,10987
92.96508398241224,85.05161276801033,12.241943257644351,41519.0,0.0633198693394661,0.0444033369421958,8.478344917297363,5.741048336029053,11092
156.93190358366647,100.64712783275333,7.4422645252171264,41573.0,0.0495218038558959,0.0495218038558959,6.3697614669799805,6.3697614669799805,11913
142.08974405724155,99.27738589369528,27.13552882080927,41523.0,0.0491570569574832,0.0469320937991142,6.315700054168701,5.998918533325195,11758
127.8132700918336,96.8220796741417,46.74034905482873,41585.0,0.0474747233092784,0.0388614721596241,6.126648902893066,4.890351295471191,11586
114.4312968542747,93.58872446723576,66.27123572404409,41551.0,0.0495395511388778,0.0483689829707145,6.275832653045654,6.111367702484131,11521
102.39033971999451,89.9664504570248,85.82669603944285,41581.0,0.0500570312142372,0.0399430058896541,6.320178985595703,4.904807567596436,11384
92.2925951412011,86.38039726490547,105.56112999301618,41543.0,0.0538341477513313,0.0472930818796157,6.716445446014404,5.817367076873779,11166
84.8912332484203,83.25209212845954,125.62661610258138,41503.0,0.0524343885481357,0.0478277876973152,6.780951976776123,6.125726222991943,10859
80.96648653290428,80.95934139963319,146.10118575648315,41541.0,0.051495935767889,0.0404023751616478,6.727651596069336,5.131738185882568,10623
81.04283111149965,79.79014367603317,166.93060087663568,41551.0,0.0517299696803092,0.0415265224874019,6.581263542175293,5.14851713180542,10500
85.10918449655048,79.89627643989812,172.07784659039393,41541.0,0.0513919927179813,0.0457450337707996,6.470335960388184,5.684282302856445,10353
92.62555214288427,81.26380606135524,151.18640465571713,41517.0,0.0535910911858081,0.0390602089464664,6.868757247924805,4.821253776550293,10276
102.80846502222995,83.71595444756528,130.61394024142632,41551.0,0.0509387776255607,0.045521467924118,6.639745235443115,5.8608717918396,10178
114.90915847415968,86.94669360000896,110.45091253613522,41553.0,0.0512899905443191,0.038643255829811,6.6837663650512695,4.868007659912109,10255
128.33161421259533,90.56807580862892,90.64768104780283,41525.0,0.0494274497032165,0.0494274497032165,6.326898574829102,6.326898574829102,10333
142.63447645647005,94.15535434337214,71.06365090214958,41521.0,0.0545520335435867,0.0401989556849002,7.109253406524658,5.059051990509033,10531
157.4924814400494,97.2864608004002,51.53875273966327,41551.0,0.051182884722948,0.0439162924885749,6.5692057609558105,5.539939880371094,10954
172.65519073590443,99.58231479334306,31.956771734671605,41603.0,0.0503636337816715,0.0440426543354988,6.405201435089111,5.5153326988220215,11443
172.08718192404822,100.7534460525486,12.282072675646532,41585.0,0.054720539599657,0.054720539599657,7.073993682861328,7.073993682861328,11677
82.2393856574527,81.94578524250801,7.466641871274902,41545.0,0.0481415092945098,0.042752593755722,6.05452299118042,5.300562858581543,10770
81.81289087607502,80.67118904784013,27.221325886143266,41561.0,0.0537308380007743,0.040862251073122,6.8603515625,5.054661273956299,10767
85.34191894487539,78.34205036978268,46.87735983429863,41553.0,0.0535272918641567,0.0457701906561851,6.753768444061279,5.675871849060059,10602
92.35982162608116,75.21486782456986,66.4439201486206,41529.0,0.0548621341586113,0.0512078814208507,6.88998556137085,6.385383129119873,10397
102.12149733500397,71.6348937102823,86.01608452577838,41527.0,0.0512267835438251,0.0358985960483551,6.780431270599365,4.545755863189697,10129
113.88240728914622,68.00811147312189,105.74606475386346,41551.0,0.0520629659295082,0.0384284704923629,6.715378761291504,4.777526378631592,9995
127.03454722558509,64.77066442753167,125.78477523782314,41565.0,0.0528483353555202,0.0507922619581222,6.822082996368408,6.529972553253174,9946
141.12148868981714,62.34614818459395,146.21110779205682,41599.0,0.050244566053152,0.0428298600018024,6.35544490814209,5.3170166015625,10040
155.8051733456576,61.08153793912239,166.9755403165843,41569.0,0.054147832095623,0.0398489236831665,7.088039875030518,5.036124706268311,10021
170.8258881898975,61.17046425478463,172.1052641575596,41531.0,0.0542200729250907,0.0453463196754455,7.059581279754639,5.79213809967041,9877
174.0320193837706,62.59899474029312,151.28164077602315,41557.0,0.048035304993391,0.041641492396593,6.041225910186768,5.146212100982666,9713
158.96849585272116,65.14982834668176,130.7621440034956,41571.0,0.0534451752901077,0.0453482195734977,6.750946998596191,5.624637126922607,9753
144.1936417025036,68.46185769330177,110.63135611764024,41545.0,0.0609964877367019,0.0372488722205162,7.856956481933594,4.53190279006958,9680
129.95520478258717,72.10676284484467,90.83800048529687,41551.0,0.0524514578282833,0.0407949052751064,6.8504319190979,5.175522804260254,9915
116.57142340706736,75.65026448980383,71.24229216859553,41545.0,0.0498289503157138,0.0498289503157138,6.181447505950928,6.181447505950928,10004
104.47026053528374,78.69259438909421,51.686118562472615,41555.0,0.0496953316032886,0.0468429550528526,6.224747180938721,5.828442096710205,10030
94.22626118817396,80.89834243527213,32.056325934531344,41509.0,0.0510277114808559,0.0446408055722713,6.540690898895264,5.637221336364746,10182
86.56115084121595,82.02442473256846,12.322104391376428,41533.0,0.053062830120325,0.0383511744439601,6.789254188537598,4.7182230949401855,10515
139.65034693869922,98.1220166392848,7.490985144524302,41613.0,0.0535205900669097,0.0494424141943454,6.677979469299316,6.117291927337647,11028
154.15379603427016,97.59700366023172,27.3069454696994,41569.0,0.0569381937384605,0.0569381937384605,7.281733512878418,7.281733512878418,10591
169.02769919661182,95.85872006935412,47.01390345838715,41589.0,0.0575221739709377,0.0484907254576683,7.241067409515381,5.997797966003418,10133
175.9497479566313,93.12586198751796,66.61569765437653,41545.0,0.0547916926443576,0.0402133092284202,7.235301494598389,5.127830505371094,10022
160.9814878007585,89.73072869171828,86.2040714278381,41583.0,0.0475481376051902,0.0419398434460163,6.061753273010254,5.266590118408203,10228
146.27733616862895,86.07401465006829,105.92921465715406,41581.0,0.0622946694493293,0.0386408306658268,8.064234733581543,4.743162631988525,10403
132.08077084344364,82.58336952470754,125.94107236683,41571.0,0.051164224743843,0.0411692149937152,6.454799175262451,5.0619797706604,10359
118.70032290666592,79.67476638565323,146.31954694669312,41561.0,0.0536157414317131,0.0399989783763885,6.792590618133545,4.894320011138916,10281
106.54676719391158,77.70911653448961,167.01982756514437,41575.0,0.050874900072813,0.0447268709540367,6.4635772705078125,5.599714279174805,10289
96.16878306114306,76.94158991853946,172.13228060764504,41545.0,0.0468615256249904,0.0393347218632698,5.9106645584106445,4.851452350616455,10328
88.25780886886604,77.47490744480892,151.3755611178985,41531.0,0.0556429475545883,0.0465748868882656,7.049611568450928,5.789981842041016,10467
83.56049526214986,79.23749456288674,130.90853324762892,41565.0,0.053395964205265,0.053395964205265,6.749780178070068,6.749780178070068,10712
82.64958884585043,81.9988989958682,110.8099602859122,41571.0,0.0530321188271045,0.0453965291380882,6.758179187774658,5.686431884765625,10987
85.65004529041816,85.41356374137956,91.02680653900408,41585.0,0.0584704428911209,0.0391391515731811,7.503519058227539,4.7985687255859375,10982
92.16805299787045,89.072063282743,71.41990471557462,41577.0,0.0515953786671161,0.0416519902646541,6.552085876464844,5.156476974487305,11155
101.5011528956714,92.5459634875865,51.83292104681556,41567.0,0.0461676530539989,0.0419550985097885,5.706347942352295,5.12307596206665,11404
112.91323799759888,95.4267383355456,32.15564703798421,41523.0,0.0497616790235042,0.0463582947850227,6.234915256500244,5.761678695678711,11517
125.78655527365622,97.36630109237574,12.362076322731925,41549.0,0.0544846467673778,0.042443748563528,6.96097993850708,5.272122383117676,11469
120.81742335407868,96.3664038121234,7.515317127258015,41563.0,0.0520135946571826,0.0426362082362175,6.50522518157959,5.208943843841553,10876
108.61895908866234,94.65474592629708,27.392467568549137,41569.0,0.0454266108572483,0.0454266108572483,5.674322605133057,5.674322605133057,11183
98.11860863017668,91.94457022933088,47.15010781942297,41815.0,0.0535413399338722,0.0431968197226524,6.75175142288208,5.315264225006104,11248
89.9787489340048,88.56318442312774,66.7867316949008,41615.0,0.0610958561301231,0.0489210821688175,7.812749862670898,6.120276927947998,11020
84.92671842310747,84.90812357556932,86.39084211455705,41541.0,0.0480289161205291,0.0466146320104599,6.057724952697754,5.859348773956299,10912
83.5501938752311,81.40654413309245,106.11077055528604,41549.0,0.0470854900777339,0.0457110069692134,5.850786209106445,5.660035133361816,10760
86.03215112575921,78.47678719632515,126.09568151171666,41549.0,0.0604126192629337,0.0559719130396842,7.723420143127441,7.106016635894775,10440
92.05022523853022,76.48449051387875,146.42663165262772,41557.0,0.0485498718917369,0.0392186343669891,6.349676609039307,4.998030185699463,10205
100.94827550053198,75.69052621261038,167.06351719482913,41539.0,0.050821017473936,0.0484008193016052,6.751664161682129,6.397680282592773,10127
112.00283531733923,76.2022938757426,172.15892938696692,41555.0,0.047598447650671,0.0429962091147899,6.101158618927002,5.445864200592041,10123
124.5888546105864,77.95032373652025,151.46827830721543,41541.0,0.0500104129314422,0.0392940416932106,6.380423545837402,4.86691427230835,10135
138.2221617356531,80.7036466119257,131.05327363791696,41573.0,0.0631303265690803,0.0441425591707229,8.257408142089844,5.568971157073975,10088
152.5393097270162,84.11490097844565,110.9869141086033,41549.0,0.0502022802829742,0.0420567654073238,6.483444690704346,5.32025671005249,10065
167.26143061552713,87.77319474618076,91.2142876203067,41577.0,0.0509035289287567,0.0392784141004085,6.3630146980285645,4.755171775817871,10073
177.83969981100094,91.24995133642126,71.59665869968615,41557.0,0.050636064261198,0.048926156014204,6.465810775756836,6.224471569061279,10109
162.9703265216298,94.13786179442516,51.97929801108678,41557.0,0.0558516047894954,0.0426333099603652,7.259951114654541,5.38076639175415,10121
148.34035218576616,96.09055711134975,32.25482783262774,41553.0,0.0521138422191143,0.0495356954634189,6.764779090881348,6.3963303565979,10247
134.1895056015239,96.86618219832648,12.402025865285651,41517.0,0.0572830848395824,0.0409638434648513,7.321524143218994,5.039039134979248,10486
92.00613349999789,86.24576035559117,7.539660401979262,41619.0,0.0582391843199729,0.0481619499623775,7.605166435241699,6.172069072723389,10743
100.46359191209338,85.52901641114451,27.47797126399618,41587.0,0.0570873953402042,0.0444877669215202,7.503586292266846,5.695382595062256,10597
111.15233371032724,83.66137098055785,47.28609867775393,41573.0,0.0470540337264537,0.0460776686668396,5.945740699768066,5.808147430419922,10480
123.44265408196144,80.85615653744304,66.95718187868542,41553.0,0.0547631941735744,0.0448836348950862,7.008253574371338,5.620373249053955,10212
136.83805854654574,77.43008089829951,86.57657620775561,41583.0,0.0503617562353611,0.0471635647118091,6.313090324401856,5.868920803070068,10162
150.96269959978747,73.7711873900492,106.29091600283206,41525.0,0.0548907034099102,0.0419167801737785,7.030272483825684,5.207409858703613,10123
165.52791790440935,70.30678240897883,126.24876894358565,41585.0,0.0511978156864643,0.0425109714269638,6.475247859954834,5.260648250579834,10151
179.70117796597498,67.46648406207959,146.5324840070575,41535.0,0.0541569888591766,0.0522217862308025,6.821074485778809,6.553014278411865,10232
164.93443112007458,65.630679771936,167.1066609370101,41591.0,0.0519046336412429,0.0500397756695747,6.525796413421631,6.266843318939209,10100
150.38218953239493,65.0632583962905,172.18524219023297,41549.0,0.0525982230901718,0.0419862568378448,6.766549110412598,5.262921333312988,10008
136.2809284514784,65.84916938448536,151.5598993153718,41603.0,0.0481458455324173,0.0442069582641124,5.896454811096191,5.358116149902344,9841
122.92215097523224,67.87120073325275,131.19652323827142,41581.0,0.0519952923059463,0.0430195182561874,6.454761505126953,5.22357988357544,9794
110.68596763214956,70.84160883474593,111.16239911056056,41553.0,0.0522534810006618,0.0522534810006618,6.642159461975098,6.642159461975098,9753
100.07427330417396,74.36765544080228,91.40062595480916,41537.0,0.05142567679286,0.0442726574838161,6.739459991455078,5.706727981567383,9987
91.72164902975656,78.01706395046953,71.77271996595441,41563.0,0.0534302815794944,0.039406593888998,6.966056823730469,4.957878589630127,10254
86.33505769643868,81.36666761917603,52.12538475976712,41561.0,0.0526950508356094,0.0441697463393211,6.607170581817627,5.429059982299805,10429
84.5119252605583,84.03790236185031,32.35395994394324,41549.0,0.0568909421563148,0.0421125851571559,7.381102085113525,5.286023616790772,10569
86.48664584608822,85.72879222585864,12.44199007229298,41551.0,0.0577738769352436,0.0496593974530696,7.492579460144043,6.344484329223633,10726
178.46654359277116,106.49826912986452,7.564037457895097,41515.0,0.0542963407933712,0.0458876863121986,6.894538879394531,5.720611572265625,11803
166.87319265550488,105.46929946449734,27.56353509491601,41579.0,0.0489119850099086,0.0445929951965808,6.164104461669922,5.559453964233398,11385
152.40232286071264,103.27313614940678,47.42200026007157,41563.0,0.051502987742424,0.0388101376593112,6.687828063964844,4.87091064453125,11061
138.35454030017536,100.19966042870983,67.1272047450208,41555.0,0.0490594990551471,0.0490594990551471,6.454104900360107,6.454104900360107,10979
125.01392843009585,96.63318462618872,86.76144848992837,41529.0,0.0554810129106044,0.0317296646535396,7.291745662689209,3.874799251556397,11007
112.74695156967624,92.99908134062458,106.46982823572202,41549.0,0.0563297793269157,0.0367958359420299,7.241748332977295,4.492077350616455,10863
102.0343912930598,89.72058292136464,126.40049412578932,41555.0,0.0552275441586971,0.0515432395040988,7.073860168457031,6.556325912475586,10807
93.4843155255008,87.18112624477861,146.6372205049024,41551.0,0.051475565880537,0.0495855845510959,6.606429100036621,6.338843822479248,10689
87.78262121409709,85.68483048473846,167.14930800374472,41559.0,0.0548840798437595,0.0431154891848564,7.092491626739502,5.424389362335205,10595
85.53197477560978,85.41575141227838,172.21124915855543,41545.0,0.0542024411261081,0.0475826933979988,6.706814765930176,5.805196285247803,10500
87.01177722774364,86.40746348540347,151.6505261085474,41569.0,0.0532384105026721,0.0392024107277393,6.715256214141846,4.764196872711182,10557
92.03538904974386,88.53696870948387,131.33843342256475,41577.0,0.0503260418772697,0.0426557436585426,6.4425201416015625,5.356117248535156,10502
100.04770331558562,91.54617555656604,111.3365902566396,41569.0,0.0522018000483512,0.0450012125074863,6.713315486907959,5.693140506744385,10579
110.36280891013187,95.08013834297924,91.58599851446506,41513.0,0.0525900013744831,0.0429117903113365,6.800678253173828,5.423311233520508,10704
122.34914946416164,98.72786496040642,71.94825086045185,41573.0,0.0477396547794342,0.0428026504814624,6.073205947875977,5.374053478240967,10983
135.49917465747168,102.06013619987314,52.27131472959667,41537.0,0.0572418794035911,0.0546778216958045,7.259895324707031,6.903920650482178,11396
149.424974322265,104.66933783787424,32.4531342682852,41575.0,0.0468957014381885,0.0397074744105339,5.908946514129639,4.899467945098877,11653
163.82802457010845,106.21868298109544,12.48200582943241,41535.0,0.0549482740461826,0.0431088171899318,7.071529388427734,5.4026875495910645,11876
95.26467499896378,90.2589489860722,7.588470795483744,41611.0,0.0553587563335895,0.0497559942305088,6.801330089569092,6.043910026550293,10532
89.26662645445845,88.67785020890571,27.649237422355043,41583.0,0.0549976117908954,0.0467308983206748,7.080222129821777,5.912476539611816,10899
86.60752665267928,86.08155882054294,47.55793583769278,41525.0,0.0495522581040859,0.0489159300923347,6.311763763427734,6.221948623657227,11000
87.60564920094737,82.77252809928736,67.29695450415116,41555.0,0.0584549196064472,0.0408188365399837,7.570095062255859,5.079385757446289,10756
92.13742140694892,79.13128013261439,86.94562975862019,41543.0,0.0592511184513568,0.0385189466178417,7.563685894012451,4.68083381652832,10327
99.70107776152356,75.58053048383012,106.64767908161306,41547.0,0.0482916198670864,0.0466318875551223,6.286211013793945,6.046703815460205,9956
109.6352694312377,72.54866562421152,126.55101058212776,41495.0,0.0503376834094524,0.0362325459718704,6.342428684234619,4.372482776641846,9814
121.30951746887165,70.42425609780422,146.74095270832285,41559.0,0.0584336556494236,0.0386693514883518,7.596603870391846,4.797874927520752,9944
134.20665575113318,69.49740401100165,167.19150538062146,41587.0,0.0547369383275508,0.0435408167541027,7.170417785644531,5.563596248626709,9902
147.92716439413306,69.90035164885762,172.23697905954822,41569.0,0.047108806669712,0.0406836979091167,6.110513687133789,5.184460163116455,9891
162.1626415158763,71.57514598812521,151.7402562401369,41541.0,0.0513447374105453,0.0396301671862602,6.58759069442749,4.928266525268555,9799
176.66421976677043,74.28824003634963,131.47914971060746,41567.0,0.0552103854715824,0.0453114062547683,7.251630306243896,5.828948020935059,9956
168.78597406701363,77.68269220786394,111.50965686299234,41547.0,0.0524237714707851,0.0521168075501918,6.73459005355835,6.691145420074463,9935
154.40020147941905,81.33974346122258,91.77057789208897,41569.0,0.0497023202478885,0.0411635003983974,6.399473190307617,5.1825785636901855,9992
140.4098229920091,84.82975229394728,72.12341100289765,41529.0,0.0559354312717914,0.0516971945762634,7.089191913604736,6.501132965087891,9963
127.0921731329932,87.75120467018085,52.41722011219542,41571.0,0.0486691184341907,0.0429862029850482,6.096490859985352,5.305305480957031,9874
114.80109270817124,89.76613441677902,32.55244139481783,41583.0,0.0465108975768089,0.0403116717934608,5.764130115509033,4.90462064743042,9941
103.99764754287884,90.63687783343148,12.522110026251257,41613.0,0.0544511973857879,0.0469746738672256,7.042261600494385,5.981713771820068,10203
120.32490945091796,97.28281057035272,7.61298303028795,41543.0,0.0544258430600166,0.0400266237556934,7.119091510772705,5.053640365600586,10962
132.96165217081517,96.8363537661982,27.735156789411946,41551.0,0.0489297322928905,0.0489297322928905,6.332695007324219,6.332695007324219,10658
146.47032026569963,95.17069475330804,47.69402829123371,41563.0,0.0482477098703384,0.0469045862555503,6.187756061553955,5.996609687805176,10422
160.53268627252532,92.49440147607211,67.46658375010892,41565.0,0.0526705682277679,0.0373324155807495,6.952073097229004,4.728967666625977,10196
174.8926341579861,89.13196415350662,87.12928763746808,41553.0,0.0490959584712982,0.0372837521135807,6.50565242767334,4.77513599395752,10100
170.67211008776945,85.47960272847669,106.82463581271796,41549.0,0.0453278794884681,0.037871778011322,5.891223907470703,4.809519290924072,10099
156.37524910013934,81.96414205889714,126.70046670133152,41569.0,0.0476274639368057,0.0456611029803752,6.041315078735352,5.763687133789063,10091
142.44623871570528,79.00454977618327,146.84378786219392,41557.0,0.0535524822771549,0.0535524822771549,6.842484474182129,6.842484474182129,10103
129.15629566771193,76.96861455575777,167.23329809477875,41547.0,0.0454030148684978,0.0434954278171062,5.785427093505859,5.513427257537842,9983
116.84759201079002,76.1215951082581,172.2624594520753,41525.0,0.0497614443302154,0.0423426181077957,6.488773822784424,5.418589115142822,9858
105.96279029776976,76.57754626968662,151.8291833945826,41573.0,0.058427732437849,0.0452935844659805,7.574862480163574,5.718340873718262,9915
97.06076606725946,78.27477810155833,131.61881254103602,41557.0,0.0634900853037834,0.0479479879140853,8.327762603759766,6.122640132904053,9988
90.78440202129768,80.98941669371966,111.68176344826072,41569.0,0.0512108169496059,0.0512108169496059,6.534080028533936,6.534080028533936,10208
87.7357753591806,84.37911703309116,91.95453312868284,41587.0,0.0624401681125164,0.0624401681125164,8.170878410339355,8.170878410339355,10509
88.2662403653117,88.03545036221203,72.2983580280873,41539.0,0.0566767193377018,0.0415119007229805,7.250312805175781,5.128210067749023,10813
92.31148261536232,91.52984661211404,52.56323246009008,41617.0,0.0463802479207515,0.0462056137621402,5.979815483093262,5.954721450805664,11082
99.42404376420922,94.4526906695902,32.6519720210604,41539.0,0.0516566634178161,0.0516566634178161,6.830252647399902,6.830252647399902,11355
108.97064817978593,96.45308545366478,12.562339726205522,41513.0,0.0504465997219085,0.0423764176666736,6.526891231536865,5.374551773071289,11246
144.4632293935062,106.4935559979131,7.637596997058523,41487.0,0.0628793910145759,0.0442943647503852,8.01926326751709,5.448803901672363,11410
131.20569828315,104.9101211475994,27.82137228029299,41561.0,0.0506528057157993,0.0506528057157993,6.2505950927734375,6.2505950927734375,11586
118.88566601256314,102.27426911483616,47.83040066780353,41555.0,0.0487264618277549,0.0444090962409973,6.172107696533203,5.564678192138672,11461
107.92862424160828,98.92634757884564,67.63624415408341,41577.0,0.0464327223598957,0.0372887812554836,5.69344425201416,4.437623977661133,11460
98.87073133284132,95.27576057503452,87.31258735312994,41623.0,0.0546828359365463,0.0441996231675148,6.890903949737549,5.438875198364258,11340
92.33338774771909,91.7518177498459,107.00086195123107,41553.0,0.0484903790056705,0.0431470163166523,5.956936359405518,5.225282669067383,10994
88.91394110673694,88.76406818204262,126.8490064879056,41551.0,0.0567707121372222,0.0424074493348598,7.051851749420166,5.094523906707764,10637
88.99142281255223,86.66460485475173,146.94582946363025,41649.0,0.0560091473162174,0.0384808406233787,7.091396331787109,4.658120155334473,10444
92.55665353852795,85.70751423539058,167.2747294617342,41503.0,0.0493987202644348,0.0429326668381691,6.135592460632324,5.243555068969727,10442
99.21678520585344,86.01124555432152,172.28771683789344,41581.0,0.0538183525204658,0.0463004112243652,6.868927001953125,5.81372594833374,10137
108.36979429425035,87.5380065280926,151.91739788982989,41531.0,0.0527321435511112,0.0470551438629627,6.68865966796875,5.895298480987549,9982
119.39644486731324,90.10056801508529,131.75755799091533,41605.0,0.0529355145990848,0.0401445738971233,6.92036247253418,5.083003044128418,9934
131.76531487497408,93.3928695047444,111.85307053492252,41551.0,0.045805238187313,0.0375790260732173,6.009429454803467,4.806977272033691,9960
145.05551023169824,97.03048920558152,92.13803050307531,41581.0,0.0568483658134937,0.0387632735073566,7.442996025085449,4.858657836914063,9920
158.93910210098767,100.58981402750182,72.47324830437412,41575.0,0.0565787889063358,0.0565787889063358,7.279330253601074,7.279330253601074,10156
173.15259883125455,103.64563774771756,52.70948328273714,41585.0,0.0526532791554927,0.0526532791554927,6.772516250610352,6.772516250610352,10462
172.5309071567907,105.81472811943227,32.75181736653528,41557.0,0.0565498284995555,0.0565498284995555,7.247900009155273,7.247900009155273,10813
158.32686355335505,106.809754462656,12.60273233713454,41541.0,0.0584720149636268,0.0584720149636268,7.547039985656738,7.547039985656738,11222
89.77898085240768,89.41425793486916,7.662335855367871,41555.0,0.0502413734793663,0.0434280559420585,6.5872673988342285,5.6011223793029785,10487
92.87185200985256,88.33607872811038,27.90796388238337,41551.0,0.0504383966326713,0.0449404865503311,6.390535354614258,5.619174957275391,10495
99.07933766971536,86.14908913823596,47.9671767366572,41607.0,0.056078728288412,0.0474587269127368,7.072619438171387,5.879952430725098,10307
107.83346535059955,83.10814827850747,67.80608714577377,41549.0,0.0531876571476459,0.046379167586565,6.704725742340088,5.759000778198242,10219
118.5252045456075,79.56210495906208,87.49569248665401,41543.0,0.0541736222803592,0.0496913008391857,6.910557746887207,6.282490253448486,10051
130.61879109104927,75.91837615525502,107.1765180365837,41505.0,0.0586481653153896,0.0437140837311744,7.447517395019531,5.378801345825195,9957
143.68381808902333,72.60819812539229,126.99677026837124,41527.0,0.0517283342778682,0.0487584769725799,6.468273639678955,6.057803153991699,10028
157.38285695425532,70.04607561856369,147.04717779274242,41527.0,0.058012168854475,0.0526065602898597,7.377650737762451,6.626752853393555,10241
171.44495401576597,68.57549213640628,167.31584131423708,41565.0,0.0497407019138336,0.0427496619522571,6.4333109855651855,5.433620452880859,10190
174.36164333595548,68.40520121234842,172.3127768021694,41537.0,0.0513902604579925,0.0477407835423946,6.431332111358643,5.92649507522583,9837
160.25441647941363,69.56000209163341,152.00498714480227,41565.0,0.0538359209895134,0.0484864860773086,6.907484531402588,6.15386438369751,9925
146.4602160536283,71.87430828311528,131.89551845082386,41589.0,0.0549410879611969,0.0549410879611969,6.961153507232666,6.961153507232666,9834
133.23977345704745,75.03271680616596,112.02373541008087,41559.0,0.0553242787718772,0.0467414669692516,7.270175933837891,6.03510856628418,9719
120.91454351758271,78.63295605201918,92.32123429264476,41505.0,0.0490626469254493,0.0490626469254493,6.223148345947266,6.223148345947266,9909
109.89400417234584,82.24374170872964,72.648237636957,41599.0,0.0512869954109191,0.0415220558643341,6.541451454162598,5.166001319885254,10039
100.69280952991264,85.44828692430328,52.85610463890015,41513.0,0.0504179149866104,0.0483444109559059,6.372248649597168,6.08208703994751,10226
93.91113341741348,87.87964450689321,32.85206958893798,41583.0,0.0513577945530414,0.0438205823302269,6.5112175941467285,5.455574989318848,10335
90.13928310354136,89.25581612233377,12.643325784002371,41553.0,0.0472159162163734,0.0436099208891391,6.058029651641846,5.543667316436768,10480
155.86494228730166,108.93175242993776,7.687223197830605,41595.0,0.0505857728421688,0.0505857728421688,6.316669464111328,6.316669464111328,11035
169.77056773547923,108.24299168511968,27.9950128551977,41535.0,0.0519051067531108,0.0406851135194301,6.621435642242432,5.042010307312012,10715
176.1635682400043,106.32494417501464,48.104481549176114,41565.0,0.0507677197456359,0.0385031998157501,6.417342662811279,4.702554702758789,10302
162.15725299994995,103.43885895936796,67.97626458991911,41617.0,0.0521183311939239,0.0498002506792545,6.69210958480835,6.364134311676025,10267
148.4365981869028,99.95577504640713,87.67876570735515,41541.0,0.0502979829907417,0.0438655279576778,6.36566162109375,5.464613914489746,10399
135.2579025169,96.29828855203192,107.35176236304298,41543.0,0.0540702641010284,0.0395655408501625,6.928736209869385,4.8872151374816895,10543
122.9334625427112,92.8934270853126,127.14389536109977,41583.0,0.0483476668596267,0.0448465086519718,6.103329658508301,5.611621379852295,10550
111.85782916330254,90.13480457678104,147.147930411062,41585.0,0.0492758378386497,0.0366947688162326,6.235161304473877,4.468327522277832,10432
102.52532793196902,88.34578534646327,167.35667421599763,41563.0,0.0502425618469715,0.0389365926384925,6.480329513549805,4.868406295776367,10291
95.51529636727834,87.7409986921982,172.3376641446321,41557.0,0.0551896132528781,0.0414376035332679,7.1282172203063965,5.183197021484375,10127
91.40911062044717,88.39420384822431,152.09203611761663,41591.0,0.0491924956440925,0.0406968258321285,6.30521821975708,5.098161220550537,10443
90.62662928154664,90.2257652301162,132.03282326334286,41555.0,0.0527309216558933,0.0470651686191558,6.729147434234619,5.93179178237915,10719
93.25584262473338,93.01614059034247,112.19391285422624,41559.0,0.0489449501037597,0.0421730130910873,6.208642959594727,5.255202293395996,10953
99.01158629417186,96.43851297902324,92.50430751334598,41535.0,0.0551803968846797,0.0534996427595615,7.057820796966553,6.822057723999023,11004
107.36232006914028,100.09729559472524,72.8234819634163,41583.0,0.0494951121509075,0.0388190411031246,6.160475730895996,4.683240413665772,11174
117.71222382971432,103.5648926041806,53.00322973162872,41591.0,0.051854457706213,0.0438429825007915,6.565917015075684,5.445514678955078,11380
129.52321968332694,106.4197486892547,32.95282220725758,41565.0,0.0481585636734962,0.0454944930970668,6.008581638336182,5.638553619384766,11541
142.35634055159568,108.29395946816364,12.684158685762869,41549.0,0.0467228479683399,0.0467228479683399,5.824594020843506,5.824594020843506,11487
113.81903716754384,100.5410173021913,7.712283162106559,41547.0,0.0519795604050159,0.0360249280929565,6.568798542022705,4.34215784072876,10541
104.36669506108544,98.79317217655056,28.082602110170143,41575.0,0.0518653094768524,0.0440745800733566,6.530684947967529,5.44699764251709,10983
97.1436382052638,96.04693118591412,48.2424420090847,41549.0,0.0495959110558033,0.0428074821829795,6.284282207489014,5.331216335296631,11073
92.72079198689576,92.64207238935984,68.14692946507748,41485.0,0.0494000278413295,0.0471516735851764,6.281652450561523,5.964773654937744,10863
91.53203088745326,88.98435080909645,87.86196949692467,41513.0,0.0507731586694717,0.0385496243834495,6.617979049682617,4.859960079193115,10562
93.70724792653196,85.50195236717482,107.52675169562583,41579.0,0.0503300800919532,0.037122044712305,6.442978382110596,4.572546482086182,10331
99.01326520415938,82.60661515042247,127.29051671726282,41535.0,0.0485504232347011,0.0450796335935592,6.1742706298828125,5.684044361114502,10147
106.95691165906123,80.65192461840978,147.24818263346478,41599.0,0.0469415821135044,0.0416183806955814,6.074555397033691,5.308021068572998,10047
116.95848568093776,79.88605037093618,167.39726766286552,41539.0,0.0479075200855731,0.0372792370617389,6.151694297790527,4.63554048538208,10032
128.4797262564971,80.4088836236166,172.36240300294148,41575.0,0.0532866604626178,0.0421099476516246,6.852926731109619,5.272339820861816,9964
141.0741844185022,82.15205623392251,152.178627719707,41531.0,0.0489289835095405,0.0468181036412715,6.213776111602783,5.916248321533203,10015
154.38637170447018,84.89279587412928,132.16959933219647,41475.0,0.0506694465875625,0.0440577790141105,6.570723533630371,5.624687671661377,10094
168.13033535853984,88.2938800002324,112.3637558459166,41573.0,0.0470196269452571,0.0452986173331737,5.964334964752197,5.721004962921143,10006
177.9359029871838,91.95124141243632,92.68741264687009,41493.0,0.0539198257029056,0.0449496880173683,6.971075057983398,5.697938442230225,9928
164.034691374846,95.43685246218816,72.99913804876894,41555.0,0.0545330345630645,0.0389487780630588,7.069521427154541,4.853555202484131,9840
150.3917530885155,98.33754624633846,53.15099351209443,41569.0,0.0492140240967273,0.0455798916518688,6.3140974044799805,5.7972612380981445,9695
137.25945430845482,100.29726907536352,33.054170536369696,41575.0,0.0520942993462085,0.0426613129675388,6.583539962768555,5.268394470214844,9903
124.9416674767222,101.06543391244487,12.72527053826576,41545.0,0.0535314716398716,0.0478675998747348,6.812937736511231,6.019881725311279,10142
106.61768193137304,96.69392776250542,7.737540547924681,41595.0,0.0525807403028011,0.0414624400436878,6.801392555236816,5.218864440917969,10817
116.26491382056884,96.113580824724,28.1708166054174,41563.0,0.0481156483292579,0.03727513179183,5.989622116088867,4.487716674804688,10625
127.4894180237994,94.33133487077797,48.38118745896398,41553.0,0.0477690063416957,0.0407000221312046,6.221383094787598,5.198403835296631,10515
139.83846349499743,91.56864234211866,68.31823655173929,41553.0,0.0488289929926395,0.0431151799857616,6.415374279022217,5.583708763122559,10283
152.94817943495042,88.15812430731681,88.04546687131713,41597.0,0.0619414858520031,0.0407932661473751,8.090339660644531,5.094972133636475,10090
166.52517905601755,84.50005029839755,107.70164197191272,41555.0,0.0484394319355487,0.0382917709648609,6.162620067596436,4.727975368499756,10121
179.67784017809558,81.0221449440874,127.43676753990994,41559.0,0.0499653704464435,0.044585570693016,6.419014930725098,5.654733180999756,10060
165.8860226497114,78.14106602093005,147.34802797893963,41609.0,0.0528220012784004,0.0382370464503765,6.719812870025635,4.677340507507324,10036
152.3250351857978,76.21785958939235,167.43766027379448,41541.0,0.0546015426516532,0.0432006679475307,6.953158855438232,5.358218193054199,9932
139.24378390332532,75.50538286097452,172.3870169697121,41531.0,0.0541247725486755,0.0462529994547367,6.868784427642822,5.770827770233154,9875
126.9384064272468,76.10027853488978,152.26484321058808,41521.0,0.0548002086579799,0.0381178669631481,6.928283214569092,4.611284255981445,9790
115.7766000237697,77.9217343245769,132.3059717087663,41575.0,0.05239724740386,0.0488638579845428,6.52054500579834,6.035113334655762,9753
106.21539372361411,80.72935919125631,112.53341624989116,41567.0,0.0583362355828285,0.0460759028792381,7.428847312927246,5.724287509918213,9890
98.79402084703102,84.16970588184111,92.87071236253188,41589.0,0.0533223636448383,0.0420782156288623,6.949706077575684,5.340145587921143,10199
94.07176166533412,87.829191698363,73.17536418728203,41545.0,0.0544569715857505,0.0417101606726646,7.0288286209106445,5.222806453704834,10387
92.4928129361862,91.27947196588406,53.29953329866845,41503.0,0.0515948869287967,0.0401065498590469,6.60834264755249,4.984637260437012,10497
94.22456071374653,94.11618680603804,33.15621213780608,41589.0,0.0575136207044124,0.0381358377635479,7.542511463165283,4.771185874938965,10699
99.08395853841996,95.99877314863514,12.76670190522131,41577.0,0.047106422483921,0.0376924872398376,6.138611316680908,4.7748122215271,10875
167.7105102986678,114.34759559263226,7.763020940451781,41561.0,0.054126851260662,0.050185490399599,6.866922378540039,6.317211151123047,11853
154.23577535297673,113.05215243538734,28.25974375986314,41539.0,0.0517269186675548,0.0491805896162986,6.797662258148193,6.429328918457031,11620
141.21023133816874,110.61771958316142,48.52085028939254,41583.0,0.0492168068885803,0.0492168068885803,6.168925762176514,6.168925762176514,11467
128.92292873086262,107.38043569146902,68.49034313700767,41537.0,0.0495361797511577,0.0405621416866779,6.333693504333496,5.062979698181152,11438
117.72951882460474,103.7545523580957,88.229422107911,41545.0,0.0475472770631313,0.0409358218312263,6.002437114715576,5.072795391082764,11232
108.0699743844191,100.17336540615725,107.8765889971024,41561.0,0.0550868883728981,0.0378229022026062,6.905248641967773,4.526276588439941,11065
100.46440204583696,97.04687000610164,127.58277988780456,41527.0,0.0527764335274696,0.0527764335274696,6.467542171478272,6.467542171478272,10799
95.459525573653,94.72836236206568,147.4475586051822,41547.0,0.0485527366399765,0.0428603366017341,6.207414150238037,5.399535655975342,10596
93.5065824510774,93.4819278446288,167.47788997374872,41551.0,0.0521359965205192,0.039596814662218,6.690699577331543,4.917400360107422,10491
94.8061571827632,93.4515179208693,172.41152920451626,41579.0,0.0556316189467906,0.0440889485180377,6.835248947143555,5.274991512298584,10345
99.22310305215233,94.64066775530384,152.35076257764496,41579.0,0.0556600950658321,0.0377208814024925,7.109869956970215,4.59657096862793,10227
106.344956301432,96.9119631952977,132.44206416230725,41567.0,0.0511383339762687,0.0382366627454757,6.393502235412598,4.609282493591309,10086
115.63236600781684,100.00652358422025,112.70304549584893,41543.0,0.0502375401556491,0.0426233261823654,6.534978866577148,5.440715312957764,10075
126.55337847632067,103.5746570866756,93.05437024137984,41529.0,0.0530248843133449,0.0361071899533271,6.824343204498291,4.429372310638428,10210
138.65029526998575,107.20839631244806,73.35232091838692,41597.0,0.0515085645020008,0.0480769276618957,6.597281455993652,6.112090587615967,10464
151.5514186284879,110.47471589364132,53.44898941787223,41549.0,0.0532663092017173,0.0519453957676887,6.65509843826294,6.473169803619385,10977
164.95604716072813,112.95719944106445,33.259047291677206,41503.0,0.0529271475970745,0.0434116311371326,6.767099380493164,5.427887916564941,11336
178.61145608987172,114.31428247634746,12.808494619378507,41543.0,0.0554301775991916,0.0425276570022106,7.248894214630127,5.403963088989258,11628
96.88166483614334,95.82021125471668,7.788750841444596,41597.0,0.0524293631315231,0.042158119380474,6.642406463623047,5.206905841827393,10350
94.5709401459651,94.37959591376368,28.349473891452615,41565.0,0.0569966882467269,0.0447363331913948,7.280579090118408,5.567583084106445,10516
95.45031061873716,91.8803507378398,48.66156657743525,41581.0,0.0528076365590095,0.0446817800402641,6.771296501159668,5.624122142791748,10537
99.42999223664198,88.62508989016034,68.6634097433604,41555.0,0.05737841501832,0.05737841501832,7.367655277252197,7.367655277252197,10358
106.13893978854564,84.99717951262511,88.41400148553495,41547.0,0.0505587495863437,0.0401561222970485,6.393374919891357,4.938461780548096,10074
115.06162755248924,81.41974434782838,108.05174913954816,41569.0,0.0470823086798191,0.0444531850516796,6.099055767059326,5.720230102539063,10001
125.67266189777897,78.31757091021618,127.72868527040336,41551.0,0.0530023537576198,0.0376518443226814,6.907159805297852,4.705780982971191,9935
137.51079735810117,76.0748520750848,147.54686573171486,41537.0,0.0513375476002693,0.0390326306223869,6.579665660858154,4.839680194854736,10029
150.1971594652825,74.98378658661845,167.51799417056756,41529.0,0.0493871085345745,0.0438239872455596,6.447657108306885,5.6449713706970215,10057
163.42391341744974,75.19216733026624,172.4359625421049,41555.0,0.048713568598032,0.0430268943309783,6.169114112854004,5.369752883911133,9915
176.93285016530487,76.67144958862791,152.43646490508402,41563.0,0.0490164943039417,0.0480457618832588,6.181517601013184,6.045602321624756,9820
169.50738986709652,79.22322603357595,132.5779997399284,41545.0,0.0523730926215648,0.0516950711607933,6.487143039703369,6.39434814453125,9867
156.1232802138125,82.5202208684121,112.8727952549792,41567.0,0.0501456670463085,0.0409481711685657,6.434902667999268,5.129579544067383,9751
143.15812037869068,86.16026272580876,93.23855151007162,41557.0,0.0554487407207489,0.0554487407207489,7.157670021057129,7.157670021057129,9959
130.89448260430257,89.71489028531074,73.53017176427802,41535.0,0.0568386726081371,0.0399430766701698,7.31886100769043,4.941612720489502,9951
119.67681961077504,92.76939825744265,53.59950587421065,41555.0,0.0495730526745319,0.0427821986377239,6.190055847167969,5.248459815979004,9857
109.9290488821323,94.96133115401344,33.36277949509764,41551.0,0.0537967644631862,0.0499883294105529,6.799650192260742,6.2700676918029785,9943
102.15283056283651,96.02265434293795,12.850691996255335,41559.0,0.064440481364727,0.064440481364727,8.241920471191406,8.241920471191406,10185
136.42108371956178,108.79042244397448,7.8147578097670305,41497.0,0.0472960099577903,0.0457585453987121,6.17011833190918,5.947226047515869,11094
148.8864870762985,108.3096970520916,28.44010068462819,41527.0,0.0458946637809276,0.0458946637809276,5.873488426208496,5.873488426208496,10592
161.9297761166496,106.5727683373951,48.80347676172855,41559.0,0.0557281784713268,0.046528797596693,7.211818218231201,5.908036231994629,10218
175.2872347358075,103.81778148828448,68.83760088943944,41551.0,0.0465533100068569,0.0418262220919132,6.09080171585083,5.402742385864258,10075
171.275868618806,100.40210843059198,88.59937404519084,41551.0,0.0535446554422378,0.0473977103829383,7.009479522705078,6.127015590667725,10149
157.98683143298086,96.74344294119096,108.2272800340456,41551.0,0.0618679411709308,0.0430730655789375,7.97097110748291,5.342855930328369,10255
145.08675730236823,93.27076732812203,127.87461524023284,41583.0,0.0505731962621212,0.0425666570663452,6.452548027038574,5.323743343353272,10201
132.852312916992,90.38557354087104,147.64604005605676,41571.0,0.0506558753550052,0.0450086668133735,6.49107027053833,5.691117763519287,10115
121.61754935718548,88.42520834155201,167.55800992770705,41577.0,0.0534122958779335,0.0534122958779335,6.732659816741943,6.732659816741943,10054
111.79128448055796,87.62424309561379,172.4603395980207,41559.0,0.0529219284653663,0.0417850576341152,6.666655540466309,5.119344234466553,10031
103.85744110015604,88.08031315375901,152.5220287360038,41543.0,0.0557607375085353,0.042817123234272,6.833855628967285,5.090449333190918,10118
98.33583814632246,89.73768113574523,132.7139013222461,41577.0,0.0550166629254817,0.048526931554079,7.046055316925049,6.134026527404785,10257
95.68349292915316,92.39679221627785,113.04281812131458,41523.0,0.0511339753866195,0.0462505854666233,6.28962516784668,5.623763084411621,10538
96.1552053556111,95.74488345740336,93.4234237922444,41545.0,0.0514211133122444,0.0404454953968524,6.432709217071533,4.913304328918457,10642
99.70378186198232,99.39447355261784,73.70908399716795,41557.0,0.0505186691880226,0.0437203720211982,6.278586387634277,5.341503620147705,10893
105.9997141026892,102.92056034514124,53.7512310564143,41593.0,0.0537626594305038,0.049768965691328,6.849351406097412,6.290245532989502,11298
114.5534051654716,105.89796575762566,33.46751599294248,41535.0,0.0520545206964015,0.0480043925344944,6.535178661346436,5.973450183868408,11453
124.84828777694943,107.94695645309812,12.893339062989895,41591.0,0.0516038984060287,0.0419069267809391,6.577634334564209,5.212429523468018,11494
134.79565906706566,111.29906817954,7.841070613033111,41561.0,0.0506840907037258,0.0437070056796073,6.481997966766357,5.49475622177124,10983
123.55077221937049,109.55095090177588,28.531721692784544,41549.0,0.0454809367656707,0.0407900437712669,5.747782230377197,5.084655284881592,11293
113.65539824590044,106.78100404438815,48.94672636208301,41549.0,0.057385828346014,0.057385828346014,7.299644947052002,7.299644947052002,11260
105.57644909689851,103.35502318103885,69.01308589139674,41529.0,0.0514998733997345,0.0382202304899692,6.651676177978516,4.760857105255127,11147
99.81978292152844,99.69582496743628,88.78571237969331,41557.0,0.0494889803230762,0.0370989479124546,6.403505802154541,4.629145622253418,10937
96.84186494131848,96.23236337133568,108.40334130031388,41547.0,0.0557732321321964,0.0420943088829517,7.048922538757324,5.151061058044434,10722
96.91895074359746,93.36139689862924,128.0207019889132,41607.0,0.0507288724184036,0.0419843718409538,6.429625511169434,5.203850269317627,10405
100.0434968175292,91.41295600076626,147.74517216737232,41547.0,0.0595514811575412,0.0456852130591869,7.699418544769287,5.747152328491211,10346
105.92723588758898,90.61491905307122,167.59797413471435,41543.0,0.0549492351710796,0.0549492351710796,7.1578240394592285,7.1578240394592285,10268
114.10832125130206,91.06205236053668,172.48468287274196,41525.0,0.0546905398368835,0.0364227406680583,7.095449924468994,4.498436450958252,10227
124.08123517743724,92.70114116136403,152.60753243145086,41555.0,0.0559225268661975,0.0559225268661975,7.139989376068115,7.139989376068115,10045
135.38226067649305,95.33949508019158,132.84989218057703,41611.0,0.0530151762068271,0.0451000481843948,6.879716396331787,5.750442981719971,9915
147.6204992728746,98.67254392505828,113.21326830509923,41557.0,0.0516922138631343,0.0391626767814159,6.7169599533081055,4.923901557922363,9813
160.47465710486333,102.3189647600317,93.609157885443,41541.0,0.0498018115758895,0.0446482338011264,6.382745742797852,5.651532173156738,9674
173.67553066478197,105.85539671861164,73.88922944471395,41541.0,0.0510466881096363,0.0503146946430206,6.477706432342529,6.3749680519104,9717
173.01512519185218,108.85277606062934,53.90431848828328,41545.0,0.050132755190134,0.0475758127868175,6.371050834655762,6.011144638061523,9918
159.82568499698118,110.9230066177318,33.57336834737231,41527.0,0.0517657659947872,0.0496009029448032,6.5532636642456055,6.250665664672852,10267
146.9954296943071,111.77971992717228,12.936482805170812,41549.0,0.050736267119646,0.0408002026379108,6.501533508300781,5.0939764976501465,10555
100.44803909853914,98.13028949571752,7.867719392354957,41567.0,0.0561028234660625,0.0561028234660625,7.394894123077393,7.394894123077393,10656
105.92133616608606,97.24683339223844,28.624438882101515,41565.0,0.0537533573806285,0.0537533573806285,6.88368034362793,6.88368034362793,10545
113.72690874576256,95.19806037228356,49.09146675237105,41557.0,0.0537292920053005,0.0451795011758804,6.695510387420654,5.5207200050354,10342
123.37243713157044,92.23946263014842,69.19003971408782,41533.0,0.0519254766404628,0.0474726594984531,6.637119770050049,6.009339332580566,10146
134.39542275034628,88.72736132368271,88.97319346099587,41507.0,0.0588879585266113,0.0372192971408367,7.572939395904541,4.535860061645508,10059
146.4003040876514,85.07411715075668,108.58009528442535,41571.0,0.0523758567869663,0.0455551669001579,6.441258430480957,5.513740539550781,10007
159.05960066617467,81.70804511253183,128.16707895318442,41521.0,0.0535827800631523,0.0488454140722751,6.76004695892334,6.102014064788818,10021
172.0986867659398,79.0342152757206,147.8443529620158,41529.0,0.0543122254312038,0.0455987825989723,7.088978290557861,5.841856956481934,10105
174.72430926696637,77.38876614651934,167.63792367726805,41615.0,0.0483044199645519,0.0388905517756938,6.205573558807373,4.862478256225586,10298
161.63907048521727,76.98759466769863,172.5090148554757,41521.0,0.0507099628448486,0.0426542982459068,6.360215187072754,5.241484642028809,10102
148.88340525104394,77.88458812956075,152.6930545303006,41541.0,0.0474157109856605,0.0474157109856605,5.972817897796631,5.972817897796631,9945
136.72375294466238,79.95996335069263,132.98609654161285,41605.0,0.0554539300501346,0.0479137562215328,7.05820894241333,6.00654411315918,9862
125.47556601110544,82.94549614754492,113.38430234562348,41563.0,0.0509859323501586,0.0434531792998313,6.611147403717041,5.533071517944336,9828
115.52015173552424,86.4725050200209,93.79592857216184,41569.0,0.0501109883189201,0.0454276055097579,6.446928024291992,5.780609130859375,9985
107.3081454687216,90.12201605474792,74.07078534284601,41587.0,0.0507891736924648,0.0436100736260414,6.678040504455566,5.6379008293151855,10162
101.33131542103725,93.46735516496014,54.05892763316997,41581.0,0.0501816049218177,0.0427958443760871,6.453311443328857,5.402925968170166,10365
98.04370713104518,96.1127500901688,33.68045305330685,41607.0,0.0538236424326896,0.0343497321009635,6.744707584381104,4.0570878982543945,10517
97.73959488691376,97.73532619290054,12.980172434855632,41549.0,0.0514539442956447,0.0409613288938999,6.729425430297852,5.218363285064697,10592
170.5576795102217,118.86899669083004,7.89473584244044,41557.0,0.0564959608018398,0.0519614219665527,7.114723205566406,6.488644123077393,11597
176.4025412521683,117.9550453551412,28.718359223976847,41535.0,0.0568781234323978,0.053540401160717,7.140579700469971,6.681723117828369,11165
163.4261903317037,115.81203356201831,49.23785599650438,41567.0,0.0460253097116947,0.0422958247363567,5.967634201049805,5.428147792816162,10773
150.74993058737942,112.75284153697557,69.36864388235975,41569.0,0.0496692322194576,0.0496692322194576,6.305738925933838,6.305738925933838,10705
138.63581696768367,109.18732592351292,89.16199951470307,41581.0,0.052035991102457,0.0361693650484085,6.686211585998535,4.439053058624268,10657
127.39101888611115,105.55307449617564,108.75770783140452,41557.0,0.0518006533384323,0.0382977835834026,6.452149868011475,4.592864513397217,10695
117.38434598117536,102.26752693412332,128.3138814375274,41541.0,0.053029928356409,0.0516303740441799,6.732986927032471,6.53726863861084,10732
109.05089135470904,99.69524526568148,147.94367406546868,41535.0,0.0547729469835758,0.0476660467684268,7.032996654510498,6.032289981842041,10618
102.86832998806464,98.1195602988226,167.67789560862352,41511.0,0.0498310476541519,0.0447841100394725,6.398718357086182,5.681043148040772,10452
99.2867054050977,97.7151605214062,172.5333581287251,41551.0,0.0483324490487575,0.0397184081375598,6.019445419311523,4.824936389923096,10201
98.61513794426143,98.52716666139976,152.77867411385674,41521.0,0.0583238042891025,0.0562759079039096,7.372797012329102,7.090043067932129,10273
100.9161967674035,100.46511368646378,133.12264016570137,41613.0,0.0481353588402271,0.0369602739810943,6.095865726470947,4.521698474884033,10338
105.98172100866508,103.31475165416516,113.5560798513794,41581.0,0.0454935282468795,0.0430402122437953,5.799825668334961,5.450452327728272,10456
113.40960659727868,106.76214554740088,93.98391547422162,41567.0,0.0562835894525051,0.0408260822296142,7.324468612670898,5.1261305809021,10747
122.72277513150648,110.42164404606513,74.25393524613659,41537.0,0.0478854179382324,0.0459910184144973,5.978498458862305,5.715132713317871,11024
133.46164835131145,113.86483464918496,54.2152247621768,41589.0,0.0563955307006835,0.0563955307006835,7.039807796478272,7.039807796478272,11348
145.22701713242904,116.65706423141144,33.78889220794318,41539.0,0.0512295551598072,0.0437644273042678,6.643064498901367,5.575740337371826,11524
157.68567227087226,118.41260873331198,13.024459683415756,41577.0,0.056802749633789,0.0435658022761344,7.341523170471191,5.471556663513184,11694
110.80311292076236,104.9542634527144,7.922153409606068,41575.0,0.0508017539978027,0.0397192351520061,6.44395637512207,4.888764381408691,10283
104.42879756257511,103.2397344447698,28.813595344282906,41547.0,0.0496498234570026,0.0483418628573417,6.274863243103027,6.091460227966309,10629
100.56858741696618,100.50879249624968,49.38605975857368,41513.0,0.0543930418789386,0.0543930418789386,6.890780448913574,6.890780448913574,10818
99.54354481755288,97.1088411018646,69.5490874638648,41557.0,0.0441011488437652,0.0424298718571662,5.594866752624512,5.356636047363281,10722
101.4466537045478,93.45143107463318,89.35231895219712,41483.0,0.0526316091418266,0.0445425398647785,6.795008182525635,5.644974708557129,10330
106.10797342029636,89.96534646295376,108.93634909785048,41595.0,0.0534940138459205,0.0413461737334728,6.925439834594727,5.198062419891357,10025
113.15675598399524,87.05755166051175,128.4612472603367,41529.0,0.0540033876895904,0.0431475825607776,6.86047887802124,5.345075130462647,9977
122.13307379595182,85.0743412390855,148.04322826532845,41587.0,0.0489943958818912,0.0463281795382499,6.186776161193848,5.813005447387695,9968
132.58199535712353,84.25905823662993,167.71792732435344,41535.0,0.0475659780204296,0.040296234190464,6.040154457092285,5.011772632598877,9930
144.1017587826509,84.71401809356846,172.55773547478287,41547.0,0.0476238653063774,0.0381554141640663,6.157206535339356,4.796334743499756,9939
156.35395718934535,86.38194299699654,152.86447117919073,41555.0,0.0578105859458446,0.037611287087202,7.4616923332214355,4.615825653076172,9843
169.05351266071176,89.05655535494952,133.2596509451713,41595.0,0.0523901805281639,0.040878091007471,6.738398551940918,5.1079182624816895,9909
178.04891198666508,92.41666993710572,113.72876427595594,41523.0,0.0506013222038745,0.0466084368526935,6.415793418884277,5.855545520782471,9920
165.1862190775746,96.0685656732509,94.17330396055712,41603.0,0.0494910478591918,0.0492215566337108,6.2185492515563965,6.18097448348999,9899
152.59423004147794,99.58588037085528,74.43887000698385,41545.0,0.0487137995660305,0.0432215556502342,6.1060709953308105,5.340822219848633,9805
140.53106217634092,102.54778536078324,54.37338389741859,41589.0,0.0508303195238113,0.0463964007794857,6.45576286315918,5.833223342895508,9618
129.29622619873274,104.58310810946806,33.89881424351685,41619.0,0.0544626787304878,0.0394502021372318,7.025705814361572,4.89911699295044,9642
119.24681674772046,105.42351063993009,13.069399123364292,41581.0,0.0523655824363231,0.038615271449089,6.575596332550049,4.669822216033936,9909
121.60409579494107,107.85611741843816,7.950007510659191,41549.0,0.0482503287494182,0.0480199046432971,6.256841659545898,6.22371768951416,10871
131.75749662527102,107.36990390328626,28.91026623887896,41549.0,0.057625412940979,0.057625412940979,7.499440193176269,7.499440193176269,10582
143.02565120276626,105.63159306370302,49.536252299757535,41567.0,0.0501109324395656,0.0501109324395656,6.535189628601074,6.535189628601074,10438
155.0655589716642,102.87767579373076,69.73156813627787,41567.0,0.0521701723337173,0.0518171228468418,6.7626471519470215,6.712277412414551,10275
167.5872168322739,99.46331681325464,89.54434737196905,41561.0,0.0485477671027183,0.0463153943419456,6.275038719177246,5.955085754394531,10172
179.66248246651077,95.8047475682296,109.116194414261,41555.0,0.0512760169804096,0.0431985668838024,6.483897686004639,5.355285167694092,10022
166.91830261419787,92.3308826783794,128.6093174311113,41607.0,0.0491365380585193,0.0385412983596324,6.19012451171875,4.708275318145752,10030
154.41550447349758,89.44447201155069,148.14310996026958,41577.0,0.0485107488930225,0.0379959493875503,6.125776290893555,4.649179935455322,9929
142.4086863737311,87.48480269578766,167.7580567423556,41543.0,0.0479054972529411,0.0475542582571506,5.961722373962402,5.91301155090332,9841
131.19028752021808,86.6880535750754,172.5821699853515,41517.0,0.0505566969513893,0.0442901775240898,6.3808770179748535,5.504930019378662,9748
121.10643004728963,87.15214458294588,152.95052702545394,41555.0,0.0584385320544242,0.0395301170647144,7.442800521850586,4.812737464904785,9838
112.5632962564683,88.81988998630686,133.39725952957633,41535.0,0.0541716516017913,0.0477692671120166,6.603262424468994,5.742674350738525,9846
106.0107635973102,91.48901100540188,113.90252373883315,41563.0,0.0526601336896419,0.0490965172648429,6.619650840759277,6.125468254089356,9998
101.88712807699056,94.84378960412457,94.36428611957466,41535.0,0.0526229999959468,0.0452125370502471,6.702369689941406,5.663051605224609,10333
100.5227570889099,98.49463418729972,74.62578883626547,41549.0,0.0498747117817401,0.048866182565689,6.384017467498779,6.240989208221436,10631
102.03799995756803,102.01601941819884,54.53358784323977,41521.0,0.0499285981059074,0.0480876602232456,6.316813945770264,6.058908462524414,10777
106.299556415339,104.98411057859732,34.01035473384482,41587.0,0.0506297424435615,0.0464074239134788,6.526037693023682,5.925144195556641,11054
112.96859734878468,107.02206111610452,13.115048523948616,41555.0,0.0579499751329422,0.0409693829715251,7.564937591552734,5.148792266845703,11085
156.21293005289635,120.88824589840296,7.978335776070907,41551.0,0.0504380129277706,0.0444820150732994,6.545203685760498,5.692030429840088,11386
144.26787230036695,119.32440540181304,29.008498066269937,41529.0,0.0511119179427623,0.0398494563996791,6.55014181137085,4.957315921783447,11555
133.0723037887478,116.66570668155484,49.68861757646209,41561.0,0.0533302500844001,0.0419053845107555,6.788162708282471,5.187907695770264,11367
122.96207788804648,113.29078435316752,69.91629335355546,41549.0,0.0536340847611427,0.0406282134354114,6.919014930725098,5.076306819915772,11413
114.32998239210912,109.63541221304426,89.7382886431698,41535.0,0.0539915598928928,0.0489314123988151,6.904229164123535,6.19286584854126,11261
107.612345494634,106.1320667835507,109.29742520777134,41557.0,0.052467405796051,0.0470313876867294,6.451959133148193,5.713546276092529,11057
103.24015388110296,103.17176328130029,128.75823686679823,41531.0,0.0512058399617672,0.0478336215019226,6.27020263671875,5.812437057495117,10723
101.55070410037362,101.07643534929798,148.24341563026016,41573.0,0.0521742440760135,0.0466070398688316,6.591257572174072,5.815089225769043,10571
102.68874249728826,100.07322296719896,167.79832249022652,41517.0,0.0505055896937847,0.0391360484063625,6.369511127471924,4.782895565032959,10457
106.55581722620995,100.2714392958612,172.606685175568,41551.0,0.0538198836147785,0.045063279569149,6.569633960723877,5.390761375427246,10168
112.84526832237744,101.64943864256593,153.03692465769336,41531.0,0.0492886416614055,0.0488858669996261,6.292832851409912,6.235789775848389,9918
121.13653711768453,104.05733600788348,133.5355999853243,41541.0,0.0511663816869258,0.040905300527811,6.492030143737793,5.053033351898193,9798
130.9891554891857,107.23425889775577,114.0775319011786,41571.0,0.0562357604503631,0.0381509400904178,7.416581630706787,4.811816692352295,9681
141.99981523175543,110.83287009053429,94.55706180856488,41563.0,0.0484988242387771,0.0418629013001918,6.257836818695068,5.3082194328308105,9742
153.82159779611075,114.44531953848784,74.81490045981403,41559.0,0.0628155693411827,0.0628155693411827,8.25006103515625,8.25006103515625,10064
166.1598489740784,117.6329705226964,54.69602932014698,41523.0,0.0665806233882904,0.0665806233882904,8.683125495910645,8.683125495910645,10441
178.75771640629796,119.97080118948917,34.12365728679842,41597.0,0.0500422194600105,0.0500422194600105,6.438382625579834,6.438382625579834,10814
168.6215574161979,121.11586167569708,13.161469246043964,41549.0,0.0502301640808582,0.0489688254892826,6.416114807128906,6.238134860992432,11169
102.62531310374898,102.62528972356137,8.007178321426068,41585.0,0.0512882247567176,0.0479961596429348,6.551141738891602,6.086939334869385,10273
103.39731619564412,101.36290859615328,29.10842503006259,41547.0,0.0502653643488884,0.0429148748517036,6.232797145843506,5.2216877937316895,10239
106.8759925697972,98.98802942063764,49.8433504563925,41571.0,0.0515733957290649,0.0515733957290649,6.570808410644531,6.570808410644531,10201
112.78680259065597,95.80312859510872,70.10348162800173,41565.0,0.0499874502420425,0.0466654226183891,6.304098606109619,5.839788436889648,10163
120.73102276939312,92.1960103504702,89.93435608614018,41553.0,0.0474205017089843,0.0384246744215488,6.204819679260254,4.897879123687744,9966
130.27794129537585,88.59179240545437,109.48022999730748,41529.0,0.0533550381660461,0.0424005948007106,6.859833717346191,5.311622619628906,9887
141.02536715357235,85.41233567646053,128.9081551562795,41567.0,0.0542307272553443,0.0386935397982597,6.943214416503906,4.758199691772461,10124
152.6232086932246,83.03716873357733,148.34424433379772,41611.0,0.049285102635622,0.0384170524775981,6.334967613220215,4.78719425201416,10188
164.77249177496114,81.75973600294141,167.83876410227148,41537.0,0.0523736774921417,0.0488677844405174,6.68994665145874,6.196199893951416,10129
177.21268405063452,81.74286275616645,172.63130510381276,41559.0,0.0508552715182304,0.0508552715182304,6.598135471343994,6.598135471343994,10032
170.29506976303878,82.98872703529236,153.1237492131031,41557.0,0.0495857782661914,0.0454226359724998,6.331104755401611,5.742215156555176,9926
157.98565702929417,85.33842923094369,133.67481049791138,41535.0,0.0540241859853267,0.044297132641077,6.748257160186768,5.41102409362793,9846
146.1077858310604,88.50139880268921,114.25396890792295,41541.0,0.0523970872163772,0.0401995778083801,6.714894771575928,4.992664337158203,9801
134.9413745726675,92.0997788228806,94.75183979429345,41545.0,0.0508945398032665,0.0430291891098022,6.61397123336792,5.485763549804688,9917
124.81267423652244,95.71230587415369,75.0064243871121,41585.0,0.0612385347485542,0.0452329143881797,7.817546844482422,5.595809459686279,10068
116.10176245393149,98.91345546303944,54.86091221846914,41535.0,0.0520318336784839,0.0428770966827869,6.618288040161133,5.333376407623291,10099
109.23172966723652,101.31386955447891,34.23887453680473,41559.0,0.0524826273322105,0.0444415062665939,6.777617454528809,5.633971691131592,10099
104.62554616368244,102.6081778359978,13.208726682797703,41533.0,0.0502300411462783,0.049450721591711,6.53481388092041,6.4227800369262695,10218
151.47153965573375,120.13860991567562,8.03657805182084,41563.0,0.046864241361618,0.046864241361618,5.942781448364258,5.942781448364258,11179
163.42625299372173,119.55747844921945,29.21019036599708,41531.0,0.0533127002418041,0.0483615212142467,6.84306526184082,6.144253730773926,10582
175.7034504095851,117.68876827257378,50.00065807195958,41553.0,0.0528894551098346,0.0528894551098346,6.762450218200684,6.762450218200684,10125
171.93789494697995,114.81329215083184,70.29336394748145,41525.0,0.0549665391445159,0.0434359535574913,7.062252998352051,5.43853235244751,10079
159.73280848132728,111.32805513103114,90.13277376679471,41545.0,0.0534372292459011,0.0534372292459011,6.894263744354248,6.894263744354248,10244
147.92757418280215,107.67105077428724,109.66480547473392,41555.0,0.05466328561306,0.0432640761137008,7.0446062088012695,5.433160781860352,10440
136.79659542744236,104.26761119469477,129.0592273830583,41549.0,0.0508804954588413,0.044366005808115,6.440910816192627,5.528897285461426,10432
126.6571511724092,101.49562466776504,148.44569823854258,41569.0,0.0558294802904129,0.0478492304682731,6.965066432952881,5.873229503631592,10256
117.87727296874635,99.65791773556504,167.87942222864606,41505.0,0.0485104322433471,0.0480350889265537,6.055716514587402,5.989692211151123,10108
110.86716831184935,98.95569561617728,172.6560544988175,41503.0,0.052691388875246,0.052691388875246,6.680802822113037,6.680802822113037,10064
106.0412433840246,99.46632285324716,153.21108841515365,41583.0,0.0510172359645366,0.0463390499353408,6.540257453918457,5.877674579620361,10245
103.74451843853988,101.1335087893271,133.8150341259315,41559.0,0.0512723661959171,0.043774664402008,6.571333885192871,5.510924816131592,10440
104.16209485181663,103.77452442187946,114.43202240884392,41559.0,0.0556828863918781,0.0489995814859867,7.120784759521484,6.18508243560791,10634
107.25921487700477,107.10099421387876,94.94883900087449,41599.0,0.0540304854512214,0.0540304854512214,6.861457347869873,6.861457347869873,10684
112.79312974640057,110.74519558345868,75.20059231108438,41559.0,0.0481905378401279,0.0389379896223545,6.122714519500732,4.815065860748291,11001
120.38810298211062,114.28734885065684,55.0284529914784,41501.0,0.0496513582766056,0.0482860431075096,6.251713275909424,6.061068058013916,11295
129.62478504448637,117.28850082372573,34.35616925382445,41549.0,0.06013073772192,0.0387681573629379,7.846821784973144,4.816418170928955,11314
140.10341538314023,119.3405121331418,13.256890753574226,41567.0,0.0498220063745975,0.0413121096789836,6.309579372406006,5.11578893661499,11452
128.49445521480908,115.64997104091375,8.066581004706961,41539.0,0.060638528317213,0.0436852648854255,7.74206018447876,5.3890380859375,10531
119.6551913231702,113.8006970900474,29.31394745090921,41537.0,0.0502945147454738,0.0502945147454738,6.44232702255249,6.44232702255249,10959
112.5169759721756,110.9479267580915,50.16076133369356,41591.0,0.0511144399642944,0.0408035516738891,6.5846381187438965,5.117984294891357,10974
107.48524255632589,107.4764365635409,70.48618535022996,41593.0,0.0571121536195278,0.0346923507750034,7.433111190795898,4.245777130126953,10809
104.90626972329608,103.81802629104736,90.33377792429972,41549.0,0.0433433540165424,0.0406030863523483,5.538228511810303,5.144620895385742,10558
104.98140210895004,100.39948809233302,109.85135768750273,41531.0,0.054111823439598,0.0385224148631095,6.970695495605469,4.76494836807251,10437
107.70451937603156,97.60616060739989,129.21161501751553,41559.0,0.0500426776707172,0.0393517613410949,6.3563079833984375,4.853133201599121,10275
112.86407614902672,95.75092351544072,148.54788319249562,41549.0,0.0526619888842105,0.0408686511218547,6.825738906860352,5.144208908081055,10164
120.10825002188238,95.04353095377404,167.92033885940552,41511.0,0.0558812171220779,0.0436935350298881,7.203856945037842,5.483332633972168,10102
129.030575204788,95.56477157694228,172.680958895758,41549.0,0.0498035214841365,0.0415786318480968,6.472276210784912,5.289863109588623,9956
139.23505710478284,97.25506492636828,153.29903306168953,41547.0,0.045726329088211,0.0385854691267013,5.7476091384887695,4.742156028747559,10108
150.36774964910853,99.92295565111766,133.95641961720676,41475.0,0.0586424730718135,0.0349954143166542,7.615212440490723,4.267764091491699,10007
162.12226471909136,103.26937544075386,114.61188867315607,41567.0,0.0521567054092884,0.0521567054092884,6.668846130371094,6.668846130371094,9912
174.23107613255166,106.91808003370976,95.14828988344492,41543.0,0.051346831023693,0.0449621714651584,6.610589504241943,5.7037272453308105,9707
173.54905646413695,110.44650747158153,75.39764966086207,41559.0,0.0553948879241943,0.0443278737366199,7.001952171325684,5.467365264892578,9434
161.45347903728077,113.42074295124964,55.19888221099762,41535.0,0.0533480644226074,0.0478769801557064,6.812070846557617,6.043138980865479,9488
149.7263641222882,115.44465177839118,34.47571558810276,41597.0,0.0519614927470684,0.0477878376841545,6.643146991729736,6.054300308227539,9752
138.63705532767148,116.22711995291569,13.30603646008896,41551.0,0.0504489429295063,0.0395258665084838,6.514275550842285,4.95585298538208,10166
112.99936679872886,108.0857761694082,8.097236737690764,41609.0,0.0529840104281902,0.0416105352342128,6.784412384033203,5.181654453277588,10675
119.89185567008384,107.38356088229166,29.4198610541076,41619.0,0.0536404624581337,0.0458413362503051,7.008427619934082,5.890374660491943,10637
128.4961537714152,105.45692907217403,50.32389663029741,41549.0,0.0481705032289028,0.0413920208811759,6.107833862304688,5.152797698974609,10445
138.42137490650015,102.56642990469776,70.68220668347516,41523.0,0.0493276305496692,0.0493276305496692,6.322010517120361,6.322010517120361,10211
149.31300654239084,99.08169889785064,90.5376185545948,41549.0,0.0486919395625591,0.0485976338386535,6.223874568939209,6.210490703582764,10058
160.86168256720856,95.4243758772165,110.04010334065528,41537.0,0.04993636906147,0.0468625761568546,6.159774303436279,5.738410949707031,9984
172.79665274030128,92.0215393055288,129.3654868917259,41543.0,0.0484049171209335,0.0440875478088855,5.998194217681885,5.401782035827637,9956
175.1275451840527,89.26773516834814,148.65090934381973,41579.0,0.0509931035339832,0.0509931035339832,6.38178825378418,6.38178825378418,9892
163.14673356041996,87.48747320352213,167.96155756659616,41505.0,0.0550285466015338,0.0539853349328041,6.842597007751465,6.699984073638916,9952
151.5032601615248,86.89580250655185,172.7060447832313,41627.0,0.049478355795145,0.0457017198204994,6.295323848724365,5.762650966644287,10067
140.46183415608624,87.56542833552818,153.38767755388352,41579.0,0.0536766648292541,0.0474141240119934,6.7465009689331055,5.879563331604004,9928
130.32354379913093,89.41411609761732,134.0991222988299,41537.0,0.0583466626703739,0.0557014495134353,7.296135902404785,6.934542179107666,9855
121.4342313781415,92.21887989217558,114.79377381427037,41567.0,0.0505328476428985,0.0505328476428985,6.232678413391113,6.232678413391113,9980
114.17952595539232,95.64968098091846,95.35043594907856,41539.0,0.049161422997713,0.049161422997713,6.332150459289551,6.332150459289551,10138
108.95559993068026,99.30887204860136,75.59785733302334,41537.0,0.0481918789446353,0.0425504520535469,6.248992443084717,5.437268733978272,10210
106.1085390694695,102.7685553084241,55.37244631250118,41575.0,0.0464395731687545,0.0437355637550354,5.866211414337158,5.485012054443359,10422
105.85352212301568,105.60884890423225,34.597700473446395,41553.0,0.0514879897236824,0.0417036488652229,6.455371856689453,5.098605632781982,10584
108.21085190943656,107.46518905019563,13.356244515246146,41519.0,0.0496772304177284,0.0496772304177284,6.389028072357178,6.389028072357178,10634
176.67231849145557,127.76849781178647,8.128598769026183,41585.0,0.0556791014969348,0.0504913218319416,7.053859710693359,6.333446025848389,11572
164.81160579074646,126.56580316668436,29.52810875546359,41587.0,0.0521709248423576,0.0486164279282093,6.5457844734191895,6.053447723388672,11530
153.25734272939516,124.15785230606409,50.490317746784086,41543.0,0.0545052886009216,0.0474632829427719,7.1831374168396,6.167088985443115,11208
142.2700002317268,120.916857764838,70.88170657665171,41571.0,0.0513252913951873,0.0365028530359268,6.696953773498535,4.56410551071167,11209
132.14338188396948,117.28734658893384,90.74456117607647,41595.0,0.0520891956984996,0.0437499694526195,6.616713523864746,5.447865962982178,10957
123.21313923554288,113.71130863299994,110.23127123888432,41577.0,0.055044762790203,0.0422300994396209,6.888381481170654,5.12486457824707,10890
115.85324665589478,110.58599838651196,129.52102027179436,41525.0,0.0589531175792217,0.0495607741177082,7.543532848358154,6.233338356018066,10778
110.4504310280951,108.24008188382616,148.75489181857787,41539.0,0.0500645376741886,0.0466830804944038,6.386289119720459,5.909051895141602,10558
107.34932734690491,106.914564245011,168.00312376795753,41535.0,0.0548154115676879,0.038392636924982,7.075649261474609,4.75115442276001,10411
106.7767098669303,106.74489289923802,172.7313397632816,41533.0,0.0541186220943927,0.0497390069067478,6.72352933883667,6.124382019042969,10142
108.7770773590251,107.74840729697168,153.47712047392446,41531.0,0.0493768788874149,0.0446256175637245,6.254244804382324,5.586755752563477,10021
113.19862821471516,109.82257578932496,134.24330505468097,41557.0,0.0527327321469783,0.0419917292892932,6.66978645324707,5.172042846679688,9998
119.73922945061658,112.75489459713232,114.97789514401305,41543.0,0.0556869283318519,0.054188460111618,7.118520736694336,6.908728122711182,10077
128.022312648753,116.23987135945409,95.55553544992937,41559.0,0.0574996508657932,0.0379375554621219,7.433111190795898,4.67192268371582,10368
137.66343346031402,119.89783204739489,75.80149363121116,41599.0,0.0488375127315521,0.0375817753374576,6.159066200256348,4.583010673522949,10633
148.30848498454066,123.2964166563352,55.549409561556445,41565.0,0.0503999181091785,0.0487236715853214,6.236730098724365,6.006864070892334,10920
159.64568482818882,125.98575030964376,34.72232521598815,41629.0,0.0491762645542621,0.0430239140987396,6.257832050323486,5.389032363891602,11191
171.40130277961237,127.56333500283692,13.40760205717902,41569.0,0.0522771514952182,0.0522771514952182,6.703707695007324,6.703707695007324,11499
111.96791012662936,110.2446051926788,8.160725080051463,41571.0,0.056246668100357,0.0380835346877574,7.08202075958252,4.575310230255127,10109
108.626669546417,108.62617798959282,29.63888255917695,41537.0,0.0542168207466602,0.0424890108406543,7.03624439239502,5.366167068481445,10288
107.7492009758668,105.95483498591308,50.66029803800964,41515.0,0.0527103245258331,0.050815787166357,6.693387031555176,6.428184986114502,10502
109.40198855107867,102.58332983517606,71.08498366553968,41553.0,0.0535009279847145,0.0468139946460723,6.814598560333252,5.878307342529297,10331
113.46139229149804,98.92892182950428,90.9548888083435,41569.0,0.0539061613380909,0.0392466634511947,6.948922634124756,4.873219966888428,10015
119.6505976670925,95.42170276975015,110.4251038928284,41527.0,0.0561637133359909,0.0395648553967475,7.1869330406188965,4.861179351806641,9978
127.6097904364912,92.4651941047036,129.67840204508272,41563.0,0.0521560832858085,0.0420434102416038,6.572183609008789,5.163601875305176,9922
136.9622763058414,90.4009977827996,148.85995146709527,41577.0,0.0486646890640258,0.0373283326625824,6.292649745941162,4.667912006378174,10045
147.3553642577058,89.47217177849451,168.04508501634623,41569.0,0.0456320457160472,0.0364376530051231,5.837871551513672,4.523365020751953,9979
158.47547157772038,89.79001613841307,172.75687272696436,41505.0,0.0544532723724842,0.0415453426539897,6.951284885406494,5.141492366790772,9927
170.0461799771022,91.31628650728864,153.5674652205252,41577.0,0.0562844239175319,0.0453959181904792,7.229001998901367,5.698879241943359,9962
178.18229939180992,93.86950571968556,134.38913940614148,41597.0,0.0499323271214962,0.044872548431158,6.3280229568481445,5.617512702941895,9909
166.4470969334323,97.15214373030248,115.16448267879896,41565.0,0.0471360571682453,0.0471360571682453,6.094889163970947,6.094889163970947,9878
154.98766630627458,100.78678481183758,95.76386327789646,41563.0,0.0514500364661216,0.0514500364661216,6.605242729187012,6.605242729187012,9929
144.0606078595168,104.35200263884865,76.00885644937738,41573.0,0.0529195815324783,0.0433767773211002,6.830214977264404,5.474918365478516,9887
133.95293866743347,107.41864706573492,55.73005627934748,41561.0,0.0510042086243629,0.0469866916537284,6.419678688049316,5.86029052734375,9766
124.99068915071082,109.59474357015834,34.84980730054593,41549.0,0.0518028028309345,0.0516846403479576,6.574733734130859,6.558184623718262,9739
117.5366178304848,110.58374227726394,13.460203463424534,41565.0,0.0512763783335685,0.0497371554374694,6.3545403480529785,6.143184661865234,10007
136.31892280135787,119.56825733977652,8.193678690676705,41523.0,0.0521634332835674,0.0419166572391986,6.633484840393066,5.196957588195801,10856
146.4548261457277,119.12941820331068,29.75239073791076,41583.0,0.0493178106844425,0.0453808419406414,6.462685108184815,5.891988754272461,10510
157.35226377477184,117.38615486972856,50.83413290209731,41549.0,0.0491599813103675,0.0366086326539516,6.511072158813477,4.674216747283936,10296
168.7324694054448,114.60097470091168,71.29235911043426,41589.0,0.0528203509747982,0.0514034293591976,6.8781609535217285,6.6754655838012695,10193
179.65637556963657,111.16079606096852,91.16890420048232,41565.0,0.0529925674200058,0.0419943928718566,6.786179542541504,5.237173080444336,10279
168.05217418225837,107.50129088337798,110.62185931800522,41577.0,0.0505365282297134,0.0499397031962871,6.411550521850586,6.327770233154297,10192
156.6932575075746,104.0510671704278,129.83783004264055,41559.0,0.0528846755623817,0.0423428304493427,6.807902812957764,5.314702033996582,10066
145.83269488311893,101.19525065868837,148.966215691416,41547.0,0.0530292019248008,0.0366662666201591,6.660525321960449,4.395238399505615,9932
135.75118439236348,99.24709268935452,168.08749131965115,41511.0,0.0544552206993103,0.0544552206993103,6.793542385101318,6.793542385101318,9886
126.765679582129,98.4207209281072,172.7826740483397,41539.0,0.0528124868869781,0.0445244312286376,6.617666244506836,5.472226142883301,9798
119.22816686088449,98.80759987907544,153.65882071282354,41611.0,0.0537886321544647,0.0479742102324962,6.763645648956299,5.958721160888672,9758
113.50626928897282,100.36484549654388,134.5368067143714,41559.0,0.0532023683190345,0.0416462831199169,6.643644332885742,5.052542686462402,9899
109.9386392977607,102.9208375640748,115.353780824156,41547.0,0.0598617456853389,0.0448270067572593,7.418017864227295,5.38469934463501,10159
108.76922106297056,106.19541814825114,95.97571309536008,41531.0,0.057877454906702,0.0546412914991378,7.276658535003662,6.831570625305176,10386
110.08431551737044,109.82653207105616,76.22026574042361,41563.0,0.0463741011917591,0.0461019910871982,5.877526760101318,5.839023113250732,10773
113.7871010932702,113.39789992786012,55.91469337223288,41561.0,0.0597221404314041,0.0510840862989425,7.756109237670898,6.535683155059815,11069
119.62610330549327,116.47119456091237,34.98038245299736,41575.0,0.0510928332805633,0.0430212318897247,6.534717082977295,5.394170761108398,11237
127.25926970211516,118.63371303000952,13.51415128315773,41565.0,0.0501284822821617,0.0379731059074401,6.543092250823975,4.790125370025635,11228
147.5852802222604,126.4131874497752,8.227528321330055,41541.0,0.0669459626078605,0.0387086272239685,8.763922691345215,4.779862880706787,10995
137.53708721968547,124.60528568237262,29.868859949060607,41535.0,0.055721741169691,0.045743316411972,7.263027667999268,5.840312480926514,11199
128.53692936756718,121.75493688413776,51.01214260707357,41573.0,0.0530880726873874,0.0415672361850738,6.737560272216797,5.127947807312012,11155
120.92646503225096,118.27657294516663,71.50417945975039,41553.0,0.0516143515706062,0.0414861738681793,6.547583103179932,5.128337860107422,11198
115.06379701459164,114.61898080627266,91.38693235219242,41525.0,0.0542834028601646,0.0490491315722465,7.065062522888184,6.31805419921875,11045
111.28335261101796,111.20717503922032,110.8218130599508,41561.0,0.0525235123932361,0.0393183566629886,6.861241340637207,4.964157104492188,10745
109.8349944576468,108.41037048770978,129.9995145207475,41587.0,0.0514789037406444,0.0442166291177272,6.569401264190674,5.54615592956543,10474
110.82273499440572,106.52053948241876,149.07381936847852,41553.0,0.0584541223943233,0.0402216762304306,7.221002578735352,4.755232334136963,10406
114.1751125348008,105.73276203098568,168.1303954967851,41527.0,0.0577645190060138,0.0435773432254791,7.399716377258301,5.414934158325195,10401
119.6658068484674,106.12831118175674,172.80877580027465,41559.0,0.0498093105852603,0.0373545102775096,6.488175392150879,4.695418834686279,10233
126.97137482389722,107.66636835543896,153.75130217506447,41603.0,0.0499179065227508,0.0469700768589973,6.1935343742370605,5.787596225738525,9942
135.73436531377183,110.188284812247,134.68649952574822,41547.0,0.0518276132643222,0.0379602834582328,6.626043319702148,4.670250415802002,9790
145.60805286380364,113.43230795440684,115.54605026876666,41597.0,0.0522581972181797,0.0404248125851154,6.73865270614624,5.057051658630371,9541
156.2773023724903,117.05280728072276,96.19139974294484,41607.0,0.0485564395785331,0.0441910997033119,6.210928916931152,5.591579437255859,9384
167.46138767954216,120.64066382434744,76.43606631998746,41555.0,0.0498823970556259,0.0479976572096347,6.378958225250244,6.11189603805542,9515
178.9066016146317,123.750170968666,56.10365321914029,41563.0,0.0554614923894405,0.0436178855597972,7.264965534210205,5.569506168365479,9867
169.6257691639833,125.94684469178804,35.11430700487688,41587.0,0.050264336168766,0.0464040227234363,6.602191925048828,6.042935371398926,10263
158.3731131004865,126.88727583308466,13.569557309113437,41523.0,0.052549198269844,0.0396639928221702,6.804688930511475,4.968965530395508,10723
111.61588005402852,110.92390817707772,8.262349157629075,41529.0,0.0489340797066688,0.0388179644942283,6.387012481689453,4.924733638763428,10391
114.62470688862116,109.86277438099,29.988537673692207,41555.0,0.0587618350982666,0.0448691584169864,7.551009178161621,5.604793071746826,10336
119.76968803795404,107.62644555940663,51.19467553494073,41573.0,0.0490759350359439,0.0422515943646431,6.078113079071045,5.137716293334961,10203
126.7466704889521,104.51948965665746,71.72081992067095,41569.0,0.0497224628925323,0.0397173650562763,6.391468048095703,4.967758655548096,9989
135.2095667261633,100.93826185146642,91.6093233794164,41585.0,0.0529952272772789,0.0453847721219062,6.9137372970581055,5.822853088378906,9892
144.8162251036252,97.31289110629451,111.02526048546756,41567.0,0.0495211966335773,0.0393216684460639,6.195489406585693,4.779515743255615,9845
155.2518474763498,94.06299340389776,130.1636798298912,41519.0,0.0489267483353614,0.047553963959217,6.209112167358398,6.015640735626221,9944
166.23418320547302,91.56174721680698,149.18290588628278,41583.0,0.052339669317007,0.052339669317007,6.526969909667969,6.526969909667969,10151
177.5078182074528,90.10024649924654,168.17385357633336,41573.0,0.0514230839908123,0.0470981113612651,6.59922981262207,5.986599922180176,10199
171.1667762865637,89.85192198313587,172.8352119960395,41529.0,0.0581149943172931,0.0432908348739147,7.391197681427002,5.332828998565674,10149
160.02619793607917,90.846563310217,153.84503201669054,41543.0,0.0505907721817493,0.0424003303050994,6.268285751342773,5.143535137176514,10093
149.31736137460044,92.96543660693948,134.83842308603005,41577.0,0.0478107519447803,0.0425530895590782,6.053232192993164,5.312445640563965,9925
139.30961014872236,95.95999422186686,115.7415701250396,41569.0,0.0505687519907951,0.0437373667955398,6.299994468688965,5.356898784637451,9963
130.30327401423312,99.4851628989561,96.41126197313874,41547.0,0.0638035535812377,0.0404063202440738,8.185681343078613,4.935329914093018,9887
122.63012385020426,103.13554931731716,76.65663106493703,41551.0,0.0576538145542144,0.0460262186825275,7.371381759643555,5.747214317321777,10077
116.63883659234916,106.48056834706884,56.297296981524426,41563.0,0.0495617501437664,0.0438047833740711,6.33273983001709,5.517988204956055,10276
112.65897091644534,109.10431650229854,35.25186061604788,41505.0,0.0482223257422447,0.0457181446254253,6.118278980255127,5.764983177185059,10352
110.94475234067131,110.6582866010962,13.626543815424355,41591.0,0.0523700825870037,0.0523700825870037,6.904255390167236,6.904255390167236,10371
165.05213651137626,131.13876792690118,8.298223737617576,41587.0,0.0517180524766445,0.0431458763778209,6.420607566833496,5.243485450744629,11363
176.1484988476946,130.37268963752712,30.11169503961483,41549.0,0.0479954965412616,0.0453514531254768,6.055331707000732,5.684150218963623,10859
172.67405097039884,128.29792610696362,51.38211192093812,41521.0,0.0526558831334114,0.0458008609712123,6.735601425170898,5.770079612731934,10489
161.65144277617995,125.25695446630137,71.94268811106187,41531.0,0.0546016842126846,0.0404735542833805,7.012373924255371,5.022590160369873,10376
151.02791186059457,121.6928028978033,91.83645578645324,41563.0,0.0561303086578846,0.0427608452737331,7.162311553955078,5.294159889221191,10445
141.06770796255586,118.05828161787662,111.2325193876737,41581.0,0.0497894510626792,0.042872242629528,6.357724189758301,5.3806257247924805,10613
132.063562089035,114.76463006078988,130.33056630492595,41527.0,0.051866628229618,0.051866628229618,6.6566033363342285,6.6566033363342285,10683
124.33779141366328,112.1566533286932,149.2936283135792,41567.0,0.0474452972412109,0.0474452972412109,6.202651977539063,6.202651977539063,10575
118.2297842225745,110.49655823690811,168.21792524567078,41579.0,0.0542844645678997,0.0406786873936653,6.995566368103027,5.07091760635376,10265
114.06370348263016,109.94875699032298,172.86201886142618,41553.0,0.0561311244964599,0.0442393273115158,7.157026767730713,5.496737957000732,10086
112.096740271202,110.56732231442145,153.94014082521477,41531.0,0.0499660745263099,0.0436048246920108,6.211508750915527,5.334201335906982,10099
112.46234977245132,112.29119273978968,134.9927970536846,41613.0,0.052994143217802,0.0447465777397155,6.755008220672607,5.597174167633057,10238
115.1350940529714,114.94956110273596,115.94064036041566,41543.0,0.0552343390882015,0.0468072481453418,7.0947771072387695,5.907761573791504,10369
119.93764861376276,118.2747270240692,96.63566556828069,41583.0,0.0524485372006893,0.0524485372006893,6.87058162689209,6.87058162689209,10617
126.58566093077783,121.9173304404614,76.88236457824264,41531.0,0.0549373142421245,0.0433351211249828,6.946454048156738,5.334681034088135,10938
134.74545834886774,125.46270790952714,56.49601841414984,41525.0,0.0525185242295265,0.0448200367391109,6.626148223876953,5.554068088531494,11156
144.08052025758846,128.45679674183563,35.393349423313595,41557.0,0.0505908876657485,0.0423079878091812,6.433477401733398,5.2681565284729,11301
154.27717759173063,130.4597304106411,13.685244993355385,41535.0,0.0511716529726982,0.0510050766170024,6.251163005828857,6.228596687316895,11486
126.04814885645152,120.26337430771645,8.335242985904273,41533.0,0.0528274625539779,0.0501983501017093,6.820370197296143,6.4467644691467285,10261
119.83508697114463,118.38164945839551,30.23863010376357,41549.0,0.0600022114813327,0.0600022114813327,7.690527439117432,7.690527439117432,10476
115.49580929589936,115.49539659469832,51.57486818262515,41545.0,0.0465422123670578,0.0444216467440128,5.820778846740723,5.524218559265137,10652
113.28922512013492,112.004539243175,72.17022838253914,41579.0,0.0482493266463279,0.0429983213543891,6.188007831573486,5.439902305603027,10502
113.3607188614156,108.34826752744912,92.06874021929426,41521.0,0.0526361763477325,0.0386532954871654,6.696900367736816,4.736141681671143,10334
115.70542151341772,104.95132111854876,111.44393296217687,41509.0,0.0553123913705349,0.0444808788597583,7.176774978637695,5.6372785568237305,10184
120.16951604774228,102.189672339843,130.500432416866,41533.0,0.0519514456391334,0.0382788404822349,6.745198726654053,4.78957462310791,10178
126.488789990221,100.3635787944439,149.40615072763782,41547.0,0.0502096638083457,0.044833917170763,6.479823589324951,5.713565349578857,10186
134.34293832759346,99.67178099559692,168.26267435987697,41571.0,0.0509611181914806,0.0392420664429664,6.488118171691895,4.838420867919922,10076
143.4021108959203,100.18998659403624,172.8892351430348,41541.0,0.063862957060337,0.0385078229010105,8.27918815612793,4.719167232513428,9989
153.35458901254785,101.861456460719,154.03676849264963,41589.0,0.0536190271377563,0.0517109706997871,6.889152526855469,6.61970853805542,10031
163.91656069703896,104.50412824981127,135.14985744884982,41533.0,0.0502715110778808,0.0439209975302219,6.504894256591797,5.596630573272705,10040
174.82990808389127,107.8308722603999,116.14358457249932,41583.0,0.0462933331727981,0.0447873584926128,5.768221855163574,5.558195114135742,10049
174.14640773712125,111.47505852580116,96.86500691342157,41551.0,0.0618944391608238,0.0513344034552574,8.040553092956543,6.5524725914001465,9884
163.24774199100338,115.01718290381038,77.11370740693066,41557.0,0.049777116626501,0.049777116626501,6.430521965026856,6.430521965026856,9551
152.71587858760762,118.017402872625,56.70024827183251,41525.0,0.0482185371220111,0.043377686291933,5.981980800628662,5.313310623168945,9392
142.810324175438,120.06581448711268,35.53910969787398,41545.0,0.0555731728672981,0.0435177944600582,7.245288848876953,5.52547550201416,9524
133.8166516937159,120.85615334227852,13.745808624139698,41551.0,0.0505449585616588,0.0426625497639179,6.403753757476807,5.299291610717773,9876
126.45644208338736,119.20803737115182,8.373507424724579,41567.0,0.055784486234188,0.0424830541014671,7.539708137512207,5.5785675048828125,10722
134.0028706499176,118.6693114921482,30.36967168634783,41571.0,0.0467413291335105,0.0434320792555809,5.951719284057617,5.482349395751953,10584
142.78216358197062,116.84096857761068,51.77340195459837,41519.0,0.056803535670042,0.0462149381637573,7.395055770874023,5.89044189453125,10510
152.48539541353762,113.99608032229908,72.40392682413503,41535.0,0.0499579086899757,0.0429185293614864,6.543172359466553,5.524154186248779,10307
162.8288020481203,110.52632029786902,92.30662379080812,41581.0,0.0627579763531684,0.0562045685946941,8.298280715942383,7.3605570793151855,10088
173.55335185957836,106.86783090557876,111.65987322365324,41599.0,0.0530916787683963,0.0486061684787273,6.713179588317871,6.089046001434326,9886
175.58261812467651,103.4472459508524,130.67355723508334,41569.0,0.0473439395427703,0.039237692952156,6.035069465637207,4.883907318115234,9906
164.81395109911546,100.64608776660666,149.5206497296467,41559.0,0.0519745089113712,0.0441779009997844,6.554284572601318,5.46923303604126,9799
154.38017910661137,98.77225145927224,168.30816952166683,41553.0,0.0556408166885376,0.0388854853808879,7.090334415435791,4.749509334564209,9778
144.5363879576982,98.0324405084108,172.91690245951563,41563.0,0.0541397370398044,0.0438281074166297,6.849413871765137,5.41441535949707,9873
135.561407008326,98.50885457038224,154.13506550048254,41585.0,0.0480960123240947,0.0477500632405281,5.9686455726623535,5.920804023742676,9997
127.7599068670862,100.14851058532624,135.30985888186993,41551.0,0.0547959767282009,0.0494296289980411,6.6680989265441895,5.947722434997559,9888
121.4532406124724,102.77022578332934,116.35075317214216,41563.0,0.0497341901063919,0.040551621466875,6.035149574279785,4.794370174407959,10083
116.95359848583526,106.0859020562498,97.09971710947018,41549.0,0.0583283305168151,0.0583283305168151,7.478344440460205,7.478344440460205,10304
114.5205014421304,109.72773356809142,77.35114091856684,41547.0,0.0526708737015724,0.0479513220489025,6.681305408477783,6.021360397338867,10367
114.30954720412385,113.27632095091892,56.91045942841508,41607.0,0.0503638982772827,0.0417126156389713,6.458620548248291,5.230677604675293,10608
116.33478293350272,116.29378350736609,35.68951211348502,41555.0,0.0509082563221454,0.039756067097187,6.56484317779541,4.975666046142578,10761
120.46504828693102,118.37293625666358,13.808398037264707,41571.0,0.0486172400414943,0.0428713485598564,6.405572414398193,5.567975997924805,10810
166.34888411582284,135.58207092211296,8.413128599189747,41585.0,0.0520538575947284,0.04726392775774,6.848310947418213,6.155599594116211,11243
156.01969873101896,134.0345046590356,30.50518387116199,41559.0,0.0502076409757137,0.0438498668372631,6.494996547698975,5.585970401763916,11377
146.24481101148174,131.33746626210078,51.97821797139133,41545.0,0.0509434267878532,0.03756820037961,6.527734279632568,4.635364532470703,11263
137.29669488515992,127.9251010232345,72.64431708057609,41543.0,0.054872203618288,0.0461236760020256,7.169918060302734,5.917966365814209,11170
129.47180229335584,124.26610323732253,92.55059508827593,41507.0,0.0571489073336124,0.0423031784594059,7.304699897766113,5.229273319244385,11120
123.08278741353077,120.7927984561017,111.88074494704668,41555.0,0.0624333545565605,0.0441073067486286,7.876252174377441,5.365211486816406,10932
118.43543338300908,117.87133156153143,130.85024325905422,41563.0,0.0521214939653873,0.0505872890353202,6.57857608795166,6.364798545837402,10737
115.78889733517012,115.7888701922044,149.637316183521,41555.0,0.0505388602614402,0.0424147732555866,6.477132320404053,5.326010704040527,10561
115.3073892594304,114.74323681413176,168.3544847459012,41517.0,0.0542560368776321,0.0484174080193042,6.9608893394470215,6.13805627822876,10399
117.02222731647636,114.83251331025195,172.94506570397454,41555.0,0.0455870442092418,0.0357033386826515,5.739774703979492,4.346447467803955,10177
120.82393951533012,116.04834700349735,154.2351943934451,41579.0,0.050853356719017,0.0479638986289501,6.331132888793945,5.932819843292236,9932
126.48894416020136,118.2765667655932,135.47307711467136,41571.0,0.0511300526559352,0.0511300526559352,6.525022983551025,6.525022983551025,9787
133.72608485998518,121.30475459104412,116.56252705237274,41551.0,0.051117330789566,0.0344894006848335,6.70548677444458,4.301882266998291,9669
142.22183812371495,124.83280510808784,97.340266730679,41577.0,0.0509903132915496,0.0458607263863086,6.634795188903809,5.8987298011779785,9800
151.67092772164986,128.48325975749904,77.59519296524283,41571.0,0.0524334535002708,0.0461430065333843,6.8501458168029785,5.946298599243164,10114
161.79024087197502,131.81543686496693,57.12717285090153,41519.0,0.0499130636453628,0.0404228456318378,6.515971183776856,5.1460490226745605,10438
172.32017921203308,134.36002200214952,35.84496675119527,41541.0,0.0576560162007808,0.0576560162007808,7.471750259399414,7.471750259399414,10814
176.98140839026286,135.69799669414982,13.873194414183727,41545.0,0.0504677481949329,0.0441957600414752,6.551636695861816,5.651726722717285,11178
117.09277985199972,116.95264071892078,8.454230763271454,41519.0,0.048915896564722,0.0454353541135787,6.076025485992432,5.594917297363281,10037
116.35280332030324,115.48270157513076,30.645571314482595,41543.0,0.0566446669399738,0.0390646792948246,7.308435916900635,4.828477382659912,10089
117.7667686912599,112.90584423749348,52.18987497507348,41545.0,0.0483083724975585,0.0445033237338066,6.129086971282959,5.59278678894043,10119
121.24582694347396,109.58102519592676,72.89198715022619,41595.0,0.0489102005958557,0.040197230875492,6.2105326652526855,4.9835124015808105,10055
126.58656873878728,105.93378030651638,92.80118999879394,41591.0,0.0523480512201786,0.043462861329317,6.837881088256836,5.560926914215088,9844
133.5133766007477,102.39726182283604,112.10699023635,41571.0,0.0472847931087017,0.0409892126917839,6.002148151397705,5.112030982971191,9884
141.7222873740302,99.37202459945436,131.03081969181196,41535.0,0.0523122958838939,0.0402675233781337,6.734779357910156,5.028261661529541,10131
150.91253435706662,97.1949707291,149.75635722170492,41551.0,0.0495775490999221,0.0375562608242034,6.519763946533203,4.772261142730713,10182
160.80229262535926,96.10951921508084,168.40170022519064,41561.0,0.0436086617410182,0.0388160049915313,5.665847301483154,4.968029022216797,10258
171.13178424079808,96.23826053642487,172.97377350753115,41545.0,0.0510774664580822,0.037525650113821,6.605046272277832,4.670048713684082,10111
178.34145695378584,97.56659632769372,154.3373314789122,41561.0,0.0480676814913749,0.0471785813570022,6.129809379577637,6.00368070602417,9953
167.8513106691685,99.94479049620796,135.63981201993602,41583.0,0.050490602850914,0.0485619083046913,6.417484283447266,6.146500587463379,9887
157.63328748235978,103.10742308518977,116.77932183835682,41607.0,0.0530392602086067,0.0530392602086067,6.996864318847656,6.996864318847656,9867
147.93448436785164,106.7018153149328,97.5871713539754,41511.0,0.0512893870472908,0.0397672466933727,6.551327705383301,4.927773952484131,9949
139.02138147380904,110.31788551974222,77.84644449372553,41559.0,0.0524596571922302,0.0368118472397327,6.799771308898926,4.565854549407959,9983
131.18259483615176,113.52022892323384,57.3509646054888,41565.0,0.0479554831981658,0.04008774086833,6.119419097900391,5.0030622482299805,9984
124.72231390734824,115.89166427774248,36.00592899718458,41579.0,0.0529999732971191,0.0440679937601089,6.816335201263428,5.552910327911377,9991
119.93972929616623,117.09632375513785,13.940399512342536,41567.0,0.0554839223623275,0.0416047573089599,7.211838245391846,5.238387107849121,10038
150.21158195218345,131.70309482257414,8.496952885065468,41589.0,0.0577362738549709,0.0577362738549709,7.436565399169922,7.436565399169922,11018
159.86640942044838,131.25528670131604,30.7912855410448,41563.0,0.0533980019390583,0.0443625785410404,6.802984714508057,5.536949157714844,10559
169.9896084159969,129.4441147719054,52.40899386751042,41531.0,0.0504194982349872,0.0504194982349872,6.403340816497803,6.403340816497803,10260
179.66139152337365,126.577288199341,73.1475873672303,41553.0,0.0472522005438804,0.0392603389918804,6.001536846160889,4.870942115783691,10192
169.31995283404194,123.08711637179658,93.0589985197503,41547.0,0.0547309406101703,0.0465262308716774,7.141794681549072,5.968956470489502,10361
159.2197568213094,119.4310708200184,112.33909384761913,41517.0,0.055862471461296,0.0463735610246658,6.851063251495361,5.573396682739258,10420
149.6042750721203,116.0319501263081,131.21564624367645,41559.0,0.0467962957918643,0.0450153946876525,5.846378803253174,5.597858428955078,10299
140.7343288562686,113.24943259793268,149.8779985713941,41601.0,0.0541801713407039,0.0428568199276924,6.866195201873779,5.288774490356445,10102
132.89106383552337,111.3637227705678,168.44990321681772,41553.0,0.0564040876924991,0.0516624934971332,7.093554496765137,6.439781665802002,9876
126.3704487019514,110.5608554230017,173.00307877626622,41581.0,0.0590570718050003,0.0452735796570777,7.462375164031982,5.560635089874268,9875
121.46495509763884,110.9195995031843,154.44166879707328,41567.0,0.0482350811362266,0.0428574569523334,6.211921691894531,5.44291877746582,9940
118.43056004272412,112.40477600162802,135.81039101777267,41565.0,0.0515210963785648,0.0423056744039058,6.562387943267822,5.26648473739624,10040
117.44436063669882,114.8703352617248,117.0015928353965,41567.0,0.054225318133831,0.0521721206605434,6.807185173034668,6.5236592292785645,10200
118.56739629153148,118.07059866434466,97.84099801731988,41551.0,0.0493317767977714,0.0460813641548156,6.190838813781738,5.737760066986084,10456
121.73029863863016,121.67474666321894,78.10553729814725,41553.0,0.0475926175713539,0.0392470024526119,6.03480863571167,4.856477737426758,10805
126.74953810446505,125.28194776847825,57.58247411541507,41581.0,0.0521111227571964,0.0412014722824096,6.749020576477051,5.193726062774658,11164
133.36550911420693,128.4431619527335,36.17290652961569,41569.0,0.0549804642796516,0.043576743453741,7.091563701629639,5.478776454925537,11212
141.28465770904253,130.70658451333708,14.010238903650162,41521.0,0.0542027726769447,0.0445452742278575,6.841578483581543,5.502126693725586,11205
142.4343916689912,131.50025863514674,8.541451045491414,41547.0,0.048995841294527,0.0407384447753429,6.312421798706055,5.133469581604004,10648
134.59600515105552,129.49460941798145,30.942832452357123,41593.0,0.057253424078226,0.0401430837810039,7.486363887786865,5.045085906982422,10933
128.02586036969717,126.49593878918677,52.6362673832233,41569.0,0.0494180470705032,0.0388591215014457,6.321971893310547,4.826147556304932,10873
123.00963370829616,122.94803144069375,73.41183982295266,41523.0,0.0549640692770481,0.0456259399652481,7.22575569152832,5.881724834442139,10849
119.80069772276508,119.3064329168702,93.32467276198663,41563.0,0.0613587535917758,0.0527382120490074,7.84446907043457,6.647626876831055,10702
118.58065443888457,115.98486481705062,112.57758942299684,41553.0,0.0508900806307792,0.0431357026100158,6.515834808349609,5.419216632843018,10488
119.42308521748672,113.33031047630396,131.40511757567847,41533.0,0.0487194620072841,0.0407499931752681,6.078317165374756,4.973016738891602,10287
122.27690241719804,111.60781527159452,150.0024872670909,41557.0,0.0550319515168666,0.0406907051801681,6.823885440826416,4.8683366775512695,10226
126.97802976898384,110.98628908805972,168.49918907591385,41573.0,0.0502247884869575,0.0450079068541526,6.215604782104492,5.499814033508301,10196
133.28321584370138,111.5263964587886,173.0330393166396,41567.0,0.049842245876789,0.0394001044332981,6.354339599609375,4.879980564117432,10165
140.9100903334684,113.1754251142652,154.54841641755843,41549.0,0.055382877588272,0.0421634688973426,6.821844100952148,5.030914783477783,10029
149.56945667813386,115.7717702923396,135.98517308830887,41541.0,0.0511251389980316,0.0415459349751472,6.269091606140137,4.966752529144287,10021
158.98408201526186,119.05671567064134,117.22984081972858,41567.0,0.0572358816862106,0.0393643453717231,7.237429141998291,4.764853477478027,9707
168.8951433133227,122.68860189004972,98.10237280208943,41525.0,0.0460508950054645,0.0383967794477939,6.056248188018799,4.935014247894287,9345
179.06021416938353,126.25780916869144,78.37318315985446,41567.0,0.0511685758829116,0.0425244569778442,6.5011515617370605,5.287411689758301,9211
170.75348162399777,129.31044578310429,57.82241394609218,41543.0,0.0519827306270599,0.0388195775449276,6.492213249206543,4.676370620727539,9417
160.7778761147241,131.39923822157257,36.34646764140143,41561.0,0.0495448112487793,0.0428989492356777,6.420490264892578,5.46693754196167,9848
151.25302271953342,132.17588473379658,14.082965846566026,41589.0,0.0476676002144813,0.0433197617530822,6.198482036590576,5.570571899414063,10269
122.8851558357549,120.85127811141356,8.587901325081589,41507.0,0.056726835668087,0.0439995862543582,7.358196258544922,5.55512809753418,10476
127.27218329697396,120.00703255973822,31.10078133373753,41535.0,0.0486513786017894,0.0455881170928478,6.248632907867432,5.812195301055908,10518
133.2672042993694,117.91389454185564,52.87247163145548,41571.0,0.0596584603190422,0.050483614206314,7.761952400207519,6.46322774887085,10352
140.59972358530052,114.8838413272815,73.68554954703666,41543.0,0.0465033948421478,0.0464759767055511,5.861474990844727,5.8576178550720215,10029
148.98756633399793,111.32924394868073,93.59893640514984,41543.0,0.0533612594008445,0.0441576912999153,6.993587493896484,5.670706748962402,9905
158.1568424186722,107.68993941214192,112.82306683110208,41593.0,0.0469267219305038,0.038223847746849,5.981563568115234,4.745733261108398,9713
167.84993388353436,104.38387434211228,131.59966851874694,41557.0,0.04937544465065,0.0397782586514949,6.191404819488525,4.85468053817749,9740
177.82484411420157,101.77501142003814,150.13009483136065,41545.0,0.0603700131177902,0.0603700131177902,7.737745761871338,7.737745761871338,9834
172.15051306662698,100.1467722944948,168.54966246584112,41593.0,0.0531154684722423,0.0482870936393737,6.783137798309326,6.104695796966553,10058
162.30636877934828,99.6765520017432,173.0637185681017,41487.0,0.0559680685400962,0.0559680685400962,7.157035827636719,7.157035827636719,10142
152.87953579734207,100.41584152184878,154.65780513166362,41551.0,0.0516480803489685,0.0440334752202034,6.369112968444824,5.33159065246582,10135
144.12041368627905,102.28374915856404,136.1645534825541,41533.0,0.0540519952774047,0.0540519952774047,6.800050735473633,6.800050735473633,10102
136.29622813845685,105.07702752090808,117.46461885239948,41535.0,0.0508980266749858,0.0413370057940483,6.349449634552002,5.029574394226074,10128
129.6872554625812,108.49190408888808,98.3719897830092,41569.0,0.0544472970068454,0.0418693795800209,6.988779067993164,5.218254089355469,10070
124.57234257751678,112.1499337802078,78.65017468119443,41547.0,0.0572292432188987,0.0448362566530704,7.292893886566162,5.566283702850342,10136
121.2017060761804,115.62505694766504,58.07158146498247,41563.0,0.0569672547280788,0.0509284846484661,7.380682945251465,6.525804996490479,10328
119.76030892531335,118.4784547522116,36.52725121233502,41581.0,0.0525655597448349,0.0470332950353622,6.6263108253479,5.857141494750977,10437
120.33280759586336,120.31323358769863,14.15886594381962,41579.0,0.0519956089556217,0.0458395816385746,6.661195755004883,5.791451454162598,10509
176.63404435858104,141.64920629055567,8.636503300656415,41543.0,0.0533265322446823,0.0480459071695804,6.648774147033691,5.922994613647461,11333
173.50960377086406,140.5808840212461,31.265775727034907,41575.0,0.0559771247208118,0.0427048504352569,7.096202373504639,5.250322818756104,11139
163.8039080301125,138.2067636240201,53.11847995117134,41537.0,0.0547582618892192,0.0547582618892192,7.2270731925964355,7.2270731925964355,10903
154.4825877814435,134.9571691407571,73.96961785322537,41571.0,0.0512820594012737,0.0418338328599929,6.614269733428955,5.2702741622924805,10715
145.79122433626424,131.3222128207207,93.88259593189488,41547.0,0.0495909824967384,0.043010801076889,6.435967922210693,5.490825653076172,10582
137.99055272470855,127.75468894573189,113.07618085892248,41571.0,0.0506615303456783,0.0446334555745124,6.471539974212647,5.62049674987793,10640
131.35337670171543,124.63428191667371,131.79978023906247,41563.0,0.0606606341898441,0.0414339415729045,7.768981456756592,5.090426921844482,10690
126.15171426020474,122.25957814237364,150.26112102619,41569.0,0.0537515096366405,0.0492924638092517,6.991857051849365,6.355035781860352,10541
122.63215622198004,120.844649845123,168.60143878447198,41551.0,0.0473769716918468,0.0427454262971878,6.005494117736816,5.351109981536865,10277
120.9819883101614,120.5136044122678,173.09518646629851,41545.0,0.0563164539635181,0.0563164539635181,7.362529754638672,7.362529754638672,9963
121.29554428596808,121.29521773956236,154.77008962664416,41623.0,0.0506120771169662,0.0483551360666751,6.412777423858643,6.096642971038818,9845
123.5545573395704,123.12140441082263,136.34896928470283,41601.0,0.057194285094738,0.0450791828334331,7.21359395980835,5.541509628295898,9927
127.6321086241598,125.83065669803192,117.70654034230115,41569.0,0.0537546537816524,0.0450220368802547,6.81402063369751,5.596225261688232,10009
133.31816137009247,129.17393349528422,98.6506216518955,41567.0,0.053611971437931,0.0484457835555076,6.889093399047852,6.159675598144531,10247
140.35469644078728,132.81923321987176,78.93739820072831,41589.0,0.0486493483185768,0.0438404828310012,6.157824516296387,5.481686115264893,10534
148.4673433850171,136.35528125571412,58.330872817747405,41601.0,0.0502501018345356,0.0502501018345356,6.365739345550537,6.365739345550537,10795
157.38626726994676,139.30697051165274,36.71597873161255,41545.0,0.0522947385907173,0.0522947385907173,6.7529144287109375,6.7529144287109375,10986
166.85558239054046,141.19263999319242,14.2382627812471,41509.0,0.0512160994112491,0.0502736754715442,6.5201334953308105,6.387629508972168,11222
127.74643720272802,125.91866257330052,8.687484309970642,41531.0,0.0539976507425308,0.0450763367116451,6.893237113952637,5.641430854797363,9969
124.09068189187649,124.06916022722878,31.438546643200738,41561.0,0.0521810390055179,0.0474721640348434,6.691827297210693,6.026503562927246,10170
122.24440606075856,121.19118235916994,53.37527964829664,41539.0,0.0478584244847297,0.0378540456295013,6.07672929763794,4.664159774780273,10269
122.31029721879018,117.7001522918103,74.26505836628505,41563.0,0.0501170232892036,0.0420759730041027,6.405925273895264,5.268438816070557,10155
124.2845986588878,114.04406025098308,94.17655405521234,41591.0,0.050209742039442,0.0413725152611732,6.528165340423584,5.25962495803833,10102
128.05789601768336,110.6466219719964,113.33766156509498,41581.0,0.0449489839375019,0.0433262027800083,5.755033016204834,5.522654533386231,10056
133.43676029439786,107.87557515913488,132.0059875645554,41525.0,0.048758216202259,0.0481128916144371,6.238904476165772,6.147288799285889,10096
140.1761534561221,106.0209332106844,150.39589830397844,41581.0,0.0517811402678489,0.0392337888479232,6.739470958709717,4.9423370361328125,10149
148.01024917453896,105.27490463206487,168.65464585508957,41639.0,0.0516551472246646,0.0413403585553169,6.699138641357422,5.224215984344482,10128
156.67398218977416,105.7148077551324,173.12752046633582,41575.0,0.0514551289379596,0.0453852824866771,6.480609893798828,5.6352410316467285,10030
165.9137531851014,107.29503926966818,154.88555225101425,41551.0,0.0534836575388908,0.0411115698516368,6.712049007415772,5.000756740570068,9925
175.48942807547965,109.85189959502526,136.53890601904277,41607.0,0.0577236451208591,0.0577236451208591,7.322681903839111,7.322681903839111,9983
174.8292458724519,113.11893119362712,117.95628864400322,41583.0,0.051332838833332,0.047788705676794,6.523507595062256,6.02594518661499,10072
165.2691121447115,116.74665955768394,98.93913240325686,41555.0,0.0535694397985935,0.0396382845938205,6.845747947692871,4.888276100158691,10016
156.0609129257496,120.32353311962692,79.23584928303322,41549.0,0.0510342754423618,0.0379348546266555,6.480945587158203,4.642816543579102,9892
147.44563511683498,123.40368846697748,58.60129978615991,41591.0,0.0518107749521732,0.0472828820347785,6.590991973876953,5.955777168273926,9640
139.67780658543717,125.55589395976946,36.91346888808593,41535.0,0.0574069246649742,0.0567699298262596,7.33150577545166,7.242669582366943,9599
133.0230013942342,126.44386017128448,14.321524801299375,41585.0,0.051987636834383,0.0437551252543926,6.642319679260254,5.48212194442749,9794
140.06525142717814,131.45174846627975,8.741104691421043,41491.0,0.05333948507905,0.04085249081254,6.8029093742370605,5.049280166625977,10509
147.61777958246728,131.06312853310357,31.6199287328931,41529.0,0.0511889681220054,0.0361105315387249,6.653827667236328,4.492290019989014,10511
156.02166734628372,129.30423575723762,53.64399235186261,41589.0,0.0477343052625656,0.0454516373574733,6.13900899887085,5.8127851486206055,10508
165.02617852300412,126.47425154735356,74.57301639347142,41593.0,0.046132817864418,0.043619655072689,5.895180702209473,5.53656816482544,10388
174.39268153715526,123.00153595423777,94.4818258684522,41579.0,0.0551699474453926,0.0468896962702274,6.978420734405518,5.829255104064941,10341
176.10786121536117,119.34352685317458,113.60832668939562,41583.0,0.0505908951163291,0.0402208901941776,6.349789142608643,4.909330368041992,10024
166.70053913527514,115.92529834964832,132.21888774589465,41545.0,0.0498254895210266,0.0418341495096683,6.407320499420166,5.269794464111328,9851
157.61320166949645,113.1100148256225,150.53479712203918,41577.0,0.0566354021430015,0.0385942347347736,7.127412796020508,4.639361381530762,9790
149.0824358739067,111.1820993728954,168.7094259437554,41583.0,0.0589621067047119,0.0589621067047119,7.534198760986328,7.534198760986328,9640
141.35682243044334,110.33228021197776,173.1608067635061,41561.0,0.048493817448616,0.048493817448616,6.195968151092529,6.195968151092529,9586
134.69494013896716,110.6441545439813,155.00450750917653,41567.0,0.0547813102602958,0.0459486320614814,6.872999668121338,5.654498100280762,9701
129.35525686395331,112.08706003633924,136.73490554699498,41593.0,0.0540178231894969,0.0451994203031063,6.737289905548096,5.526363849639893,9889
125.57598439353951,114.51878773441422,118.21462855408306,41597.0,0.0519738048315048,0.0422369763255119,6.534276962280273,5.181359767913818,10047
123.54633449609794,117.6967332360479,99.23849257731877,41567.0,0.0532913543283939,0.0435076169669628,6.678726673126221,5.326740264892578,10281
123.3761025045314,121.2925678476457,79.54665141583351,41577.0,0.0542459450662136,0.0509479455649852,6.979165554046631,6.513462543487549,10555
125.07477858608688,124.9075641906248,58.88401025814264,41569.0,0.0470484010875225,0.0381156578660011,5.901804447174072,4.650642395019531,10747
128.54962786569956,128.09412588566744,37.12065540154549,41551.0,0.051765464246273,0.0507369749248027,6.526684284210205,6.383410453796387,10920
133.62366954175585,130.3999931272975,14.409073743131586,41557.0,0.056886076927185,0.0419340915977954,7.077131748199463,5.0372490882873535,10827
159.13809557102323,142.51604885521655,8.797664272806514,41511.0,0.0508551783859729,0.0452716313302516,6.500680923461914,5.711745262145996,10752
150.7003908981741,140.5852622528398,31.81088022880286,41549.0,0.0549831464886665,0.0417034961283206,7.145724773406982,5.254448890686035,10965
143.02643540687868,137.5990072169208,53.9258989509504,41571.0,0.0549362003803253,0.0419097505509853,7.126993656158447,5.276446342468262,11040
136.36803589422166,134.0479496414321,74.8947925004189,41575.0,0.0547663867473602,0.0433811321854591,7.0980224609375,5.48065710067749,11025
130.97697731787173,130.40815345138017,94.79955840075571,41585.0,0.0477390922605991,0.0453976467251777,5.94918155670166,5.623815536499023,10911
127.08683806611108,127.086554627671,113.88909662570047,41581.0,0.0495022572576999,0.0437028035521507,6.314054489135742,5.494020462036133,10714
124.88661496686412,124.40857155691664,132.43915100243728,41555.0,0.0594292096793651,0.0410710833966732,7.666378021240234,5.086059093475342,10575
124.49204450350446,122.61641475048282,150.67823233046838,41587.0,0.061802864074707,0.053204670548439,7.717473983764648,6.549275875091553,10473
125.9246183239412,121.86578623755342,168.76593818230057,41585.0,0.0502175092697143,0.0407386757433414,6.287301063537598,4.972492218017578,10347
129.1073925347408,122.22086836492764,173.1951417593404,41597.0,0.054310068488121,0.0511616580188274,6.840754508972168,6.405086994171143,10249
133.87956390805178,123.65136204041822,155.12730746249147,41597.0,0.0575348176062107,0.0575348176062107,7.315172672271728,7.315172672271728,9960
140.0231681063691,126.03395630886092,136.93757556896998,41571.0,0.0545432604849338,0.0473551154136657,6.837897300720215,5.846648216247559,9677
147.29147246386788,129.15704478609462,118.48242017295588,41569.0,0.050101313740015,0.050101313740015,6.508624076843262,6.508624076843262,9435
155.43106453866304,132.7249790938371,99.54979769871068,41587.0,0.0490772649645805,0.0490772649645805,6.351447582244873,6.351447582244873,9381
164.1946656899908,136.35976953808247,79.87107873330633,41575.0,0.0463352128863334,0.0463352128863334,5.996514320373535,5.996514320373535,9618
173.34557121573812,139.6070308432861,59.180313261723725,41605.0,0.0513957068324089,0.0450879819691181,6.539245128631592,5.652626514434815,9885
177.34379459034878,141.97073144556782,37.33860897962501,41587.0,0.0480711013078689,0.0428514890372753,6.308511734008789,5.549469470977783,10182
168.09668069102472,143.0134713074073,14.501395088064555,41539.0,0.0462835915386676,0.03976621478796,5.902989864349365,4.976504325866699,10595
125.65727112999603,125.53465795852622,8.85751047553319,41541.0,0.053609449416399,0.0535277277231216,6.855458736419678,6.843966960906982,10075
126.83367867071776,124.25743155862033,32.0125077417934,41583.0,0.0541946813464164,0.049359168857336,6.676358222961426,6.019876003265381,10135
129.73130060403133,121.80038424382543,54.22247038071055,41517.0,0.0561223700642585,0.0494212098419666,7.196113109588623,6.255951881408691,10065
134.205138199773,118.5339597579896,75.23187141634193,41553.0,0.0539761483669281,0.0479631088674068,6.812254428863525,5.977523326873779,9931
140.05111339111994,114.89839840335873,95.13105446603484,41549.0,0.0479661598801612,0.0380323268473148,6.112795829772949,4.704829692840576,9768
147.03291727963102,111.33309444798655,114.18101261599688,41503.0,0.04872802272439,0.043822769075632,6.190197944641113,5.498263835906982,9709
154.90398617689195,108.23516268127692,132.6675333065136,41561.0,0.0511574186384677,0.0506046563386917,6.418674945831299,6.341965675354004,9903
163.42110576466274,105.93412213122834,150.82667090453768,41579.0,0.0553408786654472,0.0553408786654472,7.043034553527832,7.043034553527832,10097
172.34995229016374,104.67059125269714,168.8243614991575,41559.0,0.0553537532687187,0.052664864808321,7.004626274108887,6.631373405456543,10182
178.53530580427494,104.576469191366,173.23063383479422,41585.0,0.0532801933586597,0.0420847348868846,6.76862382888794,5.202411651611328,10269
169.45595522080458,105.66159367512616,155.2543482655793,41569.0,0.0475575737655162,0.0473718717694282,6.053923606872559,6.027609348297119,10084
160.63418165487397,107.81266233419734,137.1476011379763,41521.0,0.046101376414299,0.0391524359583854,5.941747188568115,4.942493438720703,10052
152.29823478849016,110.80494563049,118.76063573721387,41573.0,0.0534408763051033,0.0470941364765167,6.753659725189209,5.870260715484619,9915
144.68548063480483,114.32152668044952,99.87429074024486,41581.0,0.0505684278905391,0.0383234843611717,6.47602653503418,4.743274688720703,9919
138.0411634981604,117.97445710488496,80.21058383506669,41545.0,0.0531062670052051,0.0458316057920455,6.675897598266602,5.667994976043701,10054
132.61046351274487,121.32885411364629,59.49170981523152,41589.0,0.0500041916966438,0.0396741293370723,6.381035804748535,4.921708106994629,10169
128.6220964774479,123.94074952982518,37.568564574373084,41575.0,0.053516462445259,0.0437757894396781,6.660894870758057,5.324362277984619,10229
126.26416889844128,125.42282009288483,14.599051096686026,41519.0,0.0493227802217006,0.0460866801440715,6.254405498504639,5.799570083618164,10185
162.70748444044273,144.23855477286727,8.921048529889958,41539.0,0.0493294969201087,0.0455243736505508,6.263663291931152,5.728346347808838,10981
171.40777891635125,143.7009056575433,32.2260973658978,41583.0,0.0532448664307594,0.0374150015413761,6.792929649353027,4.570981502532959,10660
179.6805602914803,141.72656942509357,54.53540594725601,41585.0,0.0525915212929248,0.0416973978281021,6.790650844573975,5.242592811584473,10440
170.77669977852176,138.70772580545432,75.5859577548807,41573.0,0.0498173087835311,0.0343587361276149,6.413937568664551,4.211665153503418,10352
162.09998603075326,135.14320561385216,95.47780197216012,41629.0,0.0503817498683929,0.0387055687606334,6.318268299102783,4.696459770202637,10512
153.8746680197935,131.50947907966756,114.48525902610422,41529.0,0.0543910078704357,0.0543910078704357,6.929051399230957,6.929051399230957,10627
146.33279089745,128.20907931804987,132.90489199815792,41603.0,0.0468348078429698,0.0430810824036598,5.976705074310303,5.442932605743408,10568
139.71322975632674,125.56113794916236,150.98064137531887,41561.0,0.0536237880587577,0.0536237880587577,6.899845600128174,6.899845600128174,10393
134.254644401206,123.80149572416016,168.8848981912939,41561.0,0.0497519969940185,0.0474651232361793,6.312540054321289,5.990877151489258,10100
130.18069966940067,123.08050195939308,173.26740551113895,41565.0,0.0532041117548942,0.0441315546631813,6.840093612670898,5.55682897567749,9949
127.67801005604204,123.45874861575685,155.3860781362472,41533.0,0.0492962189018726,0.0441264361143112,6.100103855133057,5.388663768768311,9935
126.87101075364336,124.90450898567325,137.3657587162496,41555.0,0.0539098754525184,0.0539098754525184,6.846629142761231,6.846629142761231,10000
127.80157940769408,127.2951444634571,119.05038021382076,41553.0,0.0501114763319492,0.0445630848407745,6.400778770446777,5.616486549377441,10031
130.42150388256655,130.42124169462392,100.21338970015668,41537.0,0.0619366243481636,0.0619366243481636,7.936665534973144,7.936665534973144,10298
134.60112397753898,133.98978886304226,80.56683211161528,41535.0,0.0487316995859146,0.0425504781305789,6.253536224365234,5.373106479644775,10607
140.1503434982237,137.624294373929,59.819931258555215,41595.0,0.0486344136297702,0.0410202965140342,6.059887409210205,5.0040459632873535,10836
146.84376743308667,140.86879196149025,37.81195551379929,41561.0,0.0493668764829635,0.0482350774109363,6.014538288116455,5.861118316650391,11094
154.4423266347912,143.22156730623635,14.702697229921938,41507.0,0.0508303642272949,0.0475469604134559,6.318371295928955,5.86610746383667,11160
141.3831742444301,137.0200961916552,8.988754480238583,41545.0,0.0519422143697738,0.050717793405056,6.682179927825928,6.508479595184326,10163
135.9085172104949,134.86881867302648,32.453154072236856,41605.0,0.0535287298262119,0.043575394898653,6.972134590148926,5.548478126525879,10379
131.76168283413944,131.76164648235545,54.8666814683582,41599.0,0.0498452447354793,0.0425676330924034,6.585829257965088,5.5243239402771,10449
129.12725849240363,128.16975099451858,75.95902053570146,41517.0,0.0538327507674694,0.0431587882339954,6.890778541564941,5.389021873474121,10493
128.13259118582664,124.552465371432,95.84151023897736,41547.0,0.0521799512207508,0.044556550681591,6.706473350524902,5.6268463134765625,10422
128.8280213871997,121.3098611106593,114.80319084123866,41565.0,0.0543393529951572,0.052970141172409,6.999566555023193,6.80605411529541,10325
131.17821774663176,118.76632227182051,133.15220501157873,41555.0,0.0457844100892543,0.0431950241327285,5.771572589874268,5.406552314758301,10248
135.06830996074302,117.1623013883128,151.1407454246811,41543.0,0.0636119022965431,0.0636119022965431,8.173571586608887,8.173571586608887,10148
140.32217877210186,116.645615215789,168.94777831276988,41525.0,0.058108102530241,0.0365436673164367,7.483460903167725,4.450448036193848,10053
146.72575596130864,117.26347869721712,173.30559610467853,41537.0,0.0535500571131706,0.0494902096688747,6.830316066741943,6.260904312133789,10058
154.04807658350984,118.95941244352204,155.52300715220852,41533.0,0.0485587418079376,0.0485587418079376,6.096692562103272,6.096692562103272,10079
162.05589544614142,121.5769088041741,137.59293347564537,41571.0,0.0627449825406074,0.0414880737662315,7.978935241699219,5.045289516448975,10057
170.5211167195861,124.86763410400845,119.35291670195204,41545.0,0.0563111156225204,0.0475011430680751,7.170968055725098,5.942980766296387,9988
179.22238210391882,128.50004558244794,100.5687217359013,41565.0,0.0487089119851589,0.0425190366804599,6.163296699523926,5.2933549880981445,9622
172.0571605938878,132.06781665823655,80.94174445713656,41581.0,0.0532123148441314,0.0406717136502265,6.911013603210449,5.1214680671691895,9367
163.53396660554455,135.10791942510315,60.16698730341028,41535.0,0.0507613979279994,0.039042554795742,6.564229488372803,4.8918986320495605,9280
155.4283521403453,137.1522428559199,38.07045664716682,41549.0,0.0470263101160526,0.0387560799717903,5.932400703430176,4.769111633300781,9470
147.96719451933487,137.83417230675207,14.813103038224966,41567.0,0.0515619181096553,0.0417868494987487,6.662444114685059,5.271226406097412,9859
135.60756687514777,132.54339513742644,9.061191922566962,41537.0,0.0526038222014904,0.0451864749193191,6.505168914794922,5.491656303405762,10593
140.56802595642742,131.94161200153425,32.69545212151482,41553.0,0.047997985035181,0.0425386428833007,6.227932453155518,5.441373825073242,10579
146.6807154106395,129.99541925433186,55.21861033558773,41541.0,0.0483332425355911,0.0483332425355911,6.110249042510986,6.110249042510986,10515
153.72334108595936,127.03494629679057,76.3533491890444,41517.0,0.0587328374385833,0.0587328374385833,7.679120540618896,7.679120540618896,10239
161.4685572627553,123.50265973657314,96.2241554041196,41549.0,0.0485625341534614,0.0485625341534614,6.296840190887451,6.296840190887451,9954
169.6921581044637,119.85571044277783,115.13636790335816,41561.0,0.0487826503813266,0.0487826503813266,6.388824939727783,6.388824939727783,9763
178.17558065620022,116.51036227672836,133.41059475576387,41545.0,0.0561120361089706,0.0561120361089706,7.291841506958008,7.291841506958008,9613
173.29548184985967,113.81650220716048,151.307672265817,41565.0,0.0485217422246933,0.0397619567811489,6.121405124664307,4.893443584442139,9586
164.93450465997196,112.04268127169354,169.01326511367242,41581.0,0.0517150610685348,0.049724243581295,6.511475563049316,6.234464645385742,9675
156.95790450599478,111.36227633162098,173.3453650166075,41579.0,0.0454515740275383,0.0442803800106048,5.752801895141602,5.586890697479248,9867
149.5875134810245,111.84143308469574,155.66571939840566,41567.0,0.0527947507798671,0.0527947507798671,6.706489562988281,6.706489562988281,10017
143.04997102133353,113.43358314512672,137.83014077637148,41517.0,0.0501354373991489,0.0465786792337894,6.236784934997559,5.745976448059082,10071
137.57115319805104,115.9833597178758,119.6696980399829,41489.0,0.0492784567177295,0.0431018024682998,6.037518501281738,5.1954665184021,10164
133.36418690932814,119.23786372629476,100.94216578955611,41533.0,0.0519768856465816,0.0408847294747829,6.417342185974121,4.902895450592041,10269
130.6111567734468,122.8604421064332,81.33755090628436,41575.0,0.0536814369261264,0.0407763682305812,6.861920833587647,5.048258304595947,10271
129.44146140077234,126.44511320253888,60.53522684729097,41583.0,0.0493695028126239,0.0412662178277969,6.203278541564941,5.072833061218262,10451
129.91281199677917,129.53900070562025,38.34603944510596,41531.0,0.0481920540332794,0.0476651601493358,6.071139335632324,5.997286319732666,10496
132.00174751581469,131.69114384960602,14.93117902238049,41549.0,0.0524789877235889,0.0470429733395576,6.81995964050293,6.042937755584717,10634
174.48969223873758,151.6542122258637,9.13903380224167,41567.0,0.0603377372026443,0.0403021872043609,8.000020980834961,5.117051124572754,11043
166.2998949947821,150.10497524221574,32.955100311494135,41545.0,0.0547538511455059,0.0452818721532821,7.127521991729736,5.776678562164307,11136
158.46189243696185,147.31612137186735,55.59392179018033,41547.0,0.0496572218835353,0.043522972613573,6.371232509613037,5.4998040199279785,10980
151.19256184174554,143.83444187671648,76.77162471308023,41593.0,0.0583772771060466,0.0399401821196079,7.440594673156738,4.877503871917725,10816
144.71263151288036,140.1782221687168,96.62803774184684,41531.0,0.0547391474246978,0.039877314120531,6.964921474456787,4.888615131378174,10735
139.24170534389876,136.76704893629227,115.4865979501511,41601.0,0.0511228628456592,0.0417220033705234,6.497289180755615,5.176372528076172,10582
134.98747172478983,133.92206466303816,133.68135805678466,41565.0,0.0516165159642696,0.0332566946744918,6.639835834503174,4.034914493560791,10656
132.12908926049437,131.8792079401902,151.48221664698414,41535.0,0.0458431392908096,0.0437414534389972,5.674792766571045,5.383294105529785,10565
130.79721685903564,130.7964983161917,169.0816618444836,41577.0,0.0526785627007484,0.0526785627007484,6.624037742614746,6.624037742614746,10333
131.0558949155367,130.75503648482405,173.38689584846588,41489.0,0.0519518218934536,0.0419833026826381,6.662710189819336,5.253439903259277,10036
132.89251983380146,131.75789923525912,155.81488817120436,41557.0,0.0535549782216548,0.0397654362022876,6.800144672393799,4.874130725860596,9824
136.21987777439224,133.73007379738422,138.07855308553735,41513.0,0.0479413941502571,0.039417564868927,6.152892589569092,4.937552452087402,9710
140.8894060076949,136.51956258997984,120.00240650775368,41563.0,0.0574507601559162,0.0453277751803398,7.235236167907715,5.5661301612854,9669
146.71060297187643,139.8967072848436,101.33590633130646,41601.0,0.0499629974365234,0.0398092120885849,6.348341464996338,4.919935703277588,9842
153.4703624673638,143.5475015981667,81.75685865881789,41487.0,0.0478938817977905,0.0379637032747268,6.115910053253174,4.70642614364624,10153
160.94783404788177,147.06050935108627,60.92741574762182,41573.0,0.0494980625808239,0.0405053719878196,6.2644805908203125,5.002315044403076,10406
168.92324116229008,149.92408266444977,38.64104315535005,41569.0,0.0513508282601833,0.0492197945713996,6.643155097961426,6.339268684387207,10637
177.18123022722034,151.58815305007522,15.058011581724514,41507.0,0.0519136898219585,0.0440977402031421,6.6727728843688965,5.565650939941406,10931
133.68060548081473,133.45828871613918,9.223091173178602,41595.0,0.0537875220179557,0.0515420064330101,6.882616996765137,6.566786766052246,9883
132.19962959950703,131.69511505780034,33.234627477912,41543.0,0.0491738691926002,0.0430340878665447,6.23436164855957,5.369951248168945,10020
132.25738540911726,128.8542623751077,55.995862430824815,41563.0,0.0529327467083931,0.0524663925170898,6.810798645019531,6.744764804840088,10065
133.85112036505672,125.37414782472872,77.2170110743102,41573.0,0.0513842068612575,0.035607423633337,6.627889156341553,4.383557319641113,9926
136.90637521427885,121.71692849710416,97.05585478563071,41529.0,0.0476128607988357,0.0475527234375476,6.17879056930542,6.170124530792236,9889
141.28798887575616,118.30637659238576,115.85599128040676,41559.0,0.0537872686982154,0.0387094467878341,6.999356746673584,4.845911026000977,9945
146.81753228999676,115.5005011747408,133.96600408742253,41545.0,0.050063244998455,0.0362647548317909,6.489374160766602,4.51171875,10061
153.29154929948746,113.57744718049968,151.66530162298372,41617.0,0.0496232360601425,0.0496232360601425,6.554394721984863,6.554394721984863,10263
160.49626197234662,112.72301472895904,169.15332035608205,41547.0,0.0519351474940776,0.0441923066973686,6.633204460144043,5.541836738586426,10156
168.21687320892343,113.01908097155992,173.43040160323915,41573.0,0.0512742809951305,0.0455625653266906,6.496131420135498,5.696258544921875,10109
176.24168151165827,114.43730506416657,155.97129520423252,41547.0,0.0497354157269001,0.0478228442370891,6.2697834968566895,6.002442836761475,9947
175.63768867913902,116.84139979616272,138.33953406059948,41545.0,0.0437154583632946,0.0362678691744804,5.509762763977051,4.453604221343994,9811
167.62833426059672,119.99673553540632,120.35300421422396,41603.0,0.0519998967647552,0.048040397465229,6.673941135406494,6.114177703857422,9899
159.93882665339424,123.58276483873628,101.75250183344993,41535.0,0.0546676106750965,0.0368276536464691,7.03196907043457,4.513714790344238,9998
152.78114457386334,127.2056589721956,82.20273928656015,41547.0,0.0550225526094436,0.0550225526094436,7.022274494171143,7.022274494171143,10031
146.37020892018862,130.41693698586528,61.34683742267785,41581.0,0.0480480156838893,0.0456721857190132,6.145719528198242,5.807926177978516,9958
140.9194185809192,132.75584691066487,38.95826781905751,41557.0,0.0490933693945407,0.0367698483169078,6.21140193939209,4.479428291320801,9817
136.63093253598058,133.8352746856361,15.194909075236724,41583.0,0.0576087795197963,0.0387168489396572,7.158620834350586,4.587845802307129,9838
153.1895132860852,144.92744979098802,9.31435168927564,41545.0,0.0545671172440052,0.0450545214116573,6.999807357788086,5.660531997680664,10685
160.11658258208465,144.69891620021914,33.537096072573235,41513.0,0.0506252497434616,0.0481952279806137,6.3645853996276855,6.026338577270508,10401
167.57576033834877,142.97666905560277,56.428329524992535,41561.0,0.0514456890523433,0.0417231321334838,6.628396034240723,5.246007919311523,10459
175.3594661777904,140.11700824296295,77.69327401730365,41533.0,0.0552574694156646,0.0493381023406982,7.159392356872559,6.3193678855896,10460
176.73721636827787,136.61590426929212,97.510795690702,41549.0,0.0536289140582084,0.0467696413397789,6.878470420837402,5.910651206970215,10410
168.91790696051854,132.96219574610228,116.24703097525386,41563.0,0.0572093650698661,0.0513919480144977,7.385058403015137,6.56494665145874,10366
161.38715380714788,129.5732503447867,134.2663029562813,41617.0,0.0578960888087749,0.0499434135854244,7.472891807556152,6.352285385131836,10097
154.352056961486,126.78203263595012,151.8580076805184,41553.0,0.0489047244191169,0.0445109866559505,6.093710422515869,5.484653472900391,9955
148.02180463923673,124.83806888245306,169.22865209121247,41547.0,0.0588179007172584,0.0460205972194671,7.416005611419678,5.654682636260986,9832
142.6036433773768,123.90671765602096,173.47613133224863,41493.0,0.0585492029786109,0.0585492029786109,7.450429916381836,7.450429916381836,9706
138.2941210669866,124.06553993114832,156.13585525262334,41533.0,0.0502297580242157,0.034785933792591,6.342896461486816,4.181594371795654,9725
135.26544897413638,125.30136999191852,138.61468219060325,41529.0,0.0541646257042884,0.0346412546932697,6.957410335540772,4.203781127929688,9842
133.64868468248432,127.51087428551328,120.72379777093694,41581.0,0.0505174249410629,0.0440694950520992,6.392887592315674,5.489500999450684,10070
133.51761287096312,130.50407711323123,102.19497301564786,41549.0,0.0536454394459724,0.0435779318213462,6.813866138458252,5.407529354095459,10329
134.8783396032481,134.0074473034123,82.67884185759121,41533.0,0.0507342703640461,0.0440103895962238,6.270797729492188,5.34920072555542,10565
137.66838715014327,137.66359577555968,61.79742460830269,41607.0,0.0505175851285457,0.0432923957705497,6.267148017883301,5.271824359893799,10886
141.76563716463176,141.03179368281707,39.3010975022236,41561.0,0.0550326593220233,0.049285352230072,6.750507831573486,5.974676609039307,10936
147.0038138391244,143.61107494741606,15.343463398444245,41551.0,0.0648078620433807,0.0434532798826694,8.21716022491455,5.285820484161377,10802
155.90408478761958,149.21484551700607,9.414031946101488,41541.0,0.0491328760981559,0.043391428887844,6.442772388458252,5.610051155090332,10402
149.66657737208013,146.87247498874905,33.8662553267649,41599.0,0.0581875815987587,0.0406803637742996,7.695232391357422,5.172032356262207,10525
144.2938537942424,143.61448769073615,56.89604854432056,41577.0,0.0568390935659408,0.039279356598854,7.406620025634766,4.908195018768311,10596
139.97677259940028,139.97506334579214,78.20493753880473,41581.0,0.0499234534800052,0.0409014597535133,6.4148454666137695,5.1331562995910645,10667
136.88359351189348,136.4153253731288,97.99666455372918,41561.0,0.0560842081904411,0.0477156117558479,7.245010375976562,6.062471389770508,10700
135.14462515842348,133.29960386017413,116.66266422802455,41555.0,0.0507127530872821,0.0507127530872821,6.320523262023926,6.320523262023926,10485
134.83717297257206,130.903315091075,134.584348722906,41533.0,0.0519663244485855,0.0444637462496757,6.569860458374023,5.522053718566895,10362
135.97522927878043,129.42091126424904,152.0616104501518,41557.0,0.0596616566181182,0.0516967698931694,7.465767860412598,6.378056049346924,10330
138.5074941312926,128.9676845699432,169.30814230563564,41551.0,0.062825433909893,0.062825433909893,7.925114631652832,7.925114631652832,10315
142.3244612854649,129.57832114455715,173.52437873445024,41511.0,0.0540146641433239,0.0426850132644176,6.896360397338867,5.306966304779053,10271
147.2720064314402,131.20603247195024,156.30964791695698,41601.0,0.0506201051175594,0.0410851798951625,6.171276569366455,4.880990982055664,10137
153.1671164759267,133.72367799780568,138.9058873666997,41509.0,0.0543825291097164,0.0476814657449722,6.677867889404297,5.770896911621094,9929
159.8117853769054,136.9249994366453,121.11752233515112,41583.0,0.0494495630264282,0.0462394803762435,6.295283794403076,5.841832637786865,9605
167.00284487576877,140.52199011457895,102.66691800727811,41543.0,0.0544069558382034,0.0399539060890674,6.842312812805176,4.844527244567871,9344
174.53732842518878,144.13616789595784,83.18954159260907,41533.0,0.0508366823196411,0.0435014255344867,6.460954666137695,5.43087100982666,9325
177.78584405114302,147.29253646153936,62.28393429766484,41521.0,0.055234458297491,0.0398779548704624,7.16715669631958,4.984576225280762,9605
170.16656843958637,149.45299061739283,39.67366598691984,41531.0,0.049326192587614,0.046275470405817,6.112608432769775,5.692324161529541,9929
162.8052478751988,150.15132881748613,15.505633609184828,41595.0,0.0560413748025894,0.0408093594014644,7.290825366973877,5.124362945556641,10240
137.14317285613956,136.50409883721898,9.52364992725677,41567.0,0.0527627952396869,0.0459839142858982,6.642430305480957,5.701117038726807,10332
139.42560139026168,135.47140507181118,34.226751278438854,41563.0,0.0497687049210071,0.0455354899168014,6.242245197296143,5.65312385559082,10207
142.96688972957176,133.1551012286364,57.40481326654617,41559.0,0.0523653887212276,0.0460650138556957,6.589306831359863,5.714781284332275,10148
147.62498341217125,129.95140632179374,78.75749296710532,41559.0,0.0562604516744613,0.0449785590171813,7.159985065460205,5.587382316589356,9916
153.22753215342976,126.32984596151564,98.51804383787854,41549.0,0.0509133152663707,0.0403473787009716,6.493405818939209,5.002927780151367,9811
159.58516263255777,122.74196235467656,117.10642276612415,41603.0,0.0500734634697437,0.0498620085418224,6.462801933288574,6.432628154754639,9588
166.50135333216988,119.57940291065226,134.92264224013937,41543.0,0.0514203198254108,0.0451148264110088,6.606089115142822,5.711764812469482,9637
173.7782650588778,117.15811122804185,152.27763020223452,41551.0,0.0582411177456378,0.0582411177456378,7.293916702270508,7.293916702270508,9738
178.78093296820484,115.7087076856812,169.39236871856852,41551.0,0.056716963648796,0.0511542186141014,7.214089870452881,6.439205169677734,9974
171.37212392615248,115.36649252935908,173.57549343314344,41611.0,0.0559757500886917,0.0498403906822204,7.209937572479248,6.344538688659668,10187
164.19140010942186,116.16322330207744,156.49395940043163,41561.0,0.0496046394109725,0.0496046394109725,6.289677143096924,6.289677143096924,10212
157.43600564383362,118.02486749248293,139.21540521462163,41583.0,0.0559809394180774,0.0559809394180774,7.189538478851318,7.189538478851318,10201
151.30375589583633,120.77664602245083,121.537452326088,41573.0,0.0493837296962738,0.0418467558920383,6.255514621734619,5.196858406066895,10155
145.9896715923552,124.15249753725467,103.17266473488284,41575.0,0.0507473684847354,0.0480743460357189,6.408857345581055,6.035560131072998,10049
141.67884124876178,127.80484776050416,83.74013802642598,41561.0,0.055520374327898,0.0430783554911613,7.13470458984375,5.381608486175537,10177
138.5352893277415,131.31521358469607,62.81218355883371,41527.0,0.0535592213273048,0.0519394651055336,6.768431186676025,6.543264389038086,10258
136.6880085956003,134.21740364347067,40.08108323354554,41561.0,0.0476121343672275,0.0450594127178192,6.075348854064941,5.713034629821777,10346
136.21699273387122,136.0573177460605,15.683861506730947,41479.0,0.0461090393364429,0.0369536243379116,5.918654441833496,4.607851982116699,10421
173.08557702740902,157.42837409121248,9.645127287700548,41597.0,0.0540553033351898,0.0440493673086166,6.7346014976501465,5.361485481262207,11005
179.71959732939098,156.6402268312883,34.624420203834404,41527.0,0.0456348359584808,0.0372266918420791,5.734315872192383,4.5517449378967285,10789
172.53220232927967,154.31407914306584,57.96181610742656,41563.0,0.050947330892086,0.050947330892086,6.530272483825684,6.530272483825684,10633
165.54380714032405,151.03121492056593,79.35768285106357,41543.0,0.0453790202736854,0.0415206849575042,5.715108871459961,5.170886516571045,10489
158.94659186578292,147.38441605661848,99.08051432232432,41569.0,0.048708789050579,0.0409065373241901,6.2242045402526855,5.117391586303711,10404
152.9326568857453,143.840665994687,117.5825840645476,41577.0,0.0511924028396606,0.044921476393938,6.485901355743408,5.607708930969238,10546
147.69089864140554,140.7431292872667,135.28420171818604,41541.0,0.0557750985026359,0.0497704036533832,7.03206205368042,6.201638221740723,10638
143.40054647294983,138.34031476268322,152.50789779357737,41541.0,0.0486390367150306,0.0395368449389934,6.309951305389404,5.000666618347168,10467
140.2211231003747,136.80507152395822,169.48202634223898,41579.0,0.0578111223876476,0.0434890426695346,7.573128700256348,5.527467727661133,10121
138.2797794714403,136.24192880646805,173.62989598755055,41539.0,0.0504993572831153,0.0407801121473312,6.335127353668213,4.984936237335205,9893
137.6584132265461,136.68838587209805,156.69033812982667,41563.0,0.0570212267339229,0.0415717884898185,7.354678630828857,5.178171634674072,9858
138.38397509591593,138.11474618578887,139.5459562495393,41537.0,0.0554313994944095,0.0554313994944095,7.031133651733398,7.031133651733398,9838
140.42503094161808,140.42427658693177,121.9875495087834,41587.0,0.049085583537817,0.049085583537817,6.196725845336914,6.196725845336914,9925
143.6957595951754,143.45227626860327,103.71747569326216,41537.0,0.0494205094873905,0.0337413661181926,6.209376811981201,4.02292013168335,10053
148.06601854714847,146.9597403366036,84.33712338442609,41565.0,0.0561131127178669,0.0474979728460311,7.208582878112793,5.997227191925049,10294
153.37432411940318,150.6159214512065,63.38937280666157,41523.0,0.0534129701554775,0.0402623750269413,6.80332088470459,4.961116313934326,10385
159.44038072122157,153.96954231735646,40.52975061615141,41593.0,0.0545666776597499,0.0506790354847908,6.7755446434021,6.244668006896973,10680
166.07485851763428,156.4393890271391,15.881234544979293,41545.0,0.0654811188578605,0.038344882428646,8.123294830322266,4.472834587097168,11078
145.14243523185922,144.20263796084478,9.780937036470364,41551.0,0.0551408715546131,0.0482625998556613,7.093977451324463,6.124336242675781,9878
141.94209710445088,141.93361467145755,35.06670727567686,41535.0,0.0494918823242187,0.0364198721945285,6.277620315551758,4.438504219055176,10102
139.92136365839133,138.7341710688429,58.57611139166963,41575.0,0.0529943443834781,0.039567407220602,6.851657867431641,4.943597316741943,10096
139.16329674252248,135.11069312651173,80.01389339431998,41615.0,0.0541287362575531,0.0486480109393596,7.001190185546875,6.223428726196289,10133
139.69997790031454,131.5250618392729,99.69095628363807,41549.0,0.0517989546060562,0.043252158910036,6.601306915283203,5.399757385253906,10245
141.50864110065748,128.3582501534982,118.09639086592378,41577.0,0.0541564710438251,0.0491838157176971,6.921983242034912,6.224559783935547,10202
144.51443477992026,125.90683977092525,135.6727127966022,41547.0,0.0573351308703422,0.0414905026555061,7.459738731384277,5.210412502288818,10246
148.59889880719464,124.38416437509444,152.75464402240928,41591.0,0.0471920743584632,0.0471920743584632,6.032636642456055,6.032636642456055,10256
153.61155112897248,123.91809246821032,169.5779610976495,41583.0,0.0505993403494358,0.0456609390676021,6.455469608306885,5.758721828460693,10179
159.38157403473815,124.54725387288336,173.68809821469844,41549.0,0.0503335334360599,0.0404195263981819,6.188168048858643,4.834587574005127,9964
165.72736105606248,126.21945126752944,156.9006700989337,41543.0,0.0560509525239467,0.0465764664113521,7.0276055335998535,5.725150108337402,9966
172.4629366434941,128.79375458191032,139.90086038965916,41567.0,0.050311017781496,0.0407940559089183,6.344786643981934,5.014930248260498,10043
179.40134675496347,132.04429434217712,122.47266444224674,41599.0,0.0541999526321888,0.049195185303688,7.045186996459961,6.331609725952148,10118
173.64422296174394,135.66196099205982,104.3078278746084,41543.0,0.0524680353701114,0.0416365824639797,6.66878604888916,5.152116775512695,10000
166.8605566966987,139.2530666437363,84.98855254773939,41529.0,0.058408498764038,0.0421085208654403,7.416966438293457,5.158735752105713,9783
160.43461586514223,142.3453608137051,64.02453737370176,41567.0,0.0503123737871646,0.0435605347156524,6.340071678161621,5.397778511047363,9620
154.5527098499131,144.4331617379966,41.02780883550364,41581.0,0.0567389205098152,0.0561755932867527,7.205069065093994,7.126816749572754,9566
149.39756091695213,145.1017453188507,16.10172061727343,41547.0,0.0552750565111637,0.0552750565111637,6.99720573425293,6.99720573425293,9645
149.22807465598285,146.35987166652234,9.934322283943686,41513.0,0.0560085512697696,0.0527077317237854,7.201869010925293,6.73745059967041,10390
153.94390642890352,146.0918636384053,35.56327827333516,41573.0,0.0554113537073135,0.0384718216955661,7.0557475090026855,4.690341472625732,10516
159.4134704673247,144.32157241949824,59.25927925287988,41563.0,0.0485791862010955,0.0421989075839519,6.149141311645508,5.25108814239502,10585
165.4633979849784,141.42293992263956,80.73670797141094,41513.0,0.0521541647613048,0.0442190282046794,6.675172328948975,5.555536270141602,10414
171.9144766586216,137.9035054606984,100.35796999453632,41543.0,0.0535418130457401,0.0526111871004104,6.944904327392578,6.812370300292969,10200
178.5854483588754,134.25380273783577,118.65435586086912,41557.0,0.0503589995205402,0.0368876457214355,6.444352149963379,4.53595495223999,9941
174.70535254785912,130.88646539057137,136.0927361446014,41507.0,0.051634058356285,0.0454289875924587,6.508967876434326,5.645055770874023,9727
168.13961021082477,128.12719287211075,153.02062301411272,41601.0,0.0537111163139343,0.0379903800785541,6.9849958419799805,4.739943027496338,9583
161.89885905995578,126.2180833476988,169.68121619444364,41567.0,0.0554451532661914,0.049008160829544,7.044168472290039,6.147039413452148,9561
156.16349227479714,125.31824998546992,173.75073122522824,41549.0,0.0570453889667987,0.037719190120697,7.318878173828125,4.610008239746094,9645
151.1099689902272,125.50105432232476,157.12728287731414,41581.0,0.0550154224038124,0.0379614233970642,7.0703887939453125,4.668299674987793,9750
146.90546636294323,126.75166121450728,140.28422293083253,41569.0,0.0535542890429496,0.0535542890429496,6.87288236618042,6.87288236618042,10025
143.69973555238772,128.96759912980042,122.99881579696462,41551.0,0.0485575869679451,0.0473432652652263,6.046254634857178,5.877965450286865,10194
141.61479422662697,131.961735357894,104.9518029031394,41531.0,0.053602784872055,0.046703603118658,6.533459663391113,5.604685783386231,10381
140.7341685456147,135.4642529450607,85.704563313716,41605.0,0.0525983273983001,0.0480974949896335,6.499401569366455,5.884803295135498,10441
141.0942131380341,139.12059478087835,64.72919179053476,41545.0,0.0512753017246723,0.0390825159847736,6.3146748542785645,4.651914596557617,10462
142.6799843904311,142.48949578666716,41.58578930987079,41527.0,0.0498693920671939,0.0487173944711685,6.2768168449401855,6.116017818450928,10414
145.42696278248593,145.063845879878,16.350515071924036,41573.0,0.0508882328867912,0.0456136986613273,6.325448989868164,5.599464416503906,10405
169.37878130105244,161.40869806161456,10.109629899252838,41557.0,0.0509396791458129,0.0491486452519893,6.387378215789795,6.138868808746338,10691
163.33812632051527,159.05194487004255,36.126937993033664,41589.0,0.0538933053612709,0.0538933053612709,7.051708698272705,7.051708698272705,10779
157.7647797659774,155.72341320181874,60.02640066767052,41575.0,0.0538238510489463,0.0442335903644561,6.990540027618408,5.623764514923096,10803
152.82880251850784,152.06869523161484,81.53970584984077,41507.0,0.0499422065913677,0.0473346076905727,6.351795673370361,5.984290599822998,10792
148.69112717685397,148.55100954258072,101.0924758622152,41573.0,0.0527424179017543,0.0480298623442649,6.652099609375,5.997209072113037,10561
145.49623032096062,145.48967689170624,119.26469382490704,41581.0,0.0526252835988998,0.0472495220601558,6.855515003204346,6.085450172424316,10395
143.3628825631052,143.10860222662572,136.55000089264578,41529.0,0.0536443665623664,0.0403216332197189,6.846786022186279,4.978521823883057,10378
142.37440856357827,141.5620472345733,153.30928629765955,41575.0,0.0513515099883079,0.0513515099883079,6.464961051940918,6.464961051940918,10521
142.57060868410537,140.94436753479883,169.79309750970512,41579.0,0.0485131852328777,0.0379994362592697,6.233592987060547,4.734089374542236,10433
143.9435204733008,141.2923335995988,173.81858494026582,41549.0,0.0485539473593235,0.0453818216919899,6.170039176940918,5.722395420074463,10255
146.43828667998903,142.5852862600299,157.37309230700535,41575.0,0.0594071485102176,0.0403542965650558,7.63720178604126,4.96789026260376,9942
149.95886386123055,144.7451005844048,140.70119726117483,41573.0,0.0541200041770935,0.0434600338339805,6.658045291900635,5.212823390960693,9750
154.37690738077796,147.63485443370683,123.57358610466432,41559.0,0.0559536889195442,0.0415449738502502,7.2610368728637695,5.215835094451904,9558
159.54156193834604,151.05190716944412,105.65964278916393,41539.0,0.0527581684291362,0.0412779971957206,6.530539512634277,4.961085796356201,9576
165.2881899882025,154.70762782692452,86.49812468126927,41551.0,0.047502689063549,0.0436823368072509,6.08467435836792,5.541078567504883,9839
171.44491044697858,158.18503000492382,65.5182713393129,41533.0,0.056338857859373,0.0493388287723064,7.253089427947998,6.267638206481934,10098
177.83671152124825,160.88823885153278,42.21758690841577,41567.0,0.0504342727363109,0.0435227043926715,6.447820663452148,5.470329761505127,10302
175.7124486131683,162.10645342157267,16.634568693611527,41591.0,0.0598508156836032,0.0407515540719032,7.752707481384277,5.062039375305176,10556
144.08851700096915,144.0584027781636,10.312837094358002,41549.0,0.0547402314841747,0.0448895283043384,6.956640243530273,5.581066608428955,9942
144.13427301948366,142.42153830182409,36.775053046159655,41589.0,0.0499498359858989,0.0376165807247161,6.213390827178955,4.508735656738281,9917
145.30491005849265,139.6227294946847,60.89753020043,41587.0,0.0510835573077201,0.0490593500435352,6.362784385681152,6.083666324615479,9948
147.55453808599214,136.14956329781452,82.44064514407623,41585.0,0.0496053099632263,0.0392069332301616,6.274206161499023,4.8161163330078125,9767
150.79773373448273,132.49199655453242,101.90859274200965,41541.0,0.0476269423961639,0.0429600700736045,6.053657054901123,5.393239974975586,9752
154.91715842550153,129.07319624094148,119.9379499051996,41579.0,0.056293811649084,0.0518894270062446,7.382824897766113,6.752040386199951,9728
159.77234083985186,126.23338869691452,137.05182973091186,41563.0,0.0522825382649898,0.0439973212778568,6.6622724533081055,5.498449325561523,9818
165.20784512180185,124.22949921303147,153.62503451448774,41503.0,0.0498619638383388,0.0498619638383388,6.588213920593262,6.588213920593262,10065
171.05969757955523,123.23389927085618,169.9152680421261,41593.0,0.0508145429193973,0.0454346686601638,6.473313808441162,5.715253829956055,10281
177.1597179843867,123.33038757942336,173.89266517722066,41579.0,0.0493203662335872,0.0469275116920471,6.134746551513672,5.8041090965271,10235
176.66198332583716,124.51088464702184,157.6418145591466,41543.0,0.0468184575438499,0.0409600809216499,5.86519193649292,5.046530246734619,10208
170.5757087144325,126.67579502516702,141.15836523573788,41537.0,0.0571552328765392,0.0396140441298484,7.324105262756348,4.866461753845215,9988
164.75126906945974,129.63771731547584,124.2066965143154,41555.0,0.0507794730365276,0.0429149009287357,6.383795738220215,5.28982400894165,9963
159.3566187829705,133.1251744822471,106.44456165647924,41507.0,0.0517502129077911,0.0438096411526203,6.648221969604492,5.522653579711914,10086
154.5552305629355,136.78329776741404,87.38614115417711,41563.0,0.0495927147567272,0.0495927147567272,6.3557448387146,6.3557448387146,10200
150.50159796744833,140.1751583989649,66.4115463208513,41531.0,0.0543163456022739,0.0476310811936855,6.770342826843262,5.853545188903809,10211
147.33464514298248,142.80404551534335,42.94195751682887,41581.0,0.0508648715913295,0.0440958254039287,6.337039947509766,5.40310001373291,10153
145.16945668033355,144.1960544806224,16.963418509356046,41547.0,0.0532032921910285,0.0418769381940364,6.664993762969971,5.101061820983887,9981
165.229647586065,160.20116037366068,10.55241651254272,41541.0,0.0522196106612682,0.0413044020533561,6.582180976867676,5.063953876495361,10558
170.76527756000664,160.2777644837568,37.53183813535966,41609.0,0.0502956546843051,0.0412181690335273,6.331061840057373,5.065809726715088,10517
176.55979917844255,158.5609153525734,61.89999387606363,41539.0,0.0503046475350856,0.0486726760864257,6.187015056610107,5.9641313552856445,10337
177.54993848616172,155.58274208557586,83.46326822676505,41541.0,0.0498806685209274,0.0461223274469375,6.371631145477295,5.839965343475342,10441
171.7278216960843,152.01119183530545,102.8249611841276,41573.0,0.0505340062081813,0.0480267964303493,6.336410045623779,5.988133430480957,10627
166.1372223356737,148.38243697881342,120.68793962329258,41543.0,0.0536187142133712,0.0404298715293407,6.72130823135376,4.900376319885254,10559
160.93943443749623,145.07841610157735,137.60777256603885,41581.0,0.0534431412816047,0.0497109666466712,6.972198963165283,6.4374308586120605,10283
156.29108698979152,142.3694639473596,153.97359189271864,41577.0,0.0591569952666759,0.0433163754642009,7.670281887054443,5.4330244064331055,10041
152.3399898880584,140.44595968815983,170.0498883113738,41535.0,0.05408725887537,0.0456169843673706,6.8029985427856445,5.631712913513184,9920
149.21920913062445,139.43263164368835,173.97427849611546,41541.0,0.0489349327981472,0.0382398478686809,6.225285530090332,4.715683460235596,9778
147.03970204409512,139.3928240088694,157.93828152279056,41563.0,0.0502281412482261,0.0460134819149971,6.43268632888794,5.835813522338867,9729
145.88249257077578,140.3289987430772,141.66430382621184,41541.0,0.0514023378491401,0.0441560447216033,6.485037326812744,5.47429084777832,9788
145.79189926708725,142.18273223785258,124.91086573100053,41581.0,0.0503936745226383,0.049729686230421,6.267934322357178,6.176455497741699,9910
146.77143160971633,144.8343334768564,107.32396606599268,41565.0,0.0493186265230178,0.0454266220331192,6.441131114959717,5.8787689208984375,10118
148.78345262559944,148.09907681237084,88.391131523595,41541.0,0.0525781922042369,0.0445573255419731,6.639577865600586,5.522115230560303,10253
151.7527018230991,151.71399939307534,67.43581473469187,41547.0,0.0575092919170856,0.0575092919170856,7.163762092590332,7.163762092590332,10457
155.5727246976229,155.30780569166794,43.78490682612457,41585.0,0.0568780861794948,0.0369557738304138,7.056538105010986,4.345831394195557,10743
160.11363585791722,158.35780713038503,17.350547816390247,41529.0,0.057153470814228,0.0401686839759349,7.294240951538086,4.924732208251953,10705
158.03913353668224,157.049329500902,10.840827207426628,41567.0,0.0505117289721965,0.0482840538024902,6.492471218109131,6.17581033706665,10172
154.2106990952545,154.2002061027276,38.43219200494707,41567.0,0.0496081858873367,0.0479664430022239,6.439614295959473,6.203794956207275,10163
151.1557515338882,150.67822103664773,63.07211305808082,41577.0,0.0569298863410949,0.0569298863410949,7.430478572845459,7.430478572845459,10257
148.98066423180566,147.030398459412,84.64015526864787,41531.0,0.0467721708118915,0.0465104989707469,5.996898174285889,5.959527492523193,10331
147.7643882423719,143.6605137557333,103.86680566253924,41631.0,0.0506977438926696,0.0506977438926696,6.560985565185547,6.560985565185547,10396
147.55235716294203,140.85932815537095,121.53320314746016,41555.0,0.0577597692608833,0.04085673391819,7.603254318237305,5.178232669830322,10470
148.3525908827248,138.83382756949752,138.2305831249895,41577.0,0.0571051053702831,0.0419439002871513,7.348284721374512,5.216385364532471,10292
150.13497739949386,137.72161479523288,154.36258226256868,41585.0,0.0490873493254184,0.0411364994943141,6.169374942779541,5.0596604347229,10322
152.8339219014067,137.59534124743115,170.19983213059342,41497.0,0.0513290204107761,0.0395592600107193,6.489175319671631,4.844608306884766,10255
156.35367850306062,138.46315321106488,174.06516258376035,41519.0,0.0488165356218814,0.0488165356218814,6.296681880950928,6.296681880950928,10224
160.57510285178816,140.2686576381417,158.26892579029047,41577.0,0.0541855283081531,0.0460216328501701,6.74164342880249,5.623898506164551,10283
165.36247898369308,142.89080989219406,142.2304579177449,41543.0,0.0566933788359165,0.0524725653231143,6.972118377685547,6.402651786804199,10134
170.56940945332607,146.14097500826486,125.70313731629766,41597.0,0.054022692143917,0.0461920760571956,6.6381940841674805,5.577661514282227,9970
176.0432843086676,149.75167784283246,108.32135253657776,41549.0,0.0516347326338291,0.04700293764472,6.47612190246582,5.833958148956299,9755
178.37165651038967,153.35110866129537,89.5438708317675,41571.0,0.0496344380080699,0.0450934655964374,6.304980278015137,5.666049003601074,9440
172.8322948027812,156.42920586523843,68.62842987856244,41549.0,0.0510067827999591,0.0502910017967224,6.450151920318604,6.350104808807373,9525
167.49506504346903,158.35474257602965,44.78366320385737,41621.0,0.0518448874354362,0.0518448874354362,6.510342597961426,6.510342597961426,9738
162.51419461443976,158.5865039571166,17.81571999419785,41539.0,0.0574969910085201,0.0411580242216587,7.3070902824401855,5.037107467651367,10000
151.62219202845685,150.96600492900805,11.197238700204196,41577.0,0.0451062694191932,0.0374258197844028,5.781930923461914,4.680539608001709,10498
154.05457210844625,150.31696955462195,39.52847574836184,41555.0,0.0538972206413745,0.0538972206413745,6.857126235961914,6.857126235961914,10399
157.27292724743563,148.18575436916478,64.46951650724063,41591.0,0.0519598573446273,0.0434486754238605,6.526802062988281,5.346921443939209,10185
161.16896781872092,145.04235926733145,86.01742479558007,41573.0,0.0654905065894126,0.0580381602048873,8.381340980529785,7.350731372833252,10007
165.61745455970132,141.43135167622816,105.06927995082836,41491.0,0.0467699542641639,0.0410228110849857,5.93443489074707,5.12093448638916,9851
170.48168283003386,137.83101728288776,122.49934641176984,41573.0,0.0502285547554492,0.0416603125631809,6.412027359008789,5.202617645263672,9667
175.61787087601724,134.62013977645708,138.93778503201926,41579.0,0.0488675832748413,0.0449284426867961,6.195158004760742,5.640676498413086,9484
179.1216216029027,132.08581013317487,154.8024509393982,41565.0,0.0556893050670623,0.0556893050670623,7.0808820724487305,7.0808820724487305,9560
173.8859876791505,130.43355652339477,170.36903163881155,41493.0,0.0482518374919891,0.0445750728249549,6.186992645263672,5.663524150848389,9659
168.8241205203704,129.79083100156265,174.1676947268424,41537.0,0.048073437064886,0.048073437064886,6.128880500793457,6.128880500793457,9797
164.08266833973158,130.20620700222565,158.64255662104603,41559.0,0.0482608191668987,0.0482608191668987,6.138184070587158,6.138184070587158,10129
159.80346823797063,131.64834850167213,142.8725390603348,41573.0,0.0484076403081417,0.04281996935606,6.0639848709106445,5.284469127655029,10280
156.1199528474415,134.00672333710472,126.60701383328012,41587.0,0.0523667484521865,0.0523667484521865,6.67954683303833,6.67954683303833,10373
153.15236909009178,137.09276292148934,109.469378347959,41553.0,0.0529026128351688,0.0399650819599628,6.78405237197876,4.958406925201416,10295
151.00201764665266,140.63765198042842,90.8877216812034,41523.0,0.0584995634853839,0.0584995634853839,7.456996917724609,7.456996917724609,10300
149.7451584127152,144.2834912199871,70.04322926638778,41537.0,0.0520038977265358,0.0516391098499298,6.583340644836426,6.532338619232178,10251
149.42759308060877,147.57305091442882,45.99362312545887,41573.0,0.0486565046012401,0.0433964245021343,6.242871284484863,5.49456262588501,10323
150.06104598882158,149.9687818125832,18.38921915170349,41543.0,0.0497833304107189,0.0406824238598346,6.480150699615479,5.168409824371338,10416
179.79312474750938,172.46435916158742,11.652882880346056,41597.0,0.0522003024816513,0.0422035753726959,6.724551677703857,5.306097984313965,10663
174.88536289049063,170.64850257925576,40.903273330639934,41563.0,0.0597268864512443,0.0474825426936149,7.6671037673950195,5.956445217132568,10634
170.12412999901872,167.35563188492,66.17643324262355,41587.0,0.0483853444457054,0.047493603080511,6.257466793060303,6.129598140716553,10527
165.64784984136375,163.6985421180631,87.66287077035142,41539.0,0.0529191717505455,0.0455323569476604,6.754114627838135,5.716273307800293,10419
161.5901871209348,160.1839112691261,106.48316248994573,41567.0,0.0549228712916374,0.0474100671708583,7.091063022613525,6.027346611022949,10422
158.07668861118145,157.07317595771147,123.6229952089752,41515.0,0.0500414744019508,0.0431817024946212,6.462662220001221,5.482600688934326,10409
155.22049582835913,154.53348835854985,139.75430662317078,41543.0,0.0537268370389938,0.040216140449047,6.882658958435059,4.979416847229004,10536
153.1172937653459,152.68256524124226,155.30801274377754,41577.0,0.0485846027731895,0.0415811836719512,6.118412494659424,5.138169288635254,10543
151.8400086908656,151.6010953289288,170.56305618883684,41583.0,0.0514369644224643,0.0411466471850872,6.5767436027526855,5.123683929443359,10280
151.43406059179907,151.33515957627534,174.28524155352426,41541.0,0.0555588006973266,0.0452163331210613,6.965011119842529,5.541531562805176,9823
151.9140750289572,151.8960138897517,159.07166255912728,41547.0,0.0476556494832038,0.040527369827032,6.002652168273926,5.001991271972656,9771
153.26276804807304,153.25988933682348,143.61287734259204,41585.0,0.0498751886188983,0.0401363782584667,6.467276573181152,5.0712056159973145,9655
155.43226097117494,155.3683493492848,127.6560569782369,41547.0,0.0513241291046142,0.0513241291046142,6.677468776702881,6.677468776702881,9756
158.3475230192087,158.12802006911247,110.8150762841242,41555.0,0.0551101937890052,0.0551101937890052,7.149735450744629,7.149735450744629,9949
161.91120053940523,161.40586130916518,92.4860925880086,41567.0,0.0481987856328487,0.0456131994724273,6.216860294342041,5.8467512130737305,10066
166.00892595201483,165.0092077347544,71.76103671743901,41561.0,0.0463612452149391,0.0438009984791278,5.857658863067627,5.496527671813965,10169
170.5143198343089,168.61605910976354,47.50125251860115,41551.0,0.0506795644760131,0.0405548103153705,6.393616676330566,4.979703426361084,10435
175.29320202489137,171.55078903737927,19.120122659278337,41543.0,0.0578709244728088,0.0476281680166721,7.5020575523376465,6.053389072418213,10631
155.34595310604325,155.33841055515518,12.262595720787516,41583.0,0.057541724294424,0.0386028848588466,7.452885150909424,4.77324914932251,9724
154.0706671236149,152.8512817504679,42.69539222538393,41571.0,0.0491712018847465,0.0420959033071994,6.112892150878906,5.135756969451904,9835
153.5951223182771,149.49411372332565,68.32727811186041,41547.0,0.0507787056267261,0.0415689535439014,6.567208290100098,5.250887393951416,9838
153.93603564589029,145.83776555688334,89.6809305637652,41595.0,0.0488232299685478,0.0415613986551761,6.192384243011475,5.169621467590332,9886
155.08141103746817,142.3318036336936,108.18514568952476,41573.0,0.0494311526417732,0.0437902025878429,6.208291053771973,5.422018051147461,9925
156.99137734052744,139.3094220882877,124.95888116731348,41553.0,0.0585146099328994,0.0585146099328994,7.57661247253418,7.57661247253418,10060
159.60084863374257,137.01279947978165,140.71718490622945,41555.0,0.0590378940105438,0.0421211421489715,7.833483219146728,5.393795967102051,10270
162.8234705126696,135.60886969133625,155.90121067741543,41561.0,0.0502093322575092,0.047789204865694,6.490391731262207,6.144831657409668,10322
166.55614813912874,135.19488344699738,170.79014315657437,41561.0,0.0553075522184371,0.04879005625844,7.069037437438965,6.156538009643555,10355
170.6835030132355,135.79899811343586,174.42278175899423,41563.0,0.0552802719175815,0.0433996506035327,7.056828022003174,5.394286632537842,10217
175.08181508147064,137.38005250313748,159.57473216154528,41549.0,0.0669395253062248,0.0449362695217132,8.608046531677246,5.555957794189453,10041
179.6222764928199,139.82783504179108,144.48461779310458,41535.0,0.0545623749494552,0.0452651493251323,7.051407814025879,5.733686923980713,10056
175.82637091530475,142.9619473258451,128.90033151250245,41533.0,0.0484968312084674,0.0378991290926933,6.240752696990967,4.725893974304199,10181
171.39556667671363,146.52469848085985,112.42925107927316,41595.0,0.0520638860762119,0.0520638860762119,6.5303144454956055,6.5303144454956055,10164
167.2146922456305,150.16307167525022,94.43607752171712,41525.0,0.0536260828375816,0.0377409197390079,6.862400054931641,4.626372814178467,10087
163.40851505375562,153.40335922632786,73.90949856251132,41561.0,0.049387589097023,0.0408397875726223,6.278334617614746,5.072793483734131,9979
160.09404735069722,155.65857904992603,49.44992519679639,41563.0,0.052820723503828,0.0502702146768569,6.575894832611084,6.225615501403809,9865
157.37671317315744,156.37367866015265,20.09397065163733,41603.0,0.0552271865308284,0.0419885255396366,6.862144947052002,5.054712295532227,9729
163.93663872306846,163.41903225269365,13.133006200096162,41521.0,0.0549626648426055,0.0549626648426055,6.881448745727539,6.881448745727539,10303
167.28624717444393,164.11126813772972,45.158513822006825,41553.0,0.0581817701458931,0.044853888452053,7.444244384765625,5.584218502044678,10388
171.0117290532982,162.80552586895274,71.15147176217707,41567.0,0.0507754348218441,0.0397720895707607,6.403400897979736,4.86676025390625,10565
175.00080960879507,160.00712194810805,92.24239627206757,41571.0,0.0479691736400127,0.0422837287187576,6.10438871383667,5.299000263214111,10620
179.13568912517408,156.48535205840426,110.29787265738022,41585.0,0.0481936112046241,0.0423451885581016,6.103155136108398,5.280178070068359,10370
176.70428486309427,152.8384658320954,126.5935320897025,41553.0,0.0572335124015808,0.0548213273286819,7.463626861572266,7.120375633239746,10084
172.64024177931657,149.46454345049955,141.88462246405535,41583.0,0.0491300337016582,0.0489445962011814,6.292459964752197,6.266124725341797,9886
168.79146657494817,146.63251671791977,156.61641898531465,41515.0,0.0477354750037193,0.0434019565582275,6.013155460357666,5.405271530151367,9762
165.2728759076762,144.5293992416317,171.0631781653387,41559.0,0.048192873597145,0.0427571609616279,6.189394474029541,5.414113521575928,9624
162.19209120430477,143.28095910929346,174.58810230499756,41553.0,0.0530234649777412,0.0530234649777412,6.788074970245361,6.788074970245361,9633
159.64603189070132,142.95848528694475,160.18071415671676,41575.0,0.0528014786541461,0.0435268320143222,6.843317031860352,5.522165775299072,9742
157.71713146071446,143.5800898028754,145.539795921598,41527.0,0.0610292181372642,0.0610292181372642,7.866220951080322,7.866220951080322,9876
156.46948113281977,145.11075776236382,130.41884128028204,41521.0,0.0517012067139148,0.0451978184282779,6.413233280181885,5.520349502563477,10070
155.94537363974777,147.4621493136734,114.42472979425747,41587.0,0.0510426461696624,0.0465246103703975,6.410128116607666,5.7827558517456055,10269
156.16278459131303,150.49018926965687,96.89535779669494,41581.0,0.0513139031827449,0.04688685759902,6.33639669418335,5.730710029602051,10482
157.11424187151422,153.9850326311521,76.70367999932976,41555.0,0.0554594025015831,0.0501209609210491,7.080326080322266,6.333275318145752,10493
158.7673000476845,157.64337818432617,52.096875898860304,41541.0,0.0522404909133911,0.0420003421604633,6.567402362823486,5.145118713378906,10421
161.0665276711844,161.01099528315626,21.475329108595872,41549.0,0.0510329976677894,0.0400691181421279,6.501057147979736,4.95704460144043,10300
170.3925196860064,170.3601935709378,14.504640118460657,41539.0,0.0557742044329643,0.0555466003715992,7.038480758666992,7.007004261016846,10216
167.20704646093347,166.7083074505243,48.812666864736826,41541.0,0.0506273731589317,0.0360431633889675,6.539237976074219,4.459380149841309,10356
164.40322562963297,163.16809903875946,75.07693572680796,41559.0,0.0497012622654438,0.0362733155488967,6.365988731384277,4.461459636688232,10452
162.06841630441912,159.9936777982723,95.6494959842876,41577.0,0.0494454018771648,0.0417691320180892,6.382804393768311,5.285835266113281,10489
160.27706714228162,157.34081555961032,113.0329829141842,41595.0,0.0563538484275341,0.0450056344270706,7.2250752449035645,5.631365776062012,10389
159.08752220536005,155.3213041280923,128.67447886874035,41571.0,0.0538183338940143,0.0364864468574523,6.745402812957764,4.355564594268799,10351
158.53917940934363,154.01563921207313,143.35525716191748,41535.0,0.0547418519854545,0.0546544529497623,7.028931140899658,7.016623020172119,10349
158.6503882271549,153.47495984783356,157.51171328124744,41579.0,0.0504991002380847,0.0446631461381912,6.464583873748779,5.639461994171143,10236
159.41741732119715,153.72035698129267,171.40390158541513,41545.0,0.0587056204676628,0.0495570413768291,7.495951175689697,6.221378803253174,10376
160.81466727792315,154.74226132608254,174.7943393391601,41555.0,0.0575828589498996,0.0424082279205322,7.417940139770508,5.283816814422607,10343
162.79609168359448,156.50074232969365,160.93849473084876,41555.0,0.0504795387387275,0.0502430014312267,6.412631034851074,6.379360675811768,10207
165.29758988361814,158.92635620891133,146.86651303430068,41587.0,0.0509852841496467,0.0495651811361312,6.439990997314453,6.241546154022217,9978
168.24000984418882,161.9197162114867,132.34603615473674,41583.0,0.0565598309040069,0.0563803054392337,7.028579711914063,7.0041046142578125,9728
171.53237953718786,165.3445338093414,116.99547582849743,41523.0,0.0504094660282135,0.0393177457153797,6.428165435791016,4.863078594207764,9620
175.07505950350088,168.9960328424398,100.14073221000582,41571.0,0.0502069182693958,0.0490442365407943,6.333310127258301,6.170732498168945,9650
178.7626393633219,172.46449637388653,80.53815766963724,41545.0,0.0496753379702568,0.0368048287928104,6.27042818069458,4.468222141265869,9786
177.51345773648674,174.58554198197248,55.9555518406743,41563.0,0.0531853437423706,0.047180451452732,6.592164993286133,5.770723819732666,10039
173.8625816850187,173.53135807352672,23.629097803922093,41567.0,0.0514804013073444,0.041185088455677,6.648336887359619,5.181778907775879,10142
161.49466634583536,161.32509596971056,17.066224252801817,41535.0,0.054102599620819,0.0420247167348861,6.895260810852051,5.2040300369262695,10155
162.08643895071432,159.82073004628296,54.91610594468512,41577.0,0.0509290248155593,0.0422376655042171,6.392099380493164,5.1850104331970215,9903
163.2258660401385,156.95426087907833,81.00501285316838,41571.0,0.0504258647561073,0.0439046025276184,6.155607223510742,5.2708892822265625,9801
164.87608974411825,153.41830177360106,100.49873248287484,41519.0,0.0587676651775836,0.0371408723294734,7.496788501739502,4.485050201416016,9715
166.9844424997121,149.7749724809871,116.7970009792824,41535.0,0.0540715530514717,0.0414690822362899,6.945599555969238,5.1662116050720215,9616
169.48473136773848,146.4199242873112,131.48178392978664,41561.0,0.0477505028247833,0.0399741567671299,6.04656982421875,4.951228141784668,9637
172.2998141900101,143.6300683487976,145.31530244714864,41529.0,0.046610340476036,0.046610340476036,5.955108642578125,5.955108642578125,9713
175.34424263822368,141.60019852336504,158.69643470269077,41585.0,0.0668150782585144,0.0668150782585144,8.521872520446777,8.521872520446777,9727
178.5268223993702,140.4599251432362,171.85319634194482,41551.0,0.0530525259673595,0.0530525259673595,6.898527145385742,6.898527145385742,9931
178.2469685733782,140.27909110696575,175.06619249915323,41541.0,0.0500131584703922,0.0459924340248107,6.366147041320801,5.799867630004883,10288
175.0726815520734,141.0686215938369,161.94007644055208,41557.0,0.0479346700012683,0.0445552356541156,6.18170690536499,5.6975860595703125,10418
172.04464176331766,142.7805258882025,148.63094885691493,41545.0,0.0483779683709144,0.0394931733608245,6.2525248527526855,4.979353904724121,10371
169.2536419567081,145.30762551989918,134.93670041944537,41559.0,0.055310420691967,0.0426989160478115,7.210127353668213,5.410400390625,10226
166.7845116707635,148.48047088372726,120.51264289527164,41557.0,0.0496285483241081,0.0460855551064014,6.333298683166504,5.832284927368164,10229
164.7135461945568,152.05567748579853,104.7136275025695,41541.0,0.0519866682589054,0.0464946702122688,6.594268321990967,5.825732707977295,10223
163.1058621228889,155.68728184264407,86.22641262461302,41567.0,0.0478357151150703,0.044203408062458,6.119811534881592,5.603431224822998,10289
162.0128368110377,158.87898102170357,62.21739827025775,41597.0,0.0513609871268272,0.0417842008173465,6.440124988555908,5.111476898193359,10323
161.46986157089725,160.96816213078174,27.56677510267892,41561.0,0.0599681586027145,0.0395332090556621,7.526162147521973,4.729369640350342,10376
175.88156940580984,173.6094669678594,23.95166262365709,41541.0,0.0471848845481872,0.04168551415205,6.155520915985107,5.35767126083374,10364
178.46982986158812,176.92403242232464,67.37980514570253,41549.0,0.0545499809086322,0.0486966185271739,6.910682201385498,6.095674514770508,10281
178.89619616776815,178.8351961181424,91.19100584957808,41521.0,0.0617976710200309,0.0617976710200309,7.982465744018555,7.982465744018555,10307
176.29519442931615,175.81982241180995,108.17432561177604,41555.0,0.048548150807619,0.0397770404815673,6.16025447845459,4.924994468688965,10405
173.80499821741634,172.52177441768052,122.51029812719544,41585.0,0.0541784353554248,0.0396874770522117,6.861461162567139,4.84467887878418,10500
171.50054025877105,169.4084017508639,135.64400406177762,41555.0,0.0493325293064117,0.0395657159388065,6.300778388977051,4.918105602264404,10556
169.4517722123666,166.5991910415249,148.18124529344252,41557.0,0.0586721450090408,0.0573248006403446,7.640927314758301,7.449828147888184,10543
167.72156206538753,164.1866031560331,160.41477197927364,41571.0,0.0517055429518222,0.0484216958284378,6.66180944442749,6.195019721984863,10142
166.36362396279512,162.24855816733245,172.502309783433,41545.0,0.0511408783495426,0.0450656376779079,6.37830924987793,5.539240837097168,9845
165.4205823560959,160.84808299870608,175.45878603194456,41585.0,0.0590414404869079,0.0393019281327724,7.568236827850342,4.809957027435303,9717
164.92230893555467,160.03125984574916,163.3908829013488,41485.0,0.0600210167467594,0.0384236052632331,7.721081733703613,4.698774337768555,9618
164.8846831592175,159.82523102146638,151.2046019645684,41547.0,0.0554607361555099,0.046494822949171,7.028383731842041,5.781824588775635,9720
165.30890692287844,160.2368767538551,138.7620042362285,41579.0,0.0499679259955883,0.0464294627308845,6.413009166717529,5.910665512084961,9813
166.18145191708476,161.2524643354191,125.81401293713095,41515.0,0.0546125099062919,0.0467993207275867,7.043951511383057,5.937742710113525,9976
167.4746458874673,162.83834221891487,111.85953023508657,41537.0,0.0495714470744133,0.0473512858152389,6.271741390228272,5.960121154785156,10114
169.14783004005116,164.94253173339038,95.74984416725565,41581.0,0.0524852611124515,0.0499204024672508,6.668686866760254,6.3094482421875,10268
171.14896350681212,167.4968338919,74.32434237092521,41489.0,0.0592542514204978,0.0434205904603004,7.550854682922363,5.35228157043457,10482
173.4165250248193,170.41863350609992,37.50771295115905,41561.0,0.0515683852136135,0.0383397378027439,6.492065906524658,4.651980400085449,10509
171.46456809195092,168.00712343938875,89.38121342341142,41633.0,0.0514565631747245,0.04724583029747,6.483813762664795,5.897176742553711,9825
170.4728526465996,164.38190218138567,102.37832755722329,41565.0,0.0547380670905113,0.044245608150959,6.923898220062256,5.46684455871582,9910
169.7707547321277,161.03957069955268,112.75878977466844,41569.0,0.0525532364845275,0.0454863905906677,6.658400058746338,5.6720051765441895,10007
169.38004698031222,158.16535406577773,122.88692765420782,41517.0,0.0568255521357059,0.0475305058062076,7.312939643859863,6.004218578338623,10086
169.31288516192092,155.88676969442588,132.9773926037178,41543.0,0.0541686080396175,0.0541686080396175,7.020096302032471,7.020096302032471,10255
169.57136179363292,154.2966406680912,143.08759927334987,41543.0,0.0530363097786903,0.0456170290708541,6.9332475662231445,5.868378639221191,10467
170.1474284896943,153.457874521339,153.23525528687966,41541.0,0.0554431639611721,0.0469062104821205,7.144007682800293,5.9391961097717285,10527
171.0231933156141,153.4033860465984,163.42051530242722,41555.0,0.0525352098047733,0.0525352098047733,6.932807445526123,6.932807445526123,10381
172.17156950044034,154.13531046765524,173.63328505680326,41567.0,0.0483719296753406,0.0483522154390811,6.1245198249816895,6.121745586395264,10293
173.55722692899008,155.62493747887356,176.1425310634425,41571.0,0.0497001223266124,0.0403291396796703,6.504342555999756,5.148331642150879,10199
175.1377826258108,157.8134476774985,165.92531910573808,41529.0,0.0447766780853271,0.0421530343592166,5.776907444000244,5.39876127243042,10182
176.8651628385721,160.61224367548553,155.73207715132534,41603.0,0.0531545951962471,0.0433998182415962,6.689109802246094,5.336817264556885,10319
178.687076039317,163.89929059562738,145.5747270279264,41541.0,0.0488999709486961,0.0432308875024318,6.234083652496338,5.432542324066162,10258
179.45145055351452,167.5002502762311,135.45610865063873,41571.0,0.053394865244627,0.0438596718013286,6.9731645584106445,5.605687618255615,10244
177.60650336170593,171.10939582723594,125.36391076654851,41521.0,0.0495292656123638,0.0417528636753559,6.107499599456787,5.041461944580078,9937
175.833704201836,173.95024789347565,115.25462303562104,41571.0,0.0536164157092571,0.0455282665789127,6.618046283721924,5.517168521881104,9724
174.18663630776172,174.18607560700272,104.980131760082,41563.0,0.0518328510224819,0.045158464461565,6.614891052246094,5.675088882446289,9688
172.71529188301605,171.57559318106215,93.50299275998542,41529.0,0.0547143742442131,0.0490529760718345,6.947587013244629,6.158095359802246,9647
180.0,177.23289702928628,179.99999999999997,41527.0,0.0508097968995571,0.0508097968995571,6.379924774169922,6.379924774169922,9270
180.0,173.6447415985937,179.99999999999997,41537.0,0.0486255772411823,0.0486255772411823,6.071267604827881,6.071267604827881,9685
180.0,170.24405314022647,179.99999999999997,41509.0,0.0557975396513938,0.0477336831390857,7.177337646484375,6.041706562042236,9534
180.0,167.13271866047998,179.99999999999997,41537.0,0.0511364750564098,0.0478700138628482,6.479859828948975,6.022246360778809,9518
180.0,164.40570496893844,179.99999999999997,41519.0,0.0517861805856227,0.0430421121418476,6.630629539489746,5.395771026611328,9653
180.0,162.14808602574644,179.99999999999997,41551.0,0.0521562173962593,0.0409052371978759,6.592068672180176,5.022886753082275,9749
180.0,160.43189032240352,179.99999999999997,41553.0,0.0637860968708992,0.0637860968708992,8.12541675567627,8.12541675567627,9820
180.0,159.31299750909417,179.99999999999997,41615.0,0.0501620471477508,0.0405942313373088,6.41368579864502,5.061217784881592,10007
180.0,158.8284197385228,179.99999999999991,41517.0,0.0532995164394378,0.0414763540029525,6.803003311157227,5.143288612365723,10280
180.0,158.99433820125296,179.99999999999991,41527.0,0.0489224307239055,0.0387241467833519,6.446945667266846,4.9611430168151855,9857
180.0,159.80520188319068,179.99999999999991,41537.0,0.0474253222346305,0.0401415340602397,6.080142974853516,5.04215145111084,10411
180.0,161.23403973875557,179.99999999999991,41509.0,0.0480616316199302,0.0365338623523712,6.2830023765563965,4.612161636352539,10267
180.0,163.23393320164854,179.99999999999991,41537.0,0.0513762570917606,0.0513762570917606,6.661806583404541,6.661806583404541,10160
180.0,165.74040889060603,179.99999999999991,41519.0,0.0488813035190105,0.0437183193862438,6.118425369262695,5.400189399719238,10067
180.0,168.67439932406978,179.99999999999991,41551.0,0.0491616204380989,0.0478576868772506,6.38702392578125,6.199354648590088,10166
180.0,171.945407799188,179.99999999999991,41553.0,0.0513530224561691,0.0429099574685096,6.550858974456787,5.361968040466309,10299
180.0,175.45458970228702,179.99999999999991,41615.0,0.0543097853660583,0.043328084051609,7.021294116973877,5.462985038757324,10276
180.0,179.09758897946378,179.99999999999991,41517.0,0.0510609932243824,0.0383145585656166,6.4809746742248535,4.691986560821533,10178
