,ang_dist,cone_dist,inplane_dist,common_voxels,ccc,ccc_masked,z_score,z_score_masked,cone_ang_dist,cone_cone_dist,cone_inplane_dist,cone_common_voxels,cone_ccc,cone_ccc_masked,cone_z_score,cone_z_score_masked,inplane_ang_dist,inplane_cone_dist,inplane_inplane_dist,inplane_common_voxels,inplane_ccc,inplane_ccc_masked,inplane_z_score,inplane_z_score_masked
0,0.0,0.0,0.0,41527.0,0.14795899391174316,0.14795899391174316,19.048559188842773,19.048559188842773,0.0,0.0,0.0,41527.0,0.14795899391174316,0.14795899391174316,19.048559188842773,19.048559188842773,0.0,0.0,0.0,41527.0,0.14795899391174316,0.14795899391174316,19.048559188842773,19.048559188842773
1,2.2360452719662183,1.0196630144313306,0.7398816261586774,41561.0,0.14201457798480988,0.14201457798480988,18.297819137573242,18.297819137573242,1.414204587376545,0.9944660146641646,0.6537055755876224,41573.0,0.1470438838005066,0.1470438838005066,18.9788761138916,18.9788761138916,0.9999999999968093,0.18387402217508084,0.0,41533.0,0.14781580865383148,0.14781580865383148,19.01400375366211,19.01400375366211
2,4.471954294130034,2.0392897916671338,1.5235426452151444,41499.0,0.12764933705329895,0.12764933705329895,16.529956817626953,16.529956817626953,2.8283553219044113,1.9921452702754052,1.2055385823381926,41533.0,0.14111432433128357,0.14111432433128357,18.24529266357422,18.24529266357422,1.9999999999998004,0.36773451500135185,0.0,41543.0,0.14191317558288574,0.14191317558288574,18.221569061279297,18.221569061279297
3,6.707590733669517,3.0588441388966436,2.3419753754008923,41511.0,0.11141100525856018,0.11141100525856018,14.529093742370605,14.529093742370605,4.242398336379103,2.993023095310328,1.6777756643163286,41511.0,0.13242630660533905,0.13242630660533905,17.204242706298828,17.204242706298828,2.999999999999602,0.5515679498384654,0.0,41483.0,0.13482515513896942,0.13482515513896942,17.312288284301758,17.312288284301758
4,8.942818091649366,4.078289952042072,3.188654572844115,41501.0,0.09265034645795822,0.09265034645795822,12.124853134155273,12.124853134155273,5.656279734885918,3.997083938311944,2.086659579660676,41523.0,0.12281373888254166,0.12281373888254166,16.08612060546875,16.08612060546875,4.000000000000259,0.735360799484599,0.0,41475.0,0.1280868798494339,0.1280868798494339,16.476085662841797,16.476085662841797
5,11.177499619780882,5.097591260035553,4.058737826424931,41547.0,0.07302927225828171,0.07302927225828171,9.521247863769531,9.521247863769531,7.06994557843028,5.004311389989505,2.4443073911013187,41573.0,0.11480436474084854,0.11480436474084854,15.131823539733887,15.131823539733887,4.9999999999996145,0.9190995388898641,0.0,41505.0,0.12076327204704285,0.12076327204704285,15.5658597946167,15.5658597946167
6,13.41149823696318,6.1167122689845135,4.948556093993119,41589.0,0.056813422590494156,0.056813422590494156,7.295328617095947,7.295328617095947,8.483341870563374,6.014688205169789,2.759939274694318,41541.0,0.10756812244653702,0.10756812244653702,14.232912063598633,14.232912063598633,5.999999999999603,1.1027706458728077,0.0,41561.0,0.11178839951753616,0.11178839951753616,14.418805122375488,14.418805122375488
7,15.644676445529212,7.135617406194274,5.855278591976628,41569.0,0.053812190890312195,0.053812190890312195,6.863468647003174,6.863468647003174,9.89641454298805,7.028196324579945,3.0406937364340934,41549.0,0.0997944325208664,0.0997944325208664,13.242549896240234,13.242549896240234,6.999999999999685,1.2863606018383713,0.0,41545.0,0.10216252505779266,0.10216252505779266,13.2083158493042,13.2083158493042
8,17.876896247126215,8.15427136400546,6.7766861971153105,41561.0,0.05004660412669182,0.05004660412669182,6.364815711975098,6.364815711975098,11.309109441148529,8.044816896442256,3.292182711445804,41539.0,0.09146977961063385,0.09146977961063385,12.132673263549805,12.132673263549805,7.9999999999999,1.4698558924978478,0.0,41559.0,0.09184315800666809,0.09184315800666809,11.901254653930664,11.901254653930664
9,20.108019058157463,9.172639143414386,7.711014473403452,41541.0,0.04942454397678375,0.044566866010427475,6.293943405151367,5.6077561378479,12.721372309794734,9.064530297863666,3.518878323532533,41541.0,0.08157694339752197,0.08157694339752197,10.793588638305664,10.793588638305664,8.999999999999856,1.653243008587625,0.0,41541.0,0.08078961819410324,0.08078961819410324,10.492603302001953,10.492603302001953
10,22.33790562470978,10.190686097435405,8.65684258473678,41531.0,0.05319267138838768,0.04169432446360588,6.845175266265869,5.216249465942383,14.133148778523084,10.087316156003759,3.724387908316004,41589.0,0.07234161347150803,0.07234161347150803,9.494450569152832,9.494450569152832,9.999999999999838,1.836508446592064,0.0,41551.0,0.07064715772867203,0.07064715772867203,9.191035270690918,9.191035270690918
11,24.56641593689481,11.208377974169755,9.613013172873082,41583.0,0.05030009150505066,0.04380827769637108,6.491586208343506,5.564591884613037,15.544384347284582,11.113153369004557,3.9116531793493152,41551.0,0.06184520944952965,0.06184520944952965,8.023015022277832,8.023015022277832,10.999999999999678,2.0196387094626087,0.0,41545.0,0.0613173171877861,0.0613173171877861,7.96659517288208,7.96659517288208
12,26.793409142532457,12.225680959542485,10.578573577876625,41511.0,0.04763922095298767,0.04109421744942665,6.110145568847656,5.176249980926514,16.955024371859913,12.142020126669049,4.083096843925716,41593.0,0.052902720868587494,0.052902720868587494,6.762491703033447,6.762491703033447,11.999999999999808,2.202620307343426,0.0,41537.0,0.0542864054441452,0.0542864054441452,7.021100997924805,7.021100997924805
13,29.018743460102282,13.242561719668878,11.552732050018705,41537.0,0.05213693156838417,0.03698477894067764,6.769578456878662,4.603602409362793,18.365014049296793,13.173893930873442,4.240732145096757,41565.0,0.05092338100075722,0.05092338100075722,6.4853386878967285,6.4853386878967285,12.999999999999929,2.3854397582936544,0.0,41583.0,0.04851089417934418,0.04819292575120926,6.228091716766357,6.1827921867370605
14,31.24227609088957,14.258987442812355,12.534824673646227,41597.0,0.04862721636891365,0.040689919143915176,6.300182342529297,5.160765171051025,19.774298403307757,14.208751615702079,4.386245813196837,41587.0,0.050984978675842285,0.050984978675842285,6.494150638580322,6.494150638580322,13.999999999999945,2.568083589015789,0.0,41547.0,0.04833105579018593,0.04296457767486572,6.215260028839111,5.449298858642578
15,33.46386313025452,15.27492588089466,13.524290064817706,41541.0,0.04740453138947487,0.03936067596077919,6.162527561187744,5.001569747924805,21.182822269620345,15.246569367292189,4.521061657223953,41591.0,0.049445100128650665,0.049445100128650665,6.306026935577393,6.306026935577393,14.999999999999929,2.7505383355810222,0.0,41589.0,0.04604659602046013,0.04283858835697174,5.888515472412109,5.430715560913086
16,35.68335947795273,16.29034539051859,14.520649790752401,41585.0,0.043131664395332336,0.03960083797574043,5.603531360626221,5.0890326499938965,22.590530281282398,16.28732274337898,4.646389865586542,41577.0,0.04973975941538811,0.0467258021235466,6.368541240692139,5.9413228034973145,15.999999999999963,2.9327905441601185,0.0,41503.0,0.04673057049512863,0.043924517929553986,5.963455677032471,5.564487934112549
17,37.900618747433825,17.305214973463713,15.523493055618928,41593.0,0.04671007767319679,0.041127320379018784,6.157572269439697,5.339923858642578,23.99736685391324,17.330986692530203,4.76326562460747,41529.0,0.05365579202771187,0.046402446925640106,6.936821937561035,5.906793594360352,16.99999999999992,3.1148267717548004,0.0,41531.0,0.04852878302335739,0.046631015837192535,6.191447734832764,5.922796726226807
18,40.11549317404762,18.319504316614697,16.53246460547112,41583.0,0.0440000481903553,0.041956257075071335,5.77640962600708,5.476217746734619,25.403276170902156,18.37753557306272,4.872579658966828,41561.0,0.056518182158470154,0.047013819217681885,7.31828498840332,5.972931385040283,17.999999999999886,3.296633586930266,0.0,41585.0,0.05048578232526779,0.047543708235025406,6.4338812828063965,6.019503593444824
19,42.327833522086465,19.333183831281037,17.547255088957968,41573.0,0.04825429245829582,0.03984750062227249,6.3267693519592285,5.105411529541016,26.808202168547027,19.426943171631855,4.975102597656473,41561.0,0.058229997754096985,0.04833533242344856,7.536126136779785,6.139871120452881,18.99999999999998,3.478197570551632,0.0,41607.0,0.05307059735059738,0.04774981364607811,6.746930122375488,6.0028839111328125
20,44.537488990593765,20.346224691867516,18.56759331056142,41575.0,0.04758354648947716,0.03580377995967865,6.17351770401001,4.476452827453613,28.212088521132674,20.479182721486996,5.071504573414558,41577.0,0.05790059641003609,0.048489075154066086,7.4486823081970215,6.1273417472839355,19.99999999999995,3.6595053165211744,0.0,41537.0,0.05587932839989662,0.04576137661933899,7.102462291717529,5.694589614868164
21,46.74430711786883,21.358598873852923,19.59323995610066,41593.0,0.047633931040763855,0.035739339888095856,6.185822486877441,4.470704078674316,29.614878625945472,21.534226920387272,5.16237110849471,41587.0,0.05615221709012985,0.04764680936932564,7.168409824371338,5.979641914367676,20.99999999999991,3.840543432519204,0.0,41531.0,0.05672350525856018,0.04469950124621391,7.194721221923828,5.526977062225342
22,48.9481336845988,22.37027919103539,20.623982473654024,41587.0,0.05348881334066391,0.03941236436367035,7.051489353179932,5.016027927398682,31.016515588218578,22.59204794817091,5.248216082134746,41567.0,0.05186476558446884,0.04554043337702751,6.5375871658325195,5.657471656799316,21.999999999999986,4.021298540746367,0.0,41557.0,0.055538300424814224,0.04443971440196037,7.027031421661377,5.488325119018555
23,51.14881261555128,23.381239332001467,21.659630868692517,41553.0,0.05122055485844612,0.04032318294048309,6.72873067855835,5.152118682861328,32.41694220600873,23.652617483974375,5.329492386299421,41573.0,0.05051375553011894,0.04425133764743805,6.350684642791748,5.479183197021484,22.99999999999995,4.2017572786694934,0.0,41525.0,0.05526212602853775,0.04538809135556221,7.0002899169921875,5.629146099090576
24,53.34618587975923,24.391453895775598,22.700014228140446,41527.0,0.04918351769447327,0.04169943183660507,6.428852558135986,5.347239971160889,33.816100954999484,24.71590672309623,5.406600736418454,41561.0,0.05057307332754135,0.04595464840531349,6.348904609680176,5.707015514373779,23.999999999999915,4.381906299769491,0.0,41545.0,0.05496079474687576,0.04468650743365288,6.997330188751221,5.562957763671875
25,55.5400933891347,25.400898426607306,23.74497782982729,41567.0,0.05044710636138916,0.04915035888552666,6.605456352233887,6.418152809143066,35.21393397322867,25.781886393502667,5.479896999225588,41533.0,0.04970148205757141,0.047733306884765625,6.197598934173584,5.925263404846191,25.000000000000004,4.561732274293036,0.0,41611.0,0.053330305963754654,0.045320238918066025,6.819242477416992,5.693262100219727
26,57.7303728954473,26.40954944785134,24.794380725254058,41539.0,0.054896414279937744,0.054896414279937744,7.219658374786377,7.219658374786377,36.61038304573711,26.850526771971925,5.549698320841571,41545.0,0.054308027029037476,0.04894900321960449,6.857183456420898,6.113369941711426,25.999999999999936,4.74122189000583,0.0,41623.0,0.05133020505309105,0.04676950350403786,6.580186367034912,5.9351725578308105
27,59.9168598856049,27.417384494897348,25.84809370750847,41611.0,0.054328955709934235,0.054328955709934235,7.108942985534668,7.108942985534668,38.0053895891376,27.92179769987497,5.616288278126916,41563.0,0.053908392786979675,0.050199609249830246,6.820637226104736,6.304556369781494,26.999999999999968,4.920361852951071,0.0,41567.0,0.048368439078330994,0.048368439078330994,6.202474117279053,6.202474117279053
28,62.09938747517857,28.424382147104538,26.905997594488184,41553.0,0.05184409022331238,0.05184409022331238,6.727474689483643,6.727474689483643,39.39889463610048,28.995668598590637,5.679921230197891,41573.0,0.049982402473688126,0.049868661910295486,6.308124542236328,6.2922163009643555,27.999999999999947,5.099138888208823,0.0,41477.0,0.05055207759141922,0.05055207759141922,6.550167083740234,6.550167083740234
29,64.27778630011413,29.430522058696646,27.96798177173892,41547.0,0.04544854536652565,0.04488144442439079,5.818789005279541,5.7375874519348145,40.790838819754,30.072108484555006,5.740826011325964,41563.0,0.05174931511282921,0.04893884062767029,6.589456558227539,6.194455623626709,28.999999999999964,5.277539740660433,0.0,41515.0,0.05057068541646004,0.05057068541646004,6.583950042724609,6.583950042724609
30,66.45188440657513,30.435784988572664,29.03394295022173,41535.0,0.047757092863321304,0.03985173627734184,6.1502485275268555,5.018543720245361,42.18116235799819,31.151085983942973,5.7992090786590325,41551.0,0.05193936824798584,0.045426104217767715,6.668844699859619,5.746736526489258,29.99999999999989,5.455551175755655,0.0,41553.0,0.04843383654952049,0.04821385070681572,6.290554046630859,6.258882999420166
31,68.62150713886848,31.44015282898841,30.10378410294294,41533.0,0.04868827015161514,0.03894666209816933,6.246718883514404,4.8601460456848145,43.569805037729544,32.232569346983084,5.855257206420589,41551.0,0.05085534229874611,0.041509959846735,6.540945053100586,5.213546276092529,30.999999999999975,5.633159980283502,0.0,41579.0,0.047996293753385544,0.04674779251217842,6.239020347595215,6.058974266052246
32,70.78647702540268,32.443608633064564,31.17741355117434,41541.0,0.05139601230621338,0.037350576370954514,6.639948844909668,4.638973236083984,44.956706198975695,33.31652646190539,5.909139801053641,41553.0,0.052590347826480865,0.039603907614946365,6.7968268394470215,4.950160503387451,31.999999999999943,5.810352963146161,0.0,41571.0,0.05139095336198807,0.04447481781244278,6.728990077972412,5.731583595275879
33,72.94661366263803,33.446136641075704,32.254744176380484,41613.0,0.05123542621731758,0.03618320822715759,6.605432033538818,4.464688777923584,46.341804718938256,34.4029248685231,5.961010898129786,41583.0,0.05296693742275238,0.038431815803050995,6.8611531257629395,4.791306972503662,33.0,5.987116956137829,0.0,41587.0,0.053483203053474426,0.04082533344626427,7.036513328552246,5.209609508514404
34,75.10173359698791,34.44772230547703,33.335692738268136,41601.0,0.05359577015042305,0.03544924780726433,6.935850143432617,4.356391906738281,47.72503899594277,35.491731771449366,6.011010890946835,41623.0,0.05398857221007347,0.038445331156253815,7.0027923583984375,4.7907023429870605,33.999999999999936,6.163438814726182,0.0,41571.0,0.05258772522211075,0.03737473115324974,6.892014503479004,4.700949192047119
35,77.25165020463892,35.44835231462354,34.420179282822374,41517.0,0.052093617618083954,0.04011424630880356,6.725630283355713,5.021821975708008,49.106346933294915,36.58291405295073,6.059268031989461,41573.0,0.052975740283727646,0.04173041880130768,6.847957134246826,5.249895095825195,35.0,6.339305418838371,0.0,41501.0,0.05092887207865715,0.04121677577495575,6.64993143081665,5.251857757568359
36,79.39617356926189,36.448014615138476,35.50812662697339,41545.0,0.05414320155978203,0.042895928025245667,6.967597484588623,5.378482341766357,50.485665923042205,37.67643828543888,6.10589974136613,41541.0,0.048203255981206894,0.04146796464920044,6.162564277648926,5.206301689147949,35.99999999999997,6.514703673650571,0.0,41521.0,0.04998907446861267,0.043637968599796295,6.518517017364502,5.60394287109375
37,81.53511035759182,37.44669843288729,36.59945990879285,41547.0,0.050807248800992966,0.04012412950396538,6.4529523849487305,4.953063011169434,51.86293282964056,38.77227074360354,6.151013750606751,41563.0,0.046778708696365356,0.042434077709913254,5.941969394683838,5.3267951011657715,36.99999999999992,6.689620510382315,0.0,41493.0,0.047998908907175064,0.04290848597884178,6.2366838455200195,5.503191947937012
38,83.66826369286383,38.44439429251523,37.69410619395285,41571.0,0.05384748801589012,0.042330000549554825,6.7686686515808105,5.175499439239502,53.238083973526024,39.87037741618835,6.194709105538664,41543.0,0.048708416521549225,0.045330606400966644,6.198574066162109,5.721434593200684,37.99999999999995,6.864042887093819,0.0,41527.0,0.04645361006259918,0.042255792766809464,6.011672496795654,5.407035827636719
39,85.79543302609778,39.441094035505465,38.79199413068264,41581.0,0.05266135558485985,0.044060468673706055,6.508440971374512,5.334461212158203,54.61105511459088,40.970724017413,6.2370770481353475,41573.0,0.05059097707271576,0.045477867126464844,6.444821834564209,5.724642753601074,38.99999999999995,7.037957789489013,0.0,41491.0,0.05072781443595886,0.04162813723087311,6.619176864624023,5.309962749481201
40,87.91641400523554,40.4367908367178,39.893053646690845,41537.0,0.0523584820330143,0.0499458834528923,6.399060249328613,6.0729522705078125,55.98178143556566,42.073275998044956,6.278201794090563,41523.0,0.05053488537669182,0.04468921199440956,6.423201560974121,5.601555824279785,39.999999999999986,7.211352231721239,0.0,41509.0,0.05452852323651314,0.04118477180600166,7.176647663116455,5.2541632652282715
41,90.03099834214203,41.43147921936675,40.99721568253878,41561.0,0.05518696457147598,0.049705665558576584,6.726253509521484,5.990952968597412,57.35019752530683,43.1779985561234,6.318161220274675,41521.0,0.04907713085412979,0.04405597224831581,6.201910018920898,5.497759819030762,40.99999999999998,7.384213257204664,0.0,41525.0,0.055623527616262436,0.04229224473237991,7.3515095710754395,5.426721096038818
42,92.13897367749519,42.42515506840133,42.1044119567928,41631.0,0.055045630782842636,0.04997200518846512,6.709283351898193,6.028441905975342,58.71623736199176,44.28485664733945,6.357027474079786,41573.0,0.0496891513466835,0.04593558982014656,6.283027648925781,5.7569050788879395,41.99999999999997,7.556527939429189,0.0,41569.0,0.053772736340761185,0.043728191405534744,7.099117279052734,5.645997524261475
43,94.2401234435988,43.417815642247525,43.2145747589841,41575.0,0.05198165774345398,0.04770480468869209,6.371992111206055,5.791597366333008,60.07983429622183,45.39381499507662,6.394867514868906,41571.0,0.051004182547330856,0.051004182547330856,6.451269626617432,6.451269626617432,43.00000000000002,7.728283382780491,0.0,41595.0,0.04957260936498642,0.04425569996237755,6.5037994384765625,5.733242988586426
44,96.33422672516798,44.409459582878064,44.327636766989116,41517.0,0.050902776420116425,0.04588673636317253,6.322362422943115,5.631598949432373,61.44092103403631,46.504838100114824,6.431743596250385,41547.0,0.05893045291304588,0.05893045291304588,7.579413414001465,7.579413414001465,43.99999999999999,7.899466723363723,0.0,41603.0,0.04707912728190422,0.04468314349651337,6.154623031616211,5.806753635406494
45,98.42105811814942,45.40008692417446,45.44353088593229,41597.0,0.04598034545779228,0.044386256486177444,5.7202582359313965,5.498014450073242,62.799429619838065,47.61789025000256,6.467713696644381,41541.0,0.058836065232753754,0.058836065232753754,7.638486385345459,7.638486385345459,44.99999999999994,8.070065129832788,0.0,41603.0,0.04827287420630455,0.04356826841831207,6.329549789428711,5.646398067474365
46,100.50038758665605,46.38969909854819,46.56219010612355,41597.0,0.04879538714885712,0.04879538714885712,6.182034969329834,6.182034969329834,64.15529141923497,48.7329355281012,6.502831904555109,41533.0,0.05679996311664581,0.05679996311664581,7.379515647888184,7.379515647888184,45.99999999999996,8.240065804223532,0.0,41543.0,0.049403611570596695,0.040908657014369965,6.500247955322266,5.265688896179199
47,102.57198031811251,47.37829894179021,47.683547377890164,41583.0,0.05186668038368225,0.04659320041537285,6.616785526275635,5.874396324157715,65.50843710179858,49.849937822305876,6.537148764072498,41539.0,0.0529094822704792,0.0529094822704792,6.84815788269043,6.84815788269043,47.0,8.40945598279204,0.0,41497.0,0.05087577924132347,0.04054036736488342,6.7201080322265625,5.216968059539795
48,104.63559657672631,48.365890696119045,48.80753550145286,41569.0,0.05257021263241768,0.04214094579219818,6.692238807678223,5.2292656898498535,66.8587966237449,50.9688608334474,6.5707115853751645,41545.0,0.05436954274773598,0.04680938646197319,7.076862812042236,5.997314453125,47.99999999999998,8.578222936856964,0.0,41489.0,0.05131439492106438,0.041097961366176605,6.791506290435791,5.304165840148926
49,106.69099155542149,49.35248001140105,49.93408703024559,41615.0,0.05172551050782204,0.04274184629321098,6.503376007080078,5.2558698654174805,68.20629921054035,52.08966808337959,6.603564724366123,41579.0,0.05406929552555084,0.04089588671922684,7.018368244171143,5.141086578369141,48.999999999999964,8.746353973647253,0.0,41589.0,0.04989660903811455,0.03933984413743019,6.590263843536377,5.0522918701171875
50,108.73791522639395,50.33807394451803,51.063134186287385,41547.0,0.049669504165649414,0.0458652637898922,6.174083709716797,5.649354457855225,69.55087333943784,53.21232292275673,6.635749835030651,41525.0,0.05160188674926758,0.0411541648209095,6.628209590911865,5.147248268127441,50.00000000000001,8.913836437154458,0.0,41615.0,0.05000818148255348,0.03703661635518074,6.597823143005371,4.710375785827637
51,110.77611219047019,51.32268095685948,52.194608786393786,41555.0,0.049317069351673126,0.049317069351673126,6.122220993041992,6.122220993041992,70.89244672194764,54.33678853850577,6.667306097639141,41579.0,0.05052672699093819,0.041891198605298996,6.462193965911865,5.2405171394348145,51.00000000000003,9.080657708989557,0.0,41577.0,0.05297066643834114,0.037923816591501236,7.036752700805664,4.844668388366699
52,112.80532152548253,52.30631090992036,53.328442178169155,41533.0,0.05201105400919914,0.049209628254175186,6.518797397613525,6.13070821762085,72.23094628624915,55.46302796099786,6.69827042552177,41593.0,0.04870724305510521,0.04097858816385269,6.196070194244385,5.104121685028076,51.99999999999999,9.246805209244918,0.0,41543.0,0.05395272746682167,0.03799188509583473,7.1824774742126465,4.855535984039307
53,114.82527663389718,53.28897505898733,54.46456518484953,41545.0,0.05228431522846222,0.04715457931160927,6.555466175079346,5.844776153564453,73.5662981595488,56.59100407092372,6.728677652799803,41543.0,0.04672848805785179,0.041744038462638855,5.921826362609863,5.217109203338623,52.99999999999996,9.412266397360536,0.0,41493.0,0.053303543478250504,0.03987410292029381,7.112029552459717,5.147182941436768
54,116.83570508996763,54.27068604489937,55.60290805817988,41561.0,0.05022329464554787,0.046374641358852386,6.263794422149658,5.730961799621582,74.89842765039239,57.720679605878004,6.758560705165479,41505.0,0.049671996384859085,0.049671996384859085,6.355615139007568,6.355615139007568,53.99999999999999,9.57702877299583,0.0,41555.0,0.0499555803835392,0.03968341276049614,6.638971328735352,5.132120609283447
55,118.8363284867174,55.2514578838716,56.7434004386038,41573.0,0.05027061700820923,0.04297909885644913,6.248327732086182,5.242029190063477,76.22725923093766,58.85201716665657,6.787950755547826,41587.0,0.05477879196405411,0.05477879196405411,7.098181247711182,7.098181247711182,55.0,9.741079876905655,0.0,41545.0,0.0474521778523922,0.03969793766736984,6.289102554321289,5.148476600646973
56,120.8268622830925,56.231305955375,57.885971322126494,41585.0,0.05166492611169815,0.039183083921670914,6.410709857940674,4.695424556732178,77.55271651919621,59.98497922327164,6.8168773662851265,41549.0,0.05536159127950668,0.05536159127950668,7.181610584259033,7.181610584259033,55.999999999999936,9.904407291821235,0.0,41567.0,0.047119464725255966,0.03871281072497368,6.227611064910889,4.9931511878967285
57,122.80701565166504,57.21024698806637,59.030549033283535,41571.0,0.052430253475904465,0.04455530270934105,6.4677276611328125,5.393107891082764,78.87472226125368,61.11952812068928,6.84536861923317,41543.0,0.05242684483528137,0.05242684483528137,6.76693058013916,6.76693058013916,56.99999999999997,10.066998643336312,0.0,41603.0,0.046901099383831024,0.037357643246650696,6.179842472076416,4.781673908233643
58,124.77649132730963,58.188299043769,60.177061203707495,41533.0,0.056645140051841736,0.04388148710131645,7.033096790313721,5.294624328613281,80.19319831347723,62.25562608429384,6.873451235075379,41557.0,0.052016615867614746,0.047350458800792694,6.692722320556641,6.031125545501709,58.00000000000002,10.22884160079719,0.0,41581.0,0.04977591708302498,0.035239845514297485,6.578622817993164,4.456083297729492
59,126.73498545732119,59.16548149950407,61.32543475583901,41597.0,0.06035783886909485,0.04774801433086395,7.543807506561279,5.825537204742432,81.5080656247212,63.39323522508289,6.901150682956967,41561.0,0.04909142851829529,0.04492712393403053,6.263361930847168,5.674149513244629,58.99999999999999,10.389923878198722,0.0,41529.0,0.05216328799724579,0.03709465637803078,6.9125494956970215,4.716765880584717
60,128.6821874534894,60.141815027580755,62.47559589137211,41531.0,0.05811576172709465,0.05040103569626808,7.260534763336182,6.206585884094238,82.81924421854173,64.53231754459772,6.92849128144141,41521.0,0.050092343240976334,0.04281177371740341,6.385368824005127,5.357959747314453,59.99999999999993,10.55023323508413,0.0,41537.0,0.0541008822619915,0.04002590477466583,7.155951023101807,5.115208625793457
61,130.61777984669925,61.11732157375312,63.62747008406512,41561.0,0.055623963475227356,0.055623963475227356,6.952993869781494,6.952993869781494,84.12665317543313,65.67283493959326,6.95549629167806,41571.0,0.049064017832279205,0.04000219702720642,6.2191386222839355,4.944367408752441,60.999999999999986,10.709757477449928,0.0,41571.0,0.05587271228432655,0.042109932750463486,7.378941059112549,5.391885757446289
62,132.54143814467866,62.09202433345759,64.78098207657999,41571.0,0.05752432718873024,0.05752432718873024,7.264128684997559,7.264128684997559,85.43021061509818,66.81474920645064,6.982188003575345,41573.0,0.051392585039138794,0.040904633700847626,6.559247016906738,5.081483840942383,62.0,10.868484458655375,0.0,41523.0,0.05487184599041939,0.043405067175626755,7.198997974395752,5.550953388214111
63,134.45283069357663,63.06594772614799,65.93605588104418,41557.0,0.055077195167541504,0.055077195167541504,6.9404072761535645,6.9404072761535645,86.72983367876631,67.95802204533693,7.008587815690618,41557.0,0.05385851487517357,0.042723845690488815,6.924129486083984,5.3516621589660645,62.999999999999986,11.026402080336865,0.0,41577.0,0.051341842859983444,0.044434089213609695,6.6631035804748535,5.674242973327637
64,136.35161854411305,64.03911736774896,67.0926147830526,41559.0,0.054939258843660355,0.054939258843660355,6.926536560058594,6.926536560058594,88.0254385115759,69.10261506411543,7.034716309474703,41577.0,0.05370510742068291,0.04670313373208046,6.9275712966918945,5.935476779937744,63.99999999999998,11.183498293326572,0.0,41523.0,0.047668129205703735,0.04340682551264763,6.1228837966918945,5.514209747314453
65,138.23745532311042,65.01156004125289,68.25058134885026,41519.0,0.054875075817108154,0.054875075817108154,6.893319129943848,6.893319129943848,89.31694024503409,70.24848978200876,7.06059331844537,41515.0,0.05296288803219795,0.05054936930537224,6.837216854095459,6.494511604309082,64.99999999999997,11.339761098575865,0.0,41551.0,0.04689673334360123,0.04364722967147827,6.013760566711426,5.5495524406433105
66,140.10998711128363,65.98330366548828,69.40987743545423,41571.0,0.05407797917723656,0.05407797917723656,6.7653632164001465,6.7653632164001465,90.60425297957369,71.39560763301967,7.086237992808435,41551.0,0.05253363028168678,0.05253363028168678,6.782679557800293,6.782679557800293,66.0,11.495178548083196,0.0,41557.0,0.048355553299188614,0.04236876219511032,6.232572078704834,5.376094341278076
67,141.96885232823828,66.95437726209342,70.57042420348941,41583.0,0.053005751222372055,0.05046914517879486,6.601112365722656,6.252552509307861,91.8872897672236,72.54392996911021,7.111668859994921,41529.0,0.05361774191260338,0.05248674750328064,6.945369720458984,6.784454345703125,66.99999999999997,11.649738745826342,0.0,41537.0,0.05019469931721687,0.04197682440280914,6.51362419128418,5.335213661193848
68,143.81368162570172,67.92481092073076,71.73214213252712,41595.0,0.05232200771570206,0.05005742236971855,6.504047870635986,6.192981719970703,93.16596259441228,73.6934180631432,7.136903881540405,41531.0,0.054735079407691956,0.049536969512701035,7.077336311340332,6.340327262878418,68.00000000000004,11.803429848699126,0.0,41547.0,0.049500029534101486,0.04514269530773163,6.425836086273193,5.800105571746826
69,145.6440977900911,68.89463576258323,72.89495103872659,41557.0,0.04855861887335777,0.04424632340669632,5.998413562774658,5.404974937438965,94.44018236492481,74.84403311158711,7.161960506694555,41599.0,0.052767056971788406,0.04423222690820694,6.778861999511719,5.571845531463623,69.00000000000001,11.956240067452338,0.0,41549.0,0.04875298589468002,0.046341992914676666,6.329743385314941,5.9830451011657715
70,147.45971565560436,69.86388390217697,74.05877009459047,41545.0,0.04849410429596901,0.037793926894664764,5.998234748840332,4.5237298011779785,95.70985888303564,75.99573623698706,7.186855723115059,41571.0,0.05216509476304054,0.03637318313121796,6.687908172607422,4.455951690673828,69.99999999999999,12.10815766763899,2.842170943040401e-14,41517.0,0.048833541572093964,0.04757683351635933,6.347102642059326,6.166260242462158
71,149.26014202910235,70.83258840757787,75.22351785065226,41525.0,0.049627527594566345,0.04138929396867752,6.160359859466553,5.024390697479248,96.97490083683867,77.1484884902016,7.21160610497202,41555.0,0.054555315524339676,0.037544067949056625,7.006633758544922,4.6082444190979,71.0,12.259170970563584,0.0,41473.0,0.048264168202877045,0.048264168202877045,6.271857738494873,6.271857738494873
72,151.04497562814018,71.80078325901539,76.38911225892303,41549.0,0.05451516434550285,0.05216362699866295,6.851566791534424,6.5266618728637695,98.23521578180004,78.30225085240794,7.236227858762135,41561.0,0.05480106920003891,0.039421189576387405,7.038021564483643,4.870622158050537,72.0,12.40926835423541,0.0,41449.0,0.04833103343844414,0.04833103343844414,6.2824177742004395,6.2824177742004395
73,152.81380703359102,72.76850330598751,77.55547069792928,41537.0,0.05900907143950462,0.05900907143950462,7.506407260894775,7.506407260894775,99.49071012455872,79.45698423687438,7.260736867111376,41563.0,0.05372272804379463,0.03970197215676308,6.898920059204102,4.919559001922607,72.99999999999996,12.558438254326079,0.0,41513.0,0.04784129187464714,0.04784129187464714,6.201061725616455,6.201061725616455
74,154.5662186583985,73.73578422290802,78.7225099991791,41501.0,0.061605945229530334,0.061605945229530334,7.9036946296691895,7.9036946296691895,100.74128910700206,80.61264949050069,7.285148730824432,41551.0,0.04695581644773483,0.04018401354551315,5.9674601554870605,5.007872581481934,74.0,12.706669165130565,0.0,41537.0,0.04701845720410347,0.046836625784635544,6.069733142852783,6.043627738952637
75,156.301784734081,74.70266246335753,79.8901464748985,41563.0,0.05994061008095741,0.05994061008095741,7.733535289764404,7.733535289764404,101.98685679064441,81.76920739512474,7.309478809423638,41573.0,0.04617098718881607,0.041492246091365814,5.8793768882751465,5.213956356048584,75.0,12.853949640532086,0.0,41481.0,0.04619213193655014,0.04571058973670006,5.941531658172607,5.872488021850586
76,158.020071316705,75.66917521300512,81.0582959468824,41551.0,0.058472998440265656,0.058472998440265656,7.573594570159912,7.573594570159912,103.22731604133922,82.92661866859459,7.333742260404904,41555.0,0.045669425278902054,0.04109905660152435,5.84470796585083,5.190888404846191,76.00000000000001,13.000268294970676,0.0,41541.0,0.04670015722513199,0.04571818187832832,6.0084452629089355,5.867749214172363
77,159.72063631413093,76.63536034126966,82.22687377630783,41583.0,0.05610384792089462,0.05610384792089462,7.2744927406311035,7.2744927406311035,104.46256851435584,84.08484396560313,7.357954077428303,41547.0,0.04858274385333061,0.041181787848472595,6.294058799743652,5.230151176452637,76.99999999999996,13.145613804415309,0.0,41567.0,0.047626905143260956,0.044470977038145065,6.134243488311768,5.6824798583984375
78,161.40302953642424,77.60125635179372,83.39579489435917,41541.0,0.061801500618457794,0.053561896085739136,8.106492042541504,6.9342145919799805,105.69251463985404,85.24384387828235,7.382129127648966,41523.0,0.05163910984992981,0.04024892672896385,6.741451740264893,5.10215950012207,77.99999999999999,13.28997490733928,0.0,41567.0,0.04885871335864067,0.0422150120139122,6.288358688354492,5.340322971343994
79,163.06679277140782,78.56690233180451,84.56497383351584,41537.0,0.06318207085132599,0.051718100905418396,8.310672760009766,6.67822265625,106.9170536087915,86.40357893655325,7.406282188388133,41553.0,0.0499446839094162,0.0417269729077816,6.4922404289245605,5.310410976409912,79.0,13.433340405698857,2.842170943040401e-14,41601.0,0.04861380159854889,0.042611874639987946,6.2292280197143555,5.375776767730713
80,164.71145988741114,79.53233790044119,85.73432475935445,41597.0,0.060768090188503265,0.05130494013428688,7.95773983001709,6.6118669509887695,108.13608335929943,87.56400960822589,7.430427983336841,41543.0,0.04580678790807724,0.04063722863793373,5.913789749145508,5.168513298034668,79.99999999999999,13.575699165915227,0.0,41519.0,0.04679292440414429,0.04338845610618591,5.964602470397949,5.480953216552734
81,166.33655696534586,80.497603156128,86.90376150271848,41583.0,0.05578899011015892,0.04896245524287224,7.229701995849609,6.261421203613281,109.34950056356654,88.7250962988444,7.454581218481735,41471.0,0.04743630066514015,0.0384843572974205,6.150851249694824,4.86007022857666,80.99999999999999,13.717040119859094,0.0,41489.0,0.045660585165023804,0.04430093616247177,5.816586494445801,5.623092174530029
82,167.94160246230194,81.46273862307676,88.07319759210671,41555.0,0.05069617182016373,0.04505801573395729,6.499009132385254,5.700180530548096,110.55720061526844,89.88679935126773,7.478756617938956,41581.0,0.046584151685237885,0.03565676510334015,6.002219200134277,4.433308124542236,82.0,13.857352265838472,2.842170943040401e-14,41835.0,0.045737363398075104,0.04432256519794464,5.871551990509033,5.668889999389648
83,169.52610740891632,82.42778519700323,89.24254628613423,41531.0,0.04601634293794632,0.03864779695868492,5.821800231933594,4.780123233795166,111.75907761758678,91.0490790449794,7.502968959881997,41547.0,0.05121008679270744,0.034858692437410355,6.61991548538208,4.287933349609375,83.0,13.99662466958891,0.0,42227.0,0.04537535086274147,0.04333475977182388,5.868636131286621,5.574161529541016
84,171.08957564280854,83.39278409014477,90.4117206059158,41507.0,0.04594656080007553,0.03861892595887184,5.792654037475586,4.760031700134277,112.95502437185986,92.21189559511411,7.52723311275011,41563.0,0.05261276289820671,0.034738216549158096,6.789640426635742,4.251077651977539,84.00000000000001,14.13484646526622,0.0,41671.0,0.0496654212474823,0.04280276596546173,6.417605400085449,5.436830520629883
85,172.63150408041076,84.35777677566696,91.58063336722418,41517.0,0.04718286916613579,0.03502746671438217,5.964136123657227,4.252525806427002,114.14493236691044,93.37520915119005,7.551564071925753,41585.0,0.04994157329201698,0.03488512337207794,6.407612323760986,4.270230770111084,84.99999999999999,14.272006856441775,0.0,41455.0,0.05202598124742508,0.042477309703826904,6.713869571685791,5.35651159286499
86,174.15138302953218,85.32280493154934,92.74919721227022,41515.0,0.0499577634036541,0.03952246531844139,6.351475715637207,4.883271217346191,115.3286917690985,94.53897979553263,7.575976997074719,41517.0,0.04861149564385414,0.03482034057378769,6.217867851257324,4.260525226593018,86.0,14.408095117099757,2.842170943040401e-14,41573.0,0.05209415778517723,0.0419822633266449,6.708673477172852,5.273969650268555
87,175.64869654499554,86.28791038404114,93.91732464095455,41513.0,0.05358560383319855,0.04148556664586067,6.876894950866699,5.171148300170898,116.50619141314719,95.70316754137316,7.600487250347868,41541.0,0.04879949241876602,0.03526848554611206,6.242732048034668,4.322873592376709,87.00000000000001,14.543100592636474,2.842170943040401e-14,41571.0,0.0486697219312191,0.04112555831670761,6.216092109680176,5.1466145515441895
88,177.12292282965709,87.25313505077854,95.08492804143472,41563.0,0.05432012304663658,0.041191596537828445,7.0048723220825195,5.148249626159668,117.67731879379372,96.8677323306044,7.625110435651266,41535.0,0.05011332407593727,0.037302952259778976,6.43100118637085,4.612462043762207,88.0,14.677012700861605,0.0,41551.0,0.04819859191775322,0.03985355794429779,6.14923095703125,4.966092109680176
89,178.57353468307312,88.21852088365517,96.25191971985171,41571.0,0.0500815324485302,0.03914308920502663,6.431309223175049,4.878596782684326,118.8419600583173,98.03263403117107,7.649862439201513,41541.0,0.04967959225177765,0.038578491657972336,6.394797325134277,4.812392711639404,88.99999999999999,14.80982093300082,0.0,41525.0,0.05155133083462715,0.039515577256679535,6.6077561378479,4.9053874015808105
90,180.0,89.18410981153924,97.41821192905556,41527.0,0.047529298812150955,0.0379648394882679,6.086697101593018,4.72521448135376,119.99999999999997,99.19783243407095,7.6747594715945695,41527.0,0.048776425421237946,0.04217071458697319,6.293756484985352,5.348114490509033,89.99999999999997,14.941514854700303,0.0,41527.0,0.053196217864751816,0.042259786278009415,6.80557918548584,5.2660322189331055
91,178.5982176791905,90.14994368292864,98.583716896168,41511.0,0.05117599293589592,0.0358179472386837,6.634768962860107,4.439199447631836,121.1513220525765,100.36328724993966,7.699818111630549,41539.0,0.04926614463329315,0.04926614463329315,6.363212585449219,6.363212585449219,91.0,15.072084107031905,0.0,41533.0,0.05418131873011589,0.04439392685890198,6.89962100982666,5.5301032066345215
92,177.22165856423618,91.1160642086366,99.74834684881498,41533.0,0.055811695754528046,0.03954967483878136,7.297520160675049,4.972264289855957,122.29580828573191,101.52895810518557,7.72505535215376,41531.0,0.05427763983607292,0.05427763983607292,7.0686564445495605,7.0686564445495605,91.99999999999999,15.201518407499828,0.0,41543.0,0.05365864187479019,0.04473338648676872,6.788297176361084,5.545889854431152
93,175.87086595507748,92.0825129045993,100.91201403985858,41525.0,0.05474821478128433,0.041334785521030426,7.137479782104492,5.221314907073975,123.43333940170834,102.69480453764048,7.750488648185609,41537.0,0.05509558692574501,0.05509558692574501,7.173777103424072,7.173777103424072,92.99999999999997,15.329807551047908,0.0,41483.0,0.05269323289394379,0.04480651021003723,6.613459587097168,5.5217437744140625
94,174.54638552475643,93.04933103489523,102.0746307704537,41545.0,0.048593420535326004,0.04241759330034256,6.247199058532715,5.36644983291626,124.56379473308242,103.8607859916838,7.7761359676514985,41551.0,0.05247163027524948,0.05247163027524948,6.795693874359131,6.795693874359131,94.0,15.456941411067552,0.0,41475.0,0.054018210619688034,0.04532244801521301,6.7585835456848145,5.561026096343994
95,173.24876454380865,94.01655955506664,103.23610941124852,41489.0,0.05280962958931923,0.0449550487101078,6.830779552459717,5.713499546051025,125.68705224177907,105.02686181279367,7.802015845026631,41565.0,0.046949490904808044,0.046949490904808044,6.003156661987305,6.003156661987305,94.99999999999999,15.582909940406122,0.0,41505.0,0.054729267954826355,0.04451475292444229,6.827914714813232,5.426556587219238
96,171.97855104512698,94.9842390558296,104.3963624215431,41551.0,0.05276595428586006,0.044267650693655014,6.8134565353393555,5.606724739074707,126.8029885193869,106.19299124147189,7.82814743825665,41583.0,0.05011391639709473,0.04403240233659744,6.443648815155029,5.579675197601318,96.0,15.707703172375476,0.0,41561.0,0.05327995494008064,0.043418243527412415,6.606184482574463,5.257471561431885
97,170.7362929286088,95.95240970725904,105.55530236621243,41555.0,0.050024211406707764,0.04405079036951065,6.407649040222168,5.5616254806518555,127.9114787888439,107.35913340648176,7.854550589340562,41549.0,0.05202196165919304,0.04789099097251892,6.724795818328857,6.137073993682861,97.0,15.831311221760233,2.842170943040401e-14,41545.0,0.05131179094314575,0.04477887600660324,6.313474178314209,5.423186779022217
98,169.52253700527913,96.92111120353276,106.71284193019525,41585.0,0.048838917165994644,0.04653364047408104,6.215791702270508,5.890480995178223,129.01239690756339,108.52524731732996,7.881245889002969,41589.0,0.049462880939245224,0.04680752009153366,6.370927810668945,5.99251127243042,98.00000000000001,15.953724285826246,0.0,41559.0,0.05063514783978462,0.045521125197410583,6.206037998199463,5.510793209075928
99,168.33782798100347,97.89038270831493,107.86889393033871,41545.0,0.04814525693655014,0.04814525693655014,6.099773406982422,6.099773406982422,130.1056153720714,109.69129185591326,7.90825474592458,41559.0,0.05154832452535629,0.04451393336057663,6.670534133911133,5.667565822601318,99.0,16.074932645327827,2.842170943040401e-14,41541.0,0.05306914448738098,0.04425524175167084,6.529179096221924,5.332348346710205
100,167.18270738037293,98.86026280085792,109.02337132438194,41571.0,0.04811003804206848,0.0471290722489357,6.10458517074585,5.9662652015686035,131.19100532422874,110.85722576724103,7.9355994610501455,41565.0,0.052173033356666565,0.042498648166656494,6.76991081237793,5.388296127319336,100.0,16.194926665514963,0.0,41551.0,0.054209183901548386,0.04705771058797836,6.670351505279541,5.7010498046875
101,166.05771241185445,99.8307894228984,110.17618721685002,41551.0,0.048805251717567444,0.04444124922156334,6.198081016540527,5.5829176902771,132.26843655911273,112.02300764913053,7.963303307548927,41585.0,0.05122474953532219,0.04336939752101898,6.666271209716797,5.539133548736572,100.99999999999999,16.3136967971389,0.0,41545.0,0.05292176455259323,0.04945139214396477,6.491571426391602,6.021533966064453
102,164.96337477585138,100.80199982641864,111.32725486161834,41553.0,0.04830300435423851,0.04363393038511276,6.120192050933838,5.462636470794678,133.3377775346342,113.18859594075776,7.991390617066628,41555.0,0.050765808671712875,0.045863423496484756,6.618577480316162,5.913260459899902,101.99999999999997,16.431233577456805,0.0,41537.0,0.051012493669986725,0.051012493669986725,6.246644496917725,6.246644496917725
103,163.90021941790852,101.77393052234297,112.47648766089404,41565.0,0.04712416231632233,0.042324669659137726,5.9507832527160645,5.275319576263428,134.39889538296734,114.35394890993018,8.019886872980408,41555.0,0.04987248033285141,0.04510537534952164,6.489842891693115,5.80402135848999,103.00000000000003,16.54752763123466,0.0,41583.0,0.05151500180363655,0.05058589205145836,6.33464241027832,6.208227634429932
104,162.86876322992077,102.74661723023236,113.6237991603463,41559.0,0.05111294984817505,0.04179034009575844,6.488938808441162,5.181285858154297,135.45165592387065,115.5190246389274,8.048818811452861,41571.0,0.05341475456953049,0.043178871273994446,7.000019073486328,5.527338027954102,104.00000000000003,16.662569671748557,0.0,41547.0,0.053015559911727905,0.049843866378068924,6.564966678619385,6.1318745613098145
105,161.8695137028553,103.72009482903874,114.76910304010076,41605.0,0.05394289642572403,0.045964840799570084,6.864638805389404,5.748807430267334,136.49592367997883,116.68378100873309,8.078214531174893,41571.0,0.05670689418911934,0.04143388569355011,7.4600510597229,5.266041278839111,104.99999999999999,16.77635050178379,0.0,41589.0,0.05388875678181648,0.05189479514956474,6.724825382232666,6.451022624969482
106,160.902967535171,104.69439730897379,115.91231310129419,41553.0,0.05534965544939041,0.048312708735466,7.053194522857666,6.069970607757568,137.53156189414517,117.84817568145588,8.10810361279701,41555.0,0.05717487633228302,0.042305536568164825,7.5129899978637695,5.380455493927002,106.00000000000001,16.88886101463176,0.0,41503.0,0.053518448024988174,0.05309440940618515,6.724173545837402,6.665535926818848
107,159.9696092018077,105.66955772454376,117.05334324786426,41607.0,0.05386704206466675,0.047558050602674484,6.829662322998047,5.950096607208252,138.55843254891656,119.01216608070476,8.138517249172821,41549.0,0.05553572624921799,0.0441712886095047,7.231870174407959,5.611663341522217,106.99999999999997,17.000092195083937,0.0,41531.0,0.0531654991209507,0.0531654991209507,6.7241363525390625,6.7241363525390625
108,159.06990948930812,106.64560814879498,118.19210746322617,41565.0,0.05027775093913078,0.04494720324873924,6.306215286254883,5.565575122833252,139.5763963882205,120.17570936964924,8.169488387682833,41557.0,0.053177107125520706,0.044167183339595795,6.846742153167725,5.570789337158203,107.99999999999999,17.110035120423497,2.842170943040401e-14,41585.0,0.04932154715061188,0.04932154715061188,6.234096050262451,6.234096050262451
109,158.20432400332476,107.62257962881148,119.32851978145985,41575.0,0.04948800057172775,0.04687618836760521,6.186985969543457,5.824635028839111,140.58531294134804,121.33876242645205,8.201051886069678,41567.0,0.05672743543982506,0.04735008627176285,7.300222396850586,5.980633735656738,108.99999999999994,17.21868096141319,0.0,41607.0,0.04756566137075424,0.045869484543800354,6.001652240753174,5.763420581817627
110,157.37329165543323,108.60050214249756,120.46249425260223,41589.0,0.050634633749723434,0.04878729581832886,6.330204963684082,6.07453727722168,141.58504054931169,122.50128181671191,8.23324468340769,41545.0,0.05638943985104561,0.04780173301696777,7.240727424621582,6.033846378326416,109.99999999999997,17.326020983280337,2.842170943040401e-14,41537.0,0.0464305616915226,0.04384330287575722,5.862389087677002,5.497836589813232
111,156.57723313681655,109.5794045566744,121.59394490160454,41557.0,0.04981895536184311,0.04901787266135216,6.201101779937744,6.09049654006958,142.57543639366165,123.66322376249515,8.266105988047002,41563.0,0.054958973079919815,0.047603789716959,7.055913925170898,6.020028114318848,111.00000000000001,17.432046546697464,0.0,41531.0,0.04385581240057945,0.04246113449335098,5.502846717834473,5.306180477142334
112,155.8165493869856,110.55931458651095,122.72278568047633,41607.0,0.04864274337887764,0.04718616232275963,6.012075901031494,5.811792373657227,143.55635652783909,124.82454410746566,8.299677484628091,41543.0,0.05436317250132561,0.04653216525912285,6.991873741149902,5.886185646057129,112.0,17.53674910875954,2.842170943040401e-14,41557.0,0.04550361633300781,0.040691033005714417,5.731167793273926,5.0529465675354
113,155.0916200662483,111.54025875630451,123.84893041309462,41529.0,0.04823150485754013,0.04593045264482498,5.931910514831543,5.616687774658203,144.52765591114746,125.98519827753927,8.334003562554102,41541.0,0.053617965430021286,0.04659467563033104,6.895341396331787,5.902508735656738,113.0,17.64012022395642,0.0,41525.0,0.046543579548597336,0.03926001489162445,5.872165203094482,4.846662521362305
114,154.4028020411185,112.52226236161606,124.97229273210749,41545.0,0.050836097449064255,0.04767298325896263,6.270431041717529,5.83830451965332,145.48918844541973,127.14514123639056,8.369131568652932,41571.0,0.052681807428598404,0.0516338124871254,6.788549900054932,6.639885902404785,114.0,17.742151545141056,0.0,41545.0,0.046766821295022964,0.043042998760938644,5.90009880065918,5.376165866851807
115,153.75042789225387,113.50534943276082,126.09278600730673,41537.0,0.05162409320473671,0.04925961047410965,6.3882527351379395,6.064727783203125,146.4408070144582,128.30432743502223,8.405112087157192,41573.0,0.05537545308470726,0.05537545308470726,7.172385215759277,7.172385215759277,115.00000000000003,17.842834824492353,0.0,41611.0,0.05006358027458191,0.0439889170229435,6.373815059661865,5.518028736114502
116,153.13480445481832,114.48954269964199,127.21032326478124,41555.0,0.05082252621650696,0.04895534738898277,6.302028179168701,6.0456461906433105,147.3823635263224,129.46271075446506,8.441999250596552,41569.0,0.059415336698293686,0.059415336698293686,7.7250518798828125,7.7250518798828125,116.00000000000001,17.942161914473264,0.0,41623.0,0.052280258387327194,0.044101450592279434,6.6857171058654785,5.533714294433594
117,152.55621140136236,115.47486355790956,128.32481709609354,41575.0,0.05062500014901161,0.04873455688357353,6.299988746643066,6.039400577545166,148.31370895853718,130.6202444405077,8.479851085741672,41555.0,0.06354192644357681,0.06354192644357681,8.29107666015625,8.29107666015625,117.0,18.04012476878308,0.0,41567.0,0.05225275084376335,0.0428854301571846,6.677224636077881,5.358697414398193
118,152.01489987740106,116.46133203641418,129.43617955664067,41527.0,0.050646379590034485,0.04596696421504021,6.3389129638671875,5.690293788909912,149.23469340629111,131.7768810291477,8.51872989937965,41601.0,0.06773077696561813,0.06773077696561813,8.855606079101562,8.855606079101562,117.99999999999999,18.136715443303977,0.0,41477.0,0.05118062347173691,0.04159273952245712,6.527135848999023,5.177513599395752
119,151.51109119982897,117.44896676591549,130.54432205227099,41521.0,0.048403654247522354,0.04567559435963631,6.079341888427734,5.698200702667236,150.14516613369165,132.93257226120727,8.55870270945411,41553.0,0.07098115980625153,0.07098115980625153,9.29266357421875,9.29266357421875,118.99999999999997,18.231926097041526,0.0,41515.0,0.05285770073533058,0.044691842049360275,6.779999732971191,5.627972602844238
120,151.04497562814018,118.43778494899246,131.64915521312682,41573.0,0.05184612795710564,0.05184612795710564,6.60695743560791,6.60695743560791,151.04497562814015,134.08726898425084,8.599841727995084,41537.0,0.06972866505384445,0.06972866505384445,9.076031684875488,9.076031684875488,119.99999999999997,18.3257489930586,0.0,41553.0,0.055243656039237976,0.047524068504571915,7.117755889892578,6.028464317321777
121,150.61671121811636,119.42780233109046,132.75058875356544,41589.0,0.0566788874566555,0.0566788874566555,7.331169605255127,7.331169605255127,151.93396965788583,135.2409210395702,8.642224903319658,41561.0,0.06533106416463852,0.06533106416463852,8.421510696411133,8.421510696411133,121.0,18.418176499402637,2.842170943040401e-14,41579.0,0.05629066750407219,0.05321987345814705,7.264612674713135,6.831328392028809
122,150.22642276720308,120.41903317262424,133.84853131687922,41559.0,0.05640120431780815,0.05640120431780815,7.358935832977295,7.358935832977295,152.81199533281256,136.39347713154302,8.685936530240127,41533.0,0.05945031717419624,0.05945031717419624,7.5772504806518555,7.5772504806518555,122.0,18.5092010900259,0.0,41571.0,0.05754311382770538,0.05753584951162338,7.442867755889893,7.441842555999756
123,149.8742008602139,121.41149022204169,134.9428903033863,41581.0,0.0539812296628952,0.05319250002503395,7.062167644500732,6.949000358581543,153.67889916850845,137.54488467610426,8.731067938514542,41573.0,0.053104907274246216,0.053104907274246216,6.702375888824463,6.702375888824463,123.00000000000001,18.598815345698213,0.0,41587.0,0.05895336717367172,0.05895336717367172,7.670069217681885,7.670069217681885
124,149.5601010232938,122.40518468973264,136.03357168029024,41551.0,0.05339617654681206,0.05083237588405609,7.006807327270508,6.637624740600586,154.53452715366066,138.6950896243651,8.77771827156991,41545.0,0.05347725749015808,0.05347725749015808,6.763469696044922,6.763469696044922,123.99999999999997,18.68701195491219,0.0,41571.0,0.05990825220942497,0.05990825220942497,7.811239719390869,7.811239719390869
125,149.28414299323447,123.40012622264982,137.12047977151335,41535.0,0.05272678658366203,0.04900164529681206,6.921722412109375,6.38458776473999,155.37872482081409,139.84403625653565,8.825995369681863,41555.0,0.055834755301475525,0.055834755301475525,7.1196441650390625,7.1196441650390625,125.00000000000004,18.773783714780333,0.0,41501.0,0.060471538454294205,0.060471538454294205,7.89826774597168,7.89826774597168
126,149.04631010828726,124.39632287948335,138.20351702548325,41553.0,0.05332173779606819,0.045935191214084625,7.0220417976379395,5.954922676086426,156.2113373205238,140.99166694020138,8.876016774398408,41563.0,0.05394364148378372,0.05394364148378372,6.858509540557861,6.858509540557861,126.0,18.8591235319239,0.0,41521.0,0.05909516289830208,0.05909516289830208,7.699843883514404,7.699843883514404
127,148.84654882556325,125.3937811062058,139.2825837585991,41537.0,0.051067255437374115,0.04356760159134865,6.698828220367432,5.614890098571777,157.032209498925,142.1379218456109,8.92791087414247,41529.0,0.0524626262485981,0.04950844496488571,6.6403985023498535,6.228097438812256,127.00000000000004,18.94302442335312,2.842170943040401e-14,41493.0,0.05577429011464119,0.05577429011464119,7.226956844329834,7.226956844329834
128,148.68476836897534,126.39250571177412,140.35757787180623,41559.0,0.050953760743141174,0.041837915778160095,6.6872453689575195,5.3685383796691895,157.841185978736,143.28273860885662,8.981818214760892,41549.0,0.05413185432553291,0.04940110817551613,6.85934591293335,6.200347900390625,127.99999999999997,19.025479517338432,0.0,41527.0,0.05219776928424835,0.050688669085502625,6.709760665893555,6.496142387390137
129,148.56084051046602,127.39249984374072,141.4283945373767,41493.0,0.050228942185640335,0.039933398365974426,6.5788140296936035,5.090169429779053,158.63811124370162,144.42605193156618,9.037893003465996,41563.0,0.05540655180811882,0.05002531781792641,7.026122570037842,6.277631759643555,128.99999999999997,19.10648205427268,2.842170943040401e-14,41491.0,0.05391060560941696,0.047492530196905136,6.913949012756348,6.009950637817383
130,148.4745994860103,128.3937649634854,142.4949258525991,41491.0,0.050529975444078445,0.040746454149484634,6.623148441314697,5.208631992340088,159.422829726475,145.56779310279893,9.09630484035793,41549.0,0.05361965298652649,0.04737718030810356,6.801418781280518,5.930572986602783,130.0,19.18602538752342,0.0,41509.0,0.053465645760297775,0.04494388774037361,6.825399875640869,5.629263401031494
131,148.42584204659707,129.39630082073413,143.5570604566387,41549.0,0.050153981894254684,0.044406767934560776,6.539206027984619,5.711848258972168,160.19518589992666,146.70788942505737,9.15724071879552,41545.0,0.051593754440546036,0.04248226061463356,6.546731472015381,5.271010875701904,131.0,19.26410298427553,2.842170943040401e-14,41525.0,0.0514882355928421,0.044081877917051315,6.536657810211182,5.498693943023682
132,148.41432764310005,130.40010542697487,144.61468310630883,41499.0,0.05261465162038803,0.04649858921766281,6.859084606170654,5.98280668258667,160.95502437185985,147.84626352137124,9.220907344654108,41589.0,0.05271732434630394,0.04272172600030899,6.733049392700195,5.328110694885254,132.0,19.340708426363747,0.0,41569.0,0.052195075899362564,0.041268493980169296,6.638890266418457,5.106706142425537
133,148.43977874267392,131.40517502731706,145.66767420589534,41513.0,0.05147400125861168,0.04753604158759117,6.675791263580322,6.113195419311523,161.70218998309937,148.982832493893,9.287533835435966,41537.0,0.0488710030913353,0.04714013636112213,6.211153984069824,5.967208385467529,133.0,19.415835411094562,2.842170943040401e-14,41595.0,0.05371701717376709,0.038593072444200516,6.8674468994140625,4.742156028747559
134,148.50188127306944,132.41150407026518,146.71590928548207,41553.0,0.052573155611753464,0.0510060116648674,6.811877250671387,6.588613033294678,162.4365279089117,150.11750689577534,9.357374873880957,41601.0,0.05259844660758972,0.048594437539577484,6.711857318878174,6.149550437927246,134.0,19.48947775205717,0.0,41603.0,0.05462729558348656,0.0395871065557003,7.026861667633057,4.904508590698242
135,148.60028519008094,133.41908517478484,147.75925842141314,41579.0,0.055501922965049744,0.055501922965049744,7.205543041229248,7.205543041229248,163.1578837637012,151.25018946648504,9.430714407961915,41583.0,0.052740659564733505,0.04743563383817673,6.7196831703186035,5.976068496704102,135.0,19.561629379923623,0.0,41603.0,0.052938297390937805,0.039839375764131546,6.813483715057373,4.958838939666748
136,148.73460516223054,134.42790909393284,148.79758559158532,41613.0,0.05857529863715172,0.05857529863715172,7.628438949584961,7.628438949584961,163.8661037089153,152.38077356497735,9.50787001099556,41569.0,0.05181736499071121,0.045858003199100494,6.598179340362549,5.761789798736572,136.00000000000006,19.632284343237423,2.842170943040401e-14,41543.0,0.0489400178194046,0.03955879434943199,6.27529764175415,4.941737174987793
137,148.9044213657833,135.43796467419043,149.83074795715797,41625.0,0.06021340191364288,0.06021340191364288,7.84089469909668,7.84089469909668,164.56103456408007,153.50914121363985,9.5891980434603,41595.0,0.050792139023542404,0.050792139023542404,6.439470291137695,6.439470291137695,137.0,19.701436809190287,2.842170943040401e-14,41497.0,0.04849744588136673,0.04277053847908974,6.236885070800781,5.42000675201416
138,149.10928038228255,136.4492388094822,150.8585950609706,41585.0,0.060388218611478806,0.060388218611478806,7.844968318939209,7.844968318939209,165.24252392087243,154.63516063616913,9.675099793894816,41583.0,0.05363425984978676,0.05363425984978676,6.813623905181885,6.813623905181885,138.00000000000003,19.769081064387006,0.0,41489.0,0.04828368127346039,0.04294779524207115,6.238733768463135,5.474135875701904
139,149.34869619001023,137.4617163886702,151.8809679314372,41561.0,0.061638154089450836,0.061638154089450836,8.017956733703613,8.017956733703613,165.91042026012443,155.75868313091914,9.766028822526238,41563.0,0.05262928456068039,0.05262928456068039,6.650659084320068,6.650659084320068,139.0,19.83521151559802,2.842170943040401e-14,41589.0,0.04967037960886955,0.04451445862650871,6.4529829025268555,5.712606430053711
140,149.62215124012698,138.47538023508005,152.89769807888453,41565.0,0.06249072402715683,0.06249072402715683,8.151605606079102,8.151605606079102,166.56457307163916,156.87953906230052,9.862499791584668,41569.0,0.050805624574422836,0.050805624574422836,6.396664619445801,6.396664619445801,140.0,19.899822690499224,2.842170943040401e-14,41615.0,0.05293659120798111,0.046665024012327194,6.919068336486816,6.018817901611328
141,149.9290976077273,139.49021103632856,153.90860636917725,41601.0,0.0612906776368618,0.0612906776368618,7.995049476623535,7.995049476623535,167.2048329766856,157.99753266814488,9.965099145484913,41577.0,0.05058862641453743,0.047190502285957336,6.375039577484131,5.900906562805176,141.00000000000003,19.96290923839902,2.842170943040401e-14,41577.0,0.055400505661964417,0.046965014189481735,7.2720489501953125,6.061136245727539
142,150.26895820767012,140.50618726236732,154.91350175694626,41609.0,0.060052838176488876,0.060052838176488876,7.832554340362549,7.832554340362549,167.8310518530238,159.1124352576141,10.074498109025797,41565.0,0.05092961713671684,0.042025722563266754,6.4471564292907715,5.200545310974121,141.99999999999997,20.024465930951987,0.0,41543.0,0.05582970008254051,0.0448981411755085,7.31365442276001,5.7482452392578125
143,150.64112806480824,141.52328506922032,155.91217985773167,41587.0,0.05866153538227081,0.05627808719873428,7.662472248077393,7.3237080574035645,168.4430829622995,160.2239761917505,10.191468612101318,41591.0,0.05301780253648758,0.038436565548181534,6.75990104675293,4.712443828582764,143.00000000000003,20.08448766285939,0.0,41493.0,0.05443793907761574,0.04676869511604309,7.085271835327148,5.99107551574707
144,151.04497562814015,142.5414781853454,156.9044213347572,41533.0,0.05865771323442459,0.05310513451695442,7.653655052185059,6.865261077880859,169.04078107963065,161.33183076418504,10.316902938891928,41573.0,0.052568960934877396,0.03658153489232063,6.7471394538879395,4.486820697784424,144.0,20.1429694525554,2.842170943040401e-14,41555.0,0.05275160074234009,0.04794814810156822,6.810875415802002,6.128586292266846
145,151.4798441184427,143.56073777686663,157.8899900717502,41539.0,0.0567440465092659,0.05147157236933708,7.381870746612549,6.63322639465332,169.62400262519586,162.43560367882645,10.451838157961873,41557.0,0.04788804426789284,0.038263581693172455,6.132064342498779,4.7620062828063965,145.00000000000003,20.199906442879854,2.842170943040401e-14,41545.0,0.051783669739961624,0.04860802739858627,6.640152454376221,6.191099166870117
146,151.945052899099,144.58103228705772,158.86863109803332,41551.0,0.05264110863208771,0.05020328238606453,6.802242755889893,6.455909729003906,170.19260579761948,163.53480616402376,10.597486746180493,41597.0,0.047306567430496216,0.03833135589957237,6.083822250366211,4.799651622772217,145.99999999999997,20.255293901736195,0.0,41567.0,0.05034865811467171,0.049720585346221924,6.414609432220459,6.326073169708252
147,152.43989886011107,145.6023272443662,159.84006822585772,41575.0,0.049914147704839706,0.048927709460258484,6.415495872497559,6.275317192077637,170.74645070893325,164.62882371365887,10.755275316992169,41555.0,0.04745352268218994,0.038513462990522385,6.120262145996094,4.8382391929626465,147.00000000000003,20.309127222735192,2.842170943040401e-14,41603.0,0.05072614178061485,0.04932006448507309,6.449587345123291,6.2518720626831055
148,152.96365780566478,146.62458503186542,160.80400135234734,41545.0,0.04805104434490204,0.04587634280323982,6.156423568725586,5.847044944763184,171.28539952088227,165.71686973274788,10.926894067106218,41553.0,0.04541614279150963,0.0391145795583725,5.848538398742676,4.941775798797607,148.0,20.361401925823415,0.0,41581.0,0.05169342830777168,0.048899177461862564,6.564023971557617,6.1722564697265625
149,153.51558583608323,147.6477646092262,161.76010336917878,41549.0,0.04825987666845322,0.047701604664325714,6.19167423248291,6.112165451049805,171.80931658232723,166.79791749872666,11.114360564270896,41547.0,0.044501569122076035,0.04066634923219681,5.6974287033081055,5.147068977355957,149.0,20.41211365789704,0.0,41529.0,0.0513436496257782,0.04915376007556915,6.501811504364014,6.195340633392334
150,154.0949207155553,148.6718211759707,162.70801661180204,41591.0,0.04921209439635277,0.04921209439635277,6.341151714324951,6.341151714324951,172.31806856748375,167.87059792530903,11.32010296656594,41515.0,0.04468066990375519,0.04030536115169525,5.681025505065918,5.0572309494018555,150.0,20.461258193399914,0.0,41537.0,0.052427027374506,0.047737639397382736,6.623603820800781,5.970028400421143
151,154.70088321763927,149.6967057617352,163.64734876610314,41573.0,0.05055665224790573,0.049981262534856796,6.545760154724121,6.463467597961426,172.81152461472547,168.93304191965382,11.547069934761396,41551.0,0.04625041037797928,0.04625041037797928,5.881185054779053,5.881185054779053,150.99999999999997,20.508831434906067,0.0,41571.0,0.05243353918194771,0.04631222411990166,6.594217300415039,5.744685173034668
152,155.3326784412099,150.72236472527382,164.57766813323914,41567.0,0.05186604708433151,0.05027380958199501,6.715369701385498,6.488198757171631,173.28955646566618,169.98263032862783,11.798877768423012,41551.0,0.05105995014309883,0.05105995014309883,6.545587062835693,6.545587062835693,152.0,20.55482941368662,2.842170943040401e-14,41523.0,0.05255773290991783,0.045335765928030014,6.585660934448242,5.587032794952393
153,155.9894970902193,151.74873913863658,165.49849813206967,41563.0,0.05110178515315056,0.04974668100476265,6.586485862731934,6.393696308135986,173.7520386042248,171.01558500289408,12.080010315720045,41541.0,0.05530848354101181,0.05530848354101181,7.112008571624756,7.112008571624756,153.0,20.599248290259982,0.0,41577.0,0.05203097313642502,0.04444753751158714,6.520399570465088,5.4707746505737305
154,156.67051671137614,152.77576402586513,166.40931089203102,41569.0,0.05086620897054672,0.05086620897054672,6.5204997062683105,6.5204997062683105,174.19884839536678,172.02627835505177,12.396095080062707,41553.0,0.05670569837093353,0.05670569837093353,7.2578444480896,7.2578444480896,154.00000000000003,20.642084354926492,2.842170943040401e-14,41523.0,0.04941212758421898,0.04227263480424881,6.173428535461426,5.183024883270264
155,157.37490288458915,153.8033674159652,167.30951975596358,41587.0,0.05045966058969498,0.05045966058969498,6.429752349853516,6.429752349853516,174.62986622320574,173.00603117661674,12.754291592061463,41537.0,0.057795409113168716,0.057795409113168716,7.390126705169678,7.390126705169678,155.0,20.68333402828571,2.842170943040401e-14,41551.0,0.04668116942048073,0.03982912003993988,5.802557468414307,4.85090446472168
156,158.10181036176954,154.8314691568316,168.1984704703535,41595.0,0.05010804161429405,0.049082159996032715,6.36577844619751,6.221505641937256,175.04497562814018,173.94096967152203,13.163848965853532,41591.0,0.06026136502623558,0.06026136502623558,7.698114395141602,7.698114395141602,155.99999999999997,20.722993861737557,0.0,41557.0,0.049669865518808365,0.037191830575466156,6.231443881988525,4.494917392730713
157,158.85038415032636,155.85997941873993,169.07543078707872,41569.0,0.05165259540081024,0.04869756102561951,6.54799222946167,6.134440898895264,175.44406344269382,174.80820385615726,13.6369249614242,41549.0,0.06031111627817154,0.06031111627817154,7.706483364105225,7.706483364105225,157.0,20.761060537965818,0.0,41537.0,0.0523110069334507,0.03587593883275986,6.616455554962158,4.3237175941467285
158,159.61976053841067,156.88879679079164,169.93957813259098,41543.0,0.052024345844984055,0.04881654307246208,6.554843425750732,6.108667373657227,175.82701992572078,175.5694489719997,14.189820997186786,41541.0,0.057210445404052734,0.057210445404052734,7.298178195953369,7.298178195953369,158.0,20.79753087140503,2.842170943040401e-14,41547.0,0.0532759428024292,0.038664232939481735,6.775303840637207,4.730250835418701
159,160.4090680596664,157.91780583802003,170.78998491282536,41515.0,0.05457209423184395,0.047735925763845444,6.880469799041748,5.933058738708496,176.19373889463236,176.16305239671874,14.844900700138624,41579.0,0.054467249661684036,0.054467249661684036,6.973121643066406,6.973121643066406,159.00000000000003,20.832401808689553,2.842170943040401e-14,41549.0,0.05213043838739395,0.041247300803661346,6.644739151000977,5.115283489227295
160,161.217428395913,158.94687393570257,171.62560090864704,41569.0,0.0545385368168354,0.047372449189424515,6.8665337562561035,5.874471664428711,176.544117855299,176.50473975974484,15.63367456581932,41547.0,0.053168803453445435,0.05202386528253555,6.832581520080566,6.670655250549316,160.00000000000003,20.865670429084947,2.842170943040401e-14,41517.0,0.052233174443244934,0.0434204526245594,6.683442115783691,5.440761089324951
161,162.04395721682113,159.97584712299596,172.4452320686049,41561.0,0.05266842246055603,0.046587586402893066,6.590291500091553,5.750380039215088,176.878058129278,176.5217112170694,16.601962142244815,41577.0,0.05362334102392197,0.04916796833276749,6.903677940368652,6.272968769073486,161.0,20.897333944902023,2.842170943040401e-14,41473.0,0.05109246075153351,0.04479165002703667,6.536621570587158,5.646401405334473
162,162.88776495623767,161.00454460798406,173.24751481110573,41561.0,0.05312902852892876,0.044839825481176376,6.632478713989258,5.490716934204102,177.19546497801844,176.21165843618672,17.818948016871303,41537.0,0.05355917289853096,0.044109735637903214,6.874016284942627,5.540130138397217,162.0,20.927389701892338,2.842170943040401e-14,41449.0,0.051058750599622726,0.04446995630860329,6.5291829109191895,5.598697662353516
163,163.7479575253713,162.0327513907844,174.0308846900384,41555.0,0.05375117436051369,0.04397532716393471,6.709856033325195,5.364787578582764,177.4962477236937,175.64567747106523,19.393986103149956,41559.0,0.053878653794527054,0.03846992179751396,6.893465042114258,4.726297855377197,163.00000000000003,20.955835179625815,2.842170943040401e-14,41513.0,0.05376657471060753,0.04466412961483002,6.902876377105713,5.619139194488525
164,164.62363696356073,163.06020821787487,174.79353793265338,41519.0,0.05370533466339111,0.042678188532590866,6.698585033416748,5.182447910308838,177.78031986631711,174.90999162913872,21.509961398552235,41579.0,0.05124596506357193,0.03989007696509361,6.512480735778809,4.917792797088623,164.0,20.98266799185002,2.842170943040401e-14,41537.0,0.05588763579726219,0.046038541942834854,7.194128036499023,5.806772232055664
165,165.51390202781633,164.0865976844576,175.53338389236043,41549.0,0.05565448850393295,0.04213865473866463,6.963500499725342,5.106225967407227,178.04759919679853,174.06877901546372,24.49517052759262,41531.0,0.05155034363269806,0.041053175926208496,6.562079906463623,5.086781024932861,165.0,21.00788588683089,2.842170943040401e-14,41481.0,0.05833783000707626,0.045024942606687546,7.529129505157471,5.65648078918457
166,166.41784872274826,165.11152466799845,176.24798582339312,41545.0,0.05811057612299919,0.04261747747659683,7.323833465576172,5.188924312591553,178.29800790560606,173.16208030144224,28.9941219148092,41595.0,0.05363788455724716,0.0396081767976284,6.856629848480225,4.884920597076416,166.0,21.031486747674787,2.842170943040401e-14,41541.0,0.05941167101264,0.04325440898537636,7.655142784118652,5.389588832855225
167,167.3345707728781,166.1344882379772,176.93448650804893,41515.0,0.06000195071101189,0.04266468062996864,7.613193035125732,5.2161784172058105,178.5314726867064,172.21381534528004,36.4192092988271,41521.0,0.05345195159316063,0.03887111693620682,6.844057083129883,4.791856288909912,167.0,21.05346859263181,0.0,41567.0,0.05936260148882866,0.043454788625240326,7.629918098449707,5.4045000076293945
168,168.26316003966946,167.15484044010373,177.5895140456947,41543.0,0.060505010187625885,0.045300230383872986,7.707672595977783,5.599333763122559,178.74792483646377,171.23844035482762,50.20950075754243,41503.0,0.054194048047065735,0.04104514420032501,6.975782871246338,5.118680000305176,168.0,21.073829575380206,0.0,41567.0,0.05909665673971176,0.04507146403193474,7.56953239440918,5.613073348999023
169,169.20270688591452,168.17172432640726,178.20906138915208,41521.0,0.060907091945409775,0.04671670123934746,7.795238971710205,5.820164203643799,178.94730034719134,170.24496746833063,77.7641606497692,41589.0,0.05585547909140587,0.04410605877637863,7.22869873046875,5.565276622772217,169.0,21.092567985291698,2.842170943040401e-14,41601.0,0.059532683342695236,0.04692498594522476,7.616995811462402,5.861218452453613
170,170.15230049037845,169.1839781857564,178.78833075047655,41571.0,0.06116668879985809,0.04805244505405426,7.858095169067383,6.027103900909424,179.12953999506016,169.23921942462337,117.50663117187148,41597.0,0.055476732552051544,0.047511130571365356,7.177706241607666,6.049464225769043,170.0,21.109682247677494,0.0,41519.0,0.05887506529688835,0.04904879629611969,7.515880584716797,6.148898601531982
171,171.11102911583137,170.18998288805562,179.32153042772794,41541.0,0.061050549149513245,0.04799586534500122,7.8585052490234375,6.032390117645264,179.2945894220848,168.22509172245879,144.85273756071658,41507.0,0.053423117846250534,0.04841341823339462,6.871570110321045,6.163323402404785,171.0,21.1251709240154,2.842170943040401e-14,41489.0,0.061142295598983765,0.051371749490499496,7.804845333099365,6.4497222900390625
172,172.0779803337984,171.18740992082476,179.80160635268268,41525.0,0.06047556549310684,0.047207240015268326,7.784519672393799,5.92731237411499,179.44239921192238,167.20527543513316,158.53244459887307,41519.0,0.05057065933942795,0.04440593346953392,6.457761287689209,5.587266445159912,172.00000000000003,21.139032712157118,2.842170943040401e-14,41835.0,0.06328152120113373,0.05267651006579399,8.077194213867188,6.610179901123047
173,173.05224120952408,172.17278895347889,179.78011718860628,41543.0,0.0588732585310936,0.04602385684847832,7.558767795562744,5.760655403137207,179.5729249592372,166.1816840529763,165.90876192493263,41573.0,0.05221271887421608,0.03853528946638107,6.6919732093811035,4.759541988372803,172.99999999999997,21.15126644651638,2.842170943040401e-14,42227.0,0.06412485986948013,0.051605626940727234,8.183666229248047,6.453628063201904
174,174.03289845079433,173.14073302944908,179.434425139311,41593.0,0.057876188308000565,0.045305557548999786,7.409780025482178,5.652866363525391,179.68612733240337,165.15571374988687,170.3837599994304,41525.0,0.05002562329173088,0.0342339426279068,6.393219947814941,4.158717155456543,174.00000000000003,21.161871098237246,2.842170943040401e-14,41671.0,0.0670662522315979,0.04892607778310776,8.588130950927734,6.0819878578186035
175,175.0190385243755,174.08248589230632,179.17488349957856,41573.0,0.056586235761642456,0.047412946820259094,7.212435245513916,5.9332194328308105,179.78197212933742,164.12840703707354,173.35578352292177,41551.0,0.04935866966843605,0.033437617123126984,6.329238414764404,4.066656589508057,175.0,21.17084577534308,2.842170943040401e-14,41455.0,0.06816546618938446,0.04529334232211113,8.75417423248291,5.589921474456787
176,176.00974774393208,174.98308136822453,179.01878047259984,41591.0,0.05482078343629837,0.04847969859838486,6.955425262451172,6.072476863861084,179.8604303262742,163.10055864505242,175.46381801155664,41541.0,0.04919731244444847,0.033656831830739975,6.3489556312561035,4.127227783203125,176.00000000000003,21.178189722865568,2.842170943040401e-14,41573.0,0.06774178147315979,0.04797646403312683,8.702264785766602,5.966272830963135
177,177.0041123333646,175.8156671580675,178.988468920502,41559.0,0.05402837693691254,0.049252770841121674,6.8327131271362305,6.168867111206055,179.92147811932284,162.07278583603835,177.03373306110538,41513.0,0.049426451325416565,0.03833504393696785,6.417424201965332,4.823990821838379,177.0,21.183902322954065,0.0,41571.0,0.06482994556427002,0.05273148790001869,8.284918785095215,6.613011360168457
178,178.00121846957362,176.53074552988872,179.1133192967415,41573.0,0.05356061831116676,0.04956705495715141,6.758889198303223,6.204413414001465,179.96509695866112,161.04557621241264,178.24723241574154,41533.0,0.0512809157371521,0.04081368073821068,6.728861331939697,5.216390132904053,178.00000000000003,21.187983094965215,2.842170943040401e-14,41551.0,0.0620468445122242,0.0566987544298172,7.893619537353516,7.155114650726318
179,179.0001523087091,177.04168621308088,179.43262192414971,41579.0,0.05133513733744621,0.05018296465277672,6.451024055480957,6.291024684906006,179.9912735752534,160.01932092661463,179.2130446666644,41503.0,0.04913769289851189,0.04146943241357803,6.45633602142334,5.342651844024658,179.00000000000003,21.190431695532446,2.842170943040401e-14,41525.0,0.06052241101861,0.06052241101861,7.671439170837402,7.671439170837402
180,180.0,177.23289702928628,179.99999999999991,41527.0,0.050809796899557114,0.050809796899557114,6.379924774169922,6.379924774169922,180.0,158.994338201253,179.99999999999997,41527.0,0.04892243072390556,0.0387241467833519,6.446945667266846,4.9611430168151855,180.0,21.19124791861596,0.0,41527.0,0.061722707003355026,0.061722707003355026,7.829959869384766,7.829959869384766
181,179.0001523087091,177.04168621308077,179.1097169404197,41523.0,0.05110332742333412,0.04996456578373909,6.4281768798828125,6.269834518432617,179.9912735752534,157.97089028158848,179.34629442441238,41605.0,0.050375208258628845,0.04057101532816887,6.662362098693848,5.233021259307861,179.0,21.190431695532446,0.0,41533.0,0.06056944653391838,0.06056944653391838,7.67092227935791,7.67092227935791
182,178.00121846957364,176.5307455298888,177.78952590896805,41511.0,0.052908722311258316,0.048923783004283905,6.692780017852783,6.137638092041016,179.96509695866112,156.9491958505892,178.79446141766184,41519.0,0.050383277237415314,0.041548214852809906,6.633123874664307,5.3506178855896,178.0,21.187983094965233,2.842170943040401e-14,41543.0,0.05659643933176994,0.0565345473587513,7.113076686859131,7.104551792144775
183,177.00411233336462,175.8156671580675,175.88237008886668,41483.0,0.053898368030786514,0.04941042140126228,6.8387675285339355,6.212872505187988,179.92147811932284,155.9294392538401,178.32222433568367,41571.0,0.04586152732372284,0.038904882967472076,5.951115608215332,4.945390224456787,177.00000000000003,21.183902322954083,2.842170943040401e-14,41483.0,0.05292460694909096,0.04945272207260132,6.586554050445557,6.109661102294922
184,176.00974774393208,174.98308136822448,173.15161412650897,41525.0,0.053612712770700455,0.04913550987839699,6.815004825592041,6.189263820648193,179.8604303262742,154.9117774452792,177.91334042033932,41603.0,0.04636393487453461,0.03769734874367714,6.004889965057373,4.755578994750977,176.00000000000003,21.178189722865568,0.0,41475.0,0.05381811037659645,0.04699248448014259,6.690479278564453,5.755239486694336
185,175.01903852437553,174.08248589230632,169.2328891113821,41541.0,0.05228304862976074,0.04815012589097023,6.645971775054932,6.06702995300293,179.78197212933742,153.89634528042524,177.55569260889868,41521.0,0.0466807559132576,0.0404529832303524,6.011261463165283,5.118703842163086,175.0,21.17084577534308,2.842170943040401e-14,41505.0,0.05217268317937851,0.043307285755872726,6.4591383934021,5.245417594909668
186,174.0328984507943,173.14073302944914,163.562074505318,41505.0,0.052235085517168045,0.04731956124305725,6.653159141540527,5.963278770446777,179.68612733240337,152.88325959508754,177.2400607253057,41691.0,0.048634957522153854,0.043488096445798874,6.252000331878662,5.518490791320801,174.0,21.16187109823723,2.842170943040401e-14,41561.0,0.047862641513347626,0.04159710928797722,5.873559951782227,5.015288352966309
187,173.05224120952408,172.17278895347883,155.30293627576404,41505.0,0.05282634496688843,0.04701460897922516,6.743059158325195,5.926671028137207,179.5729249592372,151.87262238021083,176.95930626356594,41801.0,0.05158207565546036,0.046907875686883926,6.630716323852539,5.968392848968506,173.00000000000003,21.15126644651638,0.0,41545.0,0.04729863256216049,0.04653749614953995,5.81395149230957,5.709418773651123
188,172.07798033379837,171.1874099208247,143.43728159912425,41553.0,0.052703551948070526,0.04681990668177605,6.730710983276367,5.9036993980407715,179.44239921192238,150.86452327620347,176.7078172885542,41623.0,0.049457352608442307,0.049457352608442307,6.316689491271973,6.316689491271973,172.0,21.139032712157118,0.0,41559.0,0.05137164518237114,0.05063614994287491,6.405338287353516,6.303877353668213
189,171.11102911583137,170.18998288805562,127.52324785772672,41545.0,0.05155734717845917,0.04598865658044815,6.573960781097412,5.79074764251709,179.2945894220848,149.85904154936966,176.48112167646747,41481.0,0.0507427379488945,0.0507427379488945,6.502662181854248,6.502662181854248,170.99999999999997,21.125170924015418,2.842170943040401e-14,41541.0,0.053070735186338425,0.05207657068967819,6.671121597290039,6.533416748046875
190,170.15230049037842,169.1839781857564,109.30387568264652,41569.0,0.04919329658150673,0.044727716594934464,6.246607780456543,5.618060111999512,179.12953999506018,148.85624767024626,176.27561209168402,41559.0,0.05171270668506622,0.04883969575166702,6.631073951721191,6.2251996994018555,170.0,21.109682247677494,0.0,41551.0,0.05430171638727188,0.0523596927523613,6.863228797912598,6.593484878540039
191,169.20270688591452,168.17172432640731,92.5302383909436,41569.0,0.047936633229255676,0.044010162353515625,6.0760650634765625,5.5228705406188965,178.94730034719137,147.8562045830698,176.08834682065068,41543.0,0.05232870206236839,0.04638047143816948,6.697716236114502,5.8597869873046875,169.00000000000006,21.092567985291677,0.0,41545.0,0.055818166583776474,0.05261726677417755,7.080326080322266,6.635422229766846
192,168.26316003966946,167.15484044010373,79.6270977317142,41523.0,0.048030998557806015,0.044487886130809784,6.076839923858643,5.578569412231445,178.74792483646377,146.8589687335093,175.91690315607428,41535.0,0.05034250020980835,0.0471106581389904,6.401111602783203,5.946928024291992,167.99999999999994,21.073829575380206,2.842170943040401e-14,41537.0,0.056303076446056366,0.051490508019924164,7.151192665100098,6.48206090927124
193,167.33457077287812,166.13448823797717,70.54430435884919,41517.0,0.04707581177353859,0.04620812460780144,5.923242568969727,5.801577568054199,178.53147268670642,145.8645909056668,175.75926785490327,41573.0,0.047967031598091125,0.047967031598091125,6.070249557495117,6.070249557495117,167.00000000000003,21.05346859263181,0.0,41583.0,0.058301445096731186,0.049517761915922165,7.41383171081543,6.195085525512695
194,166.41784872274832,165.1115246679985,64.29493331417777,41527.0,0.049487583339214325,0.049487583339214325,6.242830753326416,6.242830753326416,178.29800790560606,144.87311690743553,175.61375418680316,41545.0,0.04654499143362045,0.04654499143362045,5.8714447021484375,5.8714447021484375,166.0,21.031486747674766,0.0,41547.0,0.058374762535095215,0.04669199511408806,7.42194938659668,5.8014445304870605
195,165.51390202781636,164.08659768445762,59.97450082737083,41551.0,0.051454704254865646,0.051454704254865646,6.4960713386535645,6.4960713386535645,178.0475991967985,143.88458813443495,175.47893834277602,41535.0,0.04536939412355423,0.04378768056631088,5.716998100280762,5.494023323059082,165.00000000000003,21.00788588683091,2.842170943040401e-14,41589.0,0.056267399340867996,0.04278210550546646,7.143769264221191,5.2697434425354
196,164.62363696356076,163.0602082178749,56.95592064592958,41535.0,0.05246942117810249,0.05246942117810249,6.6168437004089355,6.6168437004089355,177.78031986631711,142.89904203606557,175.35361013441346,41541.0,0.046508289873600006,0.041628237813711166,5.880320072174072,5.191639423370361,163.99999999999997,20.98266799185002,2.842170943040401e-14,41503.0,0.052444592118263245,0.03991934284567833,6.635041236877441,4.888887882232666
197,163.74795752537128,162.03275139078437,54.83246923027272,41531.0,0.052187222987413406,0.052187222987413406,6.55530309677124,6.55530309677124,177.4962477236937,141.9165125021667,175.23673437539253,41571.0,0.04909982159733772,0.03964864835143089,6.24345588684082,4.909748077392578,163.0,20.955835179625815,0.0,41531.0,0.05444810539484024,0.04105215147137642,6.934322357177734,5.0614013671875
198,162.8877649562377,161.00454460798412,53.340967505093005,41521.0,0.051123589277267456,0.050992950797080994,6.389725208282471,6.3716654777526855,177.19546497801844,140.9370301848898,175.1274203410332,41539.0,0.04909047856926918,0.03759673237800598,6.250955581665039,4.626951217651367,162.0,20.927389701892324,2.842170943040401e-14,41585.0,0.05585964769124985,0.04641593620181084,7.133910179138184,5.812868118286133
199,162.04395721682116,159.975847122996,52.307813198554925,41523.0,0.0518077127635479,0.049431923776865005,6.472678184509277,6.144736289978027,176.878058129278,139.96062276741833,175.02489740234353,41527.0,0.04976830631494522,0.03891560807824135,6.345738887786865,4.812558650970459,160.99999999999997,20.897333944902023,2.842170943040401e-14,41607.0,0.054550062865018845,0.05129864439368248,6.931819915771484,6.47804594039917
200,161.217428395913,158.94687393570257,51.61551800707946,41555.0,0.05177495628595352,0.04791541025042534,6.463345527648926,5.930925369262695,176.544117855299,138.98731518885202,174.92849542658544,41505.0,0.04983924701809883,0.041869957000017166,6.3554277420043945,5.229556560516357,160.00000000000006,20.865670429084968,0.0,41537.0,0.05402303859591484,0.05402303859591484,6.834427833557129,6.834427833557129
201,160.4090680596664,157.91780583801997,51.18244835637901,41527.0,0.051340386271476746,0.04853608086705208,6.40655517578125,6.01953125,176.19373889463236,138.01712983276488,174.8376288915053,41543.0,0.0494840070605278,0.046262193471193314,6.345179557800293,5.887300491333008,158.99999999999997,20.832401808689532,0.0,41531.0,0.053058285266160965,0.053058285266160965,6.687680244445801,6.687680244445801
202,159.61976053841065,156.88879679079162,50.95045372745756,41575.0,0.05119752138853073,0.04885378107428551,6.396371841430664,6.0724778175354,175.82701992572078,137.05008668552688,174.75178391786525,41537.0,0.049245674163103104,0.04877885431051254,6.342974662780762,6.276332378387451,158.0,20.79753087140505,0.0,41557.0,0.050468869507312775,0.04826446995139122,6.3148627281188965,6.009205341339111
203,158.8503841503264,155.85997941873995,50.8771577166506,41583.0,0.050321903079748154,0.04934141784906387,6.280663967132568,6.1450653076171875,175.44406344269382,136.0862034693515,174.67050761370058,41589.0,0.05161537975072861,0.05094499886035919,6.696883678436279,6.60098934173584,156.99999999999997,20.761060537965832,2.842170943040401e-14,41525.0,0.049090854823589325,0.049090854823589325,6.12028169631958,6.12028169631958
204,158.10181036176957,154.83146915683162,50.93103871286172,41559.0,0.0488370917737484,0.0488370917737484,6.085000514984131,6.085000514984131,175.04497562814018,135.12549575413996,174.59339926358155,41557.0,0.053482796996831894,0.05296306312084198,6.96138334274292,6.887068748474121,156.00000000000003,20.72299386173754,0.0,41545.0,0.05354472994804382,0.05354472994804382,6.737829685211182,6.737829685211182
205,157.37490288458915,153.8033674159652,51.088213789592885,41559.0,0.05077396333217621,0.04803575575351715,6.367837905883789,5.987712860107422,174.6298662232057,134.16797705147502,174.52010300077438,41577.0,0.05521593242883682,0.055129870772361755,7.188294410705566,7.176022052764893,154.99999999999997,20.68333402828571,0.0,41611.0,0.057622116059064865,0.057622116059064865,7.315650939941406,7.315650939941406
206,156.67051671137614,152.77576402586513,51.33028666952484,41541.0,0.05252827703952789,0.0477692149579525,6.623868942260742,5.961889743804932,174.19884839536678,133.21365889354055,174.45030167915843,41579.0,0.055347561836242676,0.05217888206243515,7.207669258117676,6.755766868591309,154.0,20.642084354926492,0.0,41623.0,0.06003444641828537,0.06003444641828537,7.649389266967773,7.649389266967773
207,155.9894970902193,151.7487391386366,51.64287605614942,41587.0,0.05265044793486595,0.04640350863337517,6.640727519989014,5.771692276000977,173.7520386042248,132.26255089927957,174.38371172187308,41527.0,0.052723970264196396,0.05174653232097626,6.833189964294434,6.693800926208496,152.99999999999997,20.599248290259982,2.842170943040401e-14,41567.0,0.061260320246219635,0.061260320246219635,7.8179497718811035,7.8179497718811035
208,155.3326784412099,150.72236472527382,52.01458881381089,41565.0,0.055673204362392426,0.04731985926628113,7.059391021728516,5.8975701332092285,173.28955646566618,131.3146608297239,174.32007876980214,41533.0,0.05195330083370209,0.05195330083370209,6.741104602813721,6.741104602813721,151.99999999999997,20.5548294136866,2.842170943040401e-14,41477.0,0.06134943664073944,0.06134943664073944,7.849254131317139,7.849254131317139
209,154.7008832176393,149.69670576173522,52.436290185046374,41581.0,0.05853307247161865,0.047999680042266846,7.444399356842041,5.981788635253906,172.81152461472547,130.36999463411968,174.25917398867404,41563.0,0.05171015113592148,0.05171015113592148,6.710963249206543,6.710963249206543,151.00000000000003,20.50883143490609,0.0,41515.0,0.059007953852415085,0.059007953852415085,7.534473419189453,7.534473419189453
210,154.09492071555528,148.67182117597068,52.900576268361874,41567.0,0.059099167585372925,0.04772331565618515,7.518435955047607,5.939943790435791,172.31806856748375,129.42855648822083,174.20079092134097,41547.0,0.050331905484199524,0.049991630017757416,6.5078325271606445,6.459183216094971,149.99999999999997,20.461258193399914,0.0,41553.0,0.054940365254879,0.054940365254879,6.9582200050354,6.9582200050354
211,153.51558583608323,147.6477646092262,53.401386739555164,41581.0,0.05793004110455513,0.046266503632068634,7.356984615325928,5.738638401031494,171.80931658232723,128.49034882591434,174.1447427935794,41557.0,0.051852382719516754,0.050789691507816315,6.731971740722656,6.579893112182617,148.99999999999997,20.41211365789704,2.842170943040401e-14,41579.0,0.05327429622411728,0.05286145210266113,6.731232643127441,6.67375373840332
212,152.96365780566478,146.62458503186545,53.933716457359395,41571.0,0.05700443685054779,0.044944629073143005,7.235690116882324,5.560970783233643,171.28539952088227,127.55537236516827,174.09086019894636,41575.0,0.05267222225666046,0.04756854847073555,6.83745002746582,6.108078956604004,148.0,20.361401925823415,0.0,41571.0,0.054699674248695374,0.04979467764496803,6.933679580688477,6.250441074371338
213,152.43989886011104,145.60232724436617,54.493397877897195,41591.0,0.05462268739938736,0.04413411021232605,6.911976337432861,5.454112529754639,170.74645070893328,126.62362612915214,174.03898910187021,41535.0,0.0482417494058609,0.044042740017175674,6.197282791137695,5.5976972579956055,147.00000000000003,20.309127222735192,0.0,41587.0,0.05328899249434471,0.04695283994078636,6.732456207275391,5.850555419921875
214,151.94505289909904,144.58103228705775,55.07693490324968,41565.0,0.05332374945282936,0.0414445661008358,6.750395774841309,5.094859600067139,170.19260579761945,125.69510746325928,173.98898910905314,41543.0,0.04820955544710159,0.043954379856586456,6.165012359619141,5.5598649978637695,146.0,20.255293901736195,0.0,41571.0,0.04991243779659271,0.0461370050907135,6.258355617523193,5.733190536499023
215,151.47984411844274,143.56073777686663,55.681374587688,41589.0,0.05181698128581047,0.03908137232065201,6.570843696594238,4.788383483886719,169.62400262519583,124.76981204866212,173.9407319680105,41537.0,0.04632159695029259,0.042832110077142715,5.8743767738342285,5.3798298835754395,145.0,20.199906442879872,0.0,41501.0,0.05088220536708832,0.0448930598795414,6.400303363800049,5.5663347244262695
216,151.04497562814015,142.54147818534543,56.30420705191338,41567.0,0.05287330970168114,0.039837803691625595,6.759056568145752,4.924619674682617,169.04078107963065,123.84773391294802,173.8941002586339,41535.0,0.047409482300281525,0.04432849586009979,5.993002891540527,5.558724880218506,144.0,20.1429694525554,0.0,41521.0,0.05048810690641403,0.046641141176223755,6.353481292724609,5.817294120788574
217,150.64112806480824,141.52328506922026,56.943286655400385,41545.0,0.05352351814508438,0.044221486896276474,6.8725409507751465,5.559689044952393,168.4430829622995,122.92886543831291,173.84898624939328,41561.0,0.05004262179136276,0.04632024094462395,6.339181423187256,5.816409587860107,142.99999999999997,20.08448766285939,0.0,41493.0,0.05218750983476639,0.04829208180308342,6.618287086486816,6.073341369628906
218,150.26895820767012,140.50618726236732,57.596769359357836,41535.0,0.05056899040937424,0.04722552001476288,6.479020595550537,6.00558614730835,167.83105185302384,122.01319736773135,173.80529089446134,41539.0,0.050771571695804596,0.04473848268389702,6.432921409606934,5.586780071258545,141.99999999999997,20.024465930951987,0.0,41527.0,0.05431484431028366,0.04923293739557266,6.93707275390625,6.224213123321533
219,149.9290976077273,139.49021103632853,58.263062542718245,41525.0,0.049495309591293335,0.049495309591293335,6.338842391967773,6.338842391967773,167.2048329766856,121.100718809471,173.76292295186465,41609.0,0.048547450453042984,0.041698157787323,6.143249988555908,5.17954158782959,140.99999999999997,19.96290923839902,0.0,41491.0,0.05471570044755936,0.049792565405368805,6.976930618286133,6.287877082824707
220,149.62215124012698,138.47538023508005,58.94078448473803,41521.0,0.05016535520553589,0.05016535520553589,6.4425883293151855,6.4425883293151855,166.56457307163916,120.19141724027712,173.72179820590944,41591.0,0.049194056540727615,0.04054494574666023,6.250053405761719,5.030374050140381,139.99999999999997,19.899822690499242,2.842170943040401e-14,41509.0,0.053216882050037384,0.05034653842449188,6.777021884918213,6.374756336212158
221,149.3486961900102,137.4617163886702,59.62873141596046,41541.0,0.05234802886843681,0.05234802886843681,6.7559051513671875,6.7559051513671875,165.91042026012443,119.28527850751573,173.68183877972533,41565.0,0.051482852548360825,0.04357222095131874,6.585844993591309,5.468221664428711,139.0,19.83521151559802,0.0,41525.0,0.051970429718494415,0.0483369342982769,6.615085601806641,6.104984760284424
222,149.10928038228255,136.4492388094822,60.3258505425901,41545.0,0.05432604253292084,0.05432604253292084,7.0260114669799805,7.0260114669799805,165.24252392087243,118.3822868305342,173.64297252592021,41527.0,0.05117574334144592,0.044563956558704376,6.574903964996338,5.636423110961914,138.0,19.769081064387006,2.842170943040401e-14,41569.0,0.05088135600090027,0.046581659466028214,6.474905014038086,5.870153903961182
223,148.90442136578332,135.43796467419045,61.03121782116003,41517.0,0.05300513654947281,0.05300513654947281,6.842637538909912,6.842637538909912,164.5610345640801,117.48242480147015,173.60513248513112,41563.0,0.048950258642435074,0.04401858523488045,6.286838054656982,5.584043025970459,136.99999999999994,19.70143680919027,2.842170943040401e-14,41595.0,0.05010344460606575,0.04455419257283211,6.365546226501465,5.58491325378418
224,148.73460516223054,134.42790909393284,61.744019537715076,41563.0,0.052320145070552826,0.05002858489751816,6.750436782836914,6.4250874519348145,163.8661037089153,116.58567338571588,173.56825640374961,41527.0,0.052626244723796844,0.04031277447938919,6.829879283905029,5.070705890655518,136.0,19.632284343237423,0.0,41603.0,0.049130648374557495,0.04352128133177757,6.23529577255249,5.4453020095825195
225,148.60028519008097,133.41908517478487,62.46353695445504,41543.0,0.05032963678240776,0.04818443953990936,6.476769924163818,6.171736717224121,163.15788376370116,115.6920119222275,173.53228630335562,41541.0,0.05376645550131798,0.04250231757760048,7.000581741333008,5.389862537384033,135.0,19.561629379923605,0.0,41603.0,0.049548082053661346,0.04286768287420273,6.308989524841309,5.36588716506958
226,148.50188127306947,132.41150407026518,63.189133445204334,41535.0,0.04999973252415657,0.049101728945970535,6.429550647735596,6.301839351654053,162.4365279089117,114.80141812384807,173.4971680954449,41529.0,0.052937332540750504,0.043183695524930954,6.866861820220947,5.475447654724121,133.99999999999994,19.48947775205713,2.842170943040401e-14,41543.0,0.04840342700481415,0.04403746873140335,6.165918827056885,5.5477190017700195
227,148.43977874267392,131.40517502731709,63.92024366227187,41557.0,0.052491139620542526,0.0509953573346138,6.790095329284668,6.577219486236572,161.70218998309937,113.91386807780097,173.4628512359275,41581.0,0.05176393687725067,0.04567820951342583,6.6879658699035645,5.821471214294434,133.00000000000003,19.415835411094562,2.842170943040401e-14,41497.0,0.05039288103580475,0.04386239871382713,6.4627203941345215,5.535891056060791
228,148.41432764310008,130.40010542697485,64.6563643706979,41557.0,0.05371580272912979,0.05371580272912979,6.967534065246582,6.967534065246582,160.95502437185985,113.02933624649359,173.42928841462486,41605.0,0.049348048865795135,0.046729717403650284,6.327105522155762,5.955224514007568,131.99999999999997,19.34070842636377,0.0,41489.0,0.052674923092126846,0.042952001094818115,6.8121771812438965,5.427628040313721
229,148.4258420465971,129.39630082073413,65.39704665842197,41567.0,0.054414693266153336,0.054414693266153336,7.08005428314209,7.08005428314209,160.19518589992668,112.14779546876288,173.3964352756339,41551.0,0.047748155891895294,0.04507279023528099,6.095410346984863,5.7155842781066895,131.0,19.26410298427553,0.0,41589.0,0.052409157156944275,0.04600135236978531,6.81412935256958,5.896963119506836
230,148.4745994860103,128.39376496348544,66.14188928760998,41535.0,0.05291217938065529,0.05172654613852501,6.897520542144775,6.727752685546875,159.422829726475,111.26921696167994,173.36425016496938,41565.0,0.04952502250671387,0.045283421874046326,6.342563152313232,5.740660667419434,130.0,19.18602538752342,0.0,41615.0,0.04992593079805374,0.04897782579064369,6.471431255340576,6.335503101348877
231,148.56084051046602,127.39249984374081,66.89053299698699,41613.0,0.053034719079732895,0.046503253281116486,6.9593400955200195,6.018431663513184,158.63811124370164,110.39357032302449,173.33269390236086,41609.0,0.049276769161224365,0.04810867831110954,6.270590782165527,6.105714797973633,129.00000000000003,19.106482054272718,2.842170943040401e-14,41577.0,0.05096254497766495,0.05001341179013252,6.631871223449707,6.495572090148926
232,148.68476836897534,126.39250571177412,67.64265560033195,41601.0,0.05284051597118378,0.04373738914728165,6.949328899383545,5.634795188903809,157.841185978736,109.52082353452899,173.30172957447826,41571.0,0.050961315631866455,0.050189532339572906,6.485123157501221,6.376541614532471,127.99999999999997,19.02547951733845,0.0,41543.0,0.05300591140985489,0.04905311390757561,6.9290876388549805,6.361152648925781
233,148.84654882556325,125.3937811062058,68.39796775440456,41579.0,0.04955912381410599,0.04222281649708748,6.474878787994385,5.415473937988281,157.03220949892497,108.65094296598627,173.2713223472002,41581.0,0.05233263969421387,0.05039714649319649,6.669413089752197,6.397416591644287,126.99999999999999,18.94302442335312,0.0,41493.0,0.05470447614789009,0.047609757632017136,7.1795854568481445,6.159501552581787
234,149.0463101082873,124.39632287948338,69.15620929208015,41555.0,0.04772896319627762,0.04772896319627762,6.211658954620361,6.211658954620361,156.2113373205238,107.78389338030505,173.2414392948345,41577.0,0.052068062126636505,0.0508665069937706,6.632139205932617,6.46327543258667,126.0,18.8591235319239,0.0,41555.0,0.055044617503881454,0.04497579112648964,7.230426788330078,5.78237771987915
235,149.2841429932345,123.40012622264987,69.91714603458294,41563.0,0.05015561729669571,0.05015561729669571,6.552766799926758,6.552766799926758,155.3787248208141,106.91963793959347,173.21204924445217,41555.0,0.05034060776233673,0.0500006228685379,6.384374618530273,6.33663272857666,125.00000000000001,18.773783714780354,0.0,41545.0,0.05435106158256531,0.049203768372535706,7.126341819763184,6.386520862579346
236,149.56010102329378,122.40518468973261,70.68056701135893,41611.0,0.05326113477349281,0.05326113477349281,6.972853183746338,6.972853183746338,154.53452715366066,106.05813821234266,173.18312263371487,41571.0,0.051078371703624725,0.047159966081380844,6.488419055938721,5.938276290893555,123.99999999999997,18.687011954912208,0.0,41567.0,0.05407140776515007,0.04992060735821724,7.052212715148926,6.458256244659424
237,149.8742008602139,121.41149022204169,71.44628202804026,41569.0,0.05215805023908615,0.05215805023908615,6.791121959686279,6.791121959686279,153.67889916850845,105.19935418177742,173.15463138076683,41555.0,0.05203712731599808,0.043335091322660446,6.615856647491455,5.395627975463867,122.99999999999999,18.598815345698192,0.0,41603.0,0.053000543266534805,0.04976130649447441,6.8701934814453125,6.408512592315674
238,150.22642276720305,120.41903317262428,72.21411953267639,41541.0,0.05084067955613136,0.049852121621370316,6.582969665527344,6.441673278808594,152.8119953328126,104.34324425543436,173.12654876492465,41595.0,0.05183526873588562,0.040494389832019806,6.5711894035339355,4.984551906585693,122.0,18.5092010900259,0.0,41581.0,0.05255444720387459,0.046689242124557495,6.782527923583984,5.949368476867676
239,150.61671121811636,119.42780233109046,72.98392473838214,41535.0,0.05014077201485634,0.047803718596696854,6.457722187042236,6.124923229217529,151.93396965788583,103.48976527602424,173.098849317043,41565.0,0.05089001730084419,0.04236426204442978,6.424333095550537,5.233734130859375,121.0,18.418176499402637,0.0,41529.0,0.05199403688311577,0.043444450944662094,6.696012020111084,5.48257303237915
240,151.04497562814012,118.43778494899249,73.75555796712248,41557.0,0.047980088740587234,0.047857511788606644,6.133685111999512,6.116272926330566,151.04497562814018,102.63887253362888,173.0715087185586,41573.0,0.049205586314201355,0.04711870476603508,6.172591209411621,5.8817524909973145,120.00000000000001,18.3257489930586,0.0,41537.0,0.050152868032455444,0.03975355625152588,6.436628341674805,4.959892749786377
241,151.51109119982902,117.44896676591546,74.528893184785,41575.0,0.05222161114215851,0.04654839262366295,6.747779369354248,5.940694808959961,150.14516613369165,101.79051977927743,173.04450370832194,41545.0,0.050855934619903564,0.04845812916755676,6.39965295791626,6.0655741691589355,118.99999999999997,18.231926097041526,0.0,41571.0,0.049768783152103424,0.038622211664915085,6.3941545486450195,4.808121204376221
242,152.01489987740106,116.46133203641415,75.3038167021999,41555.0,0.05184166505932808,0.047126658260822296,6.710522174835205,6.038156986236572,149.23469340629111,100.94465923994386,173.01781199642465,41555.0,0.052486564964056015,0.045655231922864914,6.620697021484375,5.66991662979126,117.99999999999999,18.136715443303977,0.0,41523.0,0.04887191951274872,0.039852727204561234,6.273305892944336,4.988550662994385
243,152.55621140136233,115.47486355790956,76.08022602052685,41575.0,0.051042620092630386,0.04836159572005272,6.6104302406311035,6.227304458618164,148.3137089585372,100.10124163500058,172.9914121843094,41549.0,0.05231299251317978,0.04453662410378456,6.5863356590271,5.506042957305908,117.0,18.04012476878308,0.0,41577.0,0.04798806458711624,0.04122517630457878,6.1558051109313965,5.1913371086120605
244,153.1348044548183,114.48954269964199,76.85802880256776,41559.0,0.05210920423269272,0.04638489708304405,6.747916221618652,5.931591510772705,147.38236352632242,99.26021619415998,172.96528369052533,41553.0,0.04857661575078964,0.04514988511800766,6.061434745788574,5.585944652557373,116.00000000000004,17.942161914473264,0.0,41523.0,0.04614086449146271,0.04073891043663025,5.894786357879639,5.124264717102051
245,153.7504278922539,113.50534943276082,77.63714195420229,41559.0,0.05376734957098961,0.04561499506235123,6.968446254730225,5.808372497558594,146.4408070144582,98.42153067693046,172.93940668155463,41571.0,0.04940420016646385,0.04245932400226593,6.181268692016602,5.216928958892822,114.99999999999997,17.842834824492332,0.0,41551.0,0.046764351427555084,0.039632607251405716,5.980135440826416,4.963615417480469
246,154.4028020411185,112.52226236161606,78.41749080236386,41541.0,0.05414653941988945,0.044460978358983994,7.030714988708496,5.651115894317627,145.48918844541973,97.5851313936084,172.9137620071915,41535.0,0.05373215302824974,0.04216068610548973,6.777742862701416,5.172030925750732,114.0,17.742151545141038,0.0,41557.0,0.045535072684288025,0.039848633110523224,5.805848598480225,4.995242118835449
247,155.0916200662483,111.5402587563045,79.19900835784742,41579.0,0.05349024012684822,0.04788588732481003,6.976909637451172,6.1745147705078125,144.52765591114746,96.75096322782359,172.88833114000508,41581.0,0.0550733357667923,0.042476676404476166,6.954848766326904,5.208946704864502,112.99999999999999,17.64012022395642,0.0,41537.0,0.04705038666725159,0.04006383195519447,6.031057357788086,5.033682346343994
248,155.8165493869856,110.559314586511,79.98163465282843,41595.0,0.05220428481698036,0.05034741759300232,6.839505672454834,6.572009086608887,143.55635652783909,95.91896966065151,172.8630961184596,41571.0,0.053886499255895615,0.04127468541264534,6.784424304962158,5.037651062011719,112.00000000000003,17.53674910875954,0.0,41547.0,0.04822206869721413,0.04076099395751953,6.198476314544678,5.133284568786621
249,156.57723313681652,109.57940455667439,80.76531614432363,41587.0,0.05001813545823097,0.04935856908559799,6.543400764465332,6.44815731048584,142.57543639366168,95.08909279629981,172.83803949330544,41627.0,0.0537271611392498,0.039623890072107315,6.782444953918457,4.823023796081543,111.00000000000004,17.432046546697485,2.842170943040401e-14,41549.0,0.048717200756073,0.040919799357652664,6.268659591674805,5.15561056137085
250,157.37329165543326,108.60050214249753,81.55000517597281,41563.0,0.051477156579494476,0.04837117716670036,6.756161212921143,6.307657718658447,141.58504054931169,94.26127338937351,172.81314427688494,41565.0,0.05439763143658638,0.04022780805826187,6.896242618560791,4.921358585357666,109.99999999999997,17.326020983280337,0.0,41517.0,0.04885002225637436,0.04315727576613426,6.273772239685059,5.462862014770508
251,158.20432400332476,107.6225796288115,82.33565949150383,41557.0,0.050193432718515396,0.050193432718515396,6.540918350219727,6.540918350219727,140.58531294134804,93.43545087371793,172.78839389502798,41575.0,0.054292719811201096,0.04285433143377304,6.890048980712891,5.293529510498047,108.99999999999999,17.218680961413213,0.0,41473.0,0.04766292870044708,0.04427285119891167,6.083396911621094,5.602083683013916
252,159.0699094893081,106.64560814879499,83.12224179408494,41575.0,0.05221344158053398,0.04945298656821251,6.808567047119141,6.412925720214844,139.57639638822056,92.61156339283379,172.76377214123787,41557.0,0.05059788003563881,0.04477698728442192,6.3597846031188965,5.548861503601074,108.00000000000003,17.110035120423497,0.0,41449.0,0.04788779467344284,0.04428669065237045,6.091971397399902,5.582486629486084
253,159.96960920180769,105.6695577245438,83.90971934649096,41545.0,0.053997140377759933,0.04710737615823746,7.067473888397217,6.079073905944824,138.55843254891658,91.78954783185566,172.73926313288868,41509.0,0.052565060555934906,0.04575074091553688,6.618263244628906,5.67085599899292,107.00000000000003,17.000092195083937,0.0,41513.0,0.04932808130979538,0.043374888598918915,6.261948108673096,5.423720359802246
254,160.902967535171,104.69439730897379,84.69806360763286,41579.0,0.055548034608364105,0.044790059328079224,7.306467533111572,5.759212493896484,137.5315618941452,90.96933985107917,172.7148512691756,41559.0,0.051116134971380234,0.046858049929142,6.405981540679932,5.814908027648926,106.0,16.88886101463174,0.0,41537.0,0.0516231469810009,0.04460041597485542,6.542062759399414,5.559062480926514
255,161.8695137028553,103.72009482903871,85.4872499015361,41575.0,0.05691085755825043,0.04518875852227211,7.500535011291504,5.814965724945068,136.4959236799788,90.15087392101893,172.69052119057636,41547.0,0.050230879336595535,0.04937998577952385,6.287508964538574,6.169333457946777,105.00000000000003,16.776350501783806,0.0,41481.0,0.05161972716450691,0.042226631194353104,6.5016679763793945,5.194114685058594
256,162.86876322992077,102.74661723023236,86.2772571153192,41539.0,0.05495475232601166,0.046768706291913986,7.201938152313232,6.027637481689453,135.45165592387065,89.3340833589735,172.6662577395951,41529.0,0.05163814499974251,0.05087893456220627,6.498044490814209,6.39237642288208,104.0,16.662569671748557,0.0,41541.0,0.051185887306928635,0.03998672962188721,6.409561634063721,4.857644081115723
257,163.9002194179085,101.77393052234297,87.068067423124,41575.0,0.04832300916314125,0.044586461037397385,6.247310638427734,5.711623668670654,134.39889538296734,88.51890036707232,172.64204592257173,41567.0,0.05021337419748306,0.04946398735046387,6.308076858520508,6.203678131103516,103.0,16.54752763123466,0.0,41567.0,0.050603438168764114,0.03743239492177963,6.3080244064331055,4.488495349884033
258,164.96337477585135,100.80199982641867,87.85966603330124,41487.0,0.046025071293115616,0.03971715644001961,5.921268939971924,5.016416072845459,133.33777753463423,87.70525607177134,172.617870872351,41559.0,0.04791082814335823,0.04703102260828018,5.982937335968018,5.860496520996094,102.00000000000003,16.431233577456805,0.0,41567.0,0.05181792750954628,0.04091646149754524,6.443762302398682,4.94448184967041
259,166.05771241185448,99.83078942289838,88.65204095645655,41587.0,0.04768238589167595,0.042624060064554214,6.176537990570068,5.448869705200195,132.26843655911273,86.89308056476325,172.5937178116119,41505.0,0.049841780215501785,0.042887941002845764,6.261955261230469,5.2928147315979,100.99999999999999,16.31369679713892,0.0,41601.0,0.05199306458234787,0.04304668679833412,6.430667400360107,5.206714153289795
260,167.18270738037293,98.86026280085794,89.44518279222834,41635.0,0.047285839915275574,0.04480466619133949,6.120027542114258,5.762998580932617,131.19100532422877,86.08230294526273,172.56957201666316,41569.0,0.05162363499403,0.04151565209031105,6.535031318664551,5.121152400970459,99.99999999999999,16.194926665514963,0.0,41519.0,0.05131981894373894,0.042624130845069885,6.323913097381592,5.136824131011963
261,168.33782798100347,97.89038270831493,90.23908453290002,41529.0,0.04496200382709503,0.04415864124894142,5.7497711181640625,5.634808540344238,130.10561537207144,85.27285136362309,172.54541878151826,41521.0,0.04838209226727486,0.03996368870139122,6.122910976409912,4.937971591949463,98.99999999999999,16.074932645327827,0.0,41489.0,0.04889417812228203,0.04126344993710518,6.012633800506592,4.967819690704346
262,169.52253700527913,96.92111120353279,91.03374138214977,41509.0,0.04588257893919945,0.04118751361966133,5.839273452758789,5.171700477600098,129.01239690756344,84.46465306623737,172.52124338206104,41545.0,0.05315590277314186,0.04073469340801239,6.83453893661499,5.076816558837891,98.00000000000004,15.953724285826222,0.0,41835.0,0.049205511808395386,0.039889901876449585,6.1144795417785645,4.827709197998047
263,170.7362929286088,95.95240970725902,91.82915058741989,41531.0,0.04823751747608185,0.03810244798660278,6.145500183105469,4.710263729095459,127.91147878884387,83.65763444167298,172.497031040118,41535.0,0.05559355020523071,0.04393337294459343,7.199344158172607,5.5452799797058105,96.99999999999999,15.831311221760254,0.0,42227.0,0.0504787378013134,0.04199911281466484,6.368983745574951,5.184337615966797
264,171.97855104512695,94.9842390558296,92.6253112845404,41535.0,0.04831192269921303,0.03612734004855156,6.139918804168701,4.418471336364746,126.80298851938687,82.85172106798548,172.47276688724986,41557.0,0.05458751693367958,0.045912966132164,7.060694694519043,5.829672336578369,96.0,15.707703172375476,0.0,41671.0,0.05258798599243164,0.04417243227362633,6.617347717285156,5.449034214019775
265,173.24876454380865,94.01655955506666,93.42222435337933,41527.0,0.04811091348528862,0.03538956120610237,6.1329121589660645,4.3296661376953125,125.68705224177907,82.0468377611529,172.44843592807428,41555.0,0.05150357633829117,0.04672761261463165,6.639078617095947,5.959743976593018,95.0,15.582909940406145,0.0,41455.0,0.055604737251996994,0.045177411288022995,7.037713527679443,5.589757919311523
266,174.5463855247564,93.04933103489526,94.21989228340888,41503.0,0.048323873430490494,0.03521396592259407,6.181090354919434,4.317698001861572,124.56379473308242,81.24290862457067,172.42402300292528,41553.0,0.04880557209253311,0.0455993115901947,6.270847320556641,5.813612461090088,94.0,15.456941411067525,0.0,41573.0,0.05694287270307541,0.045722056180238724,7.263481616973877,5.697257995605469
267,175.87086595507748,92.08251290459931,95.01831904818286,41539.0,0.04768954962491989,0.03431827947497368,6.084275722503662,4.186367988586426,123.43333940170837,80.43985709954134,172.39951274965213,41529.0,0.049934688955545425,0.04145147278904915,6.472842216491699,5.255746841430664,93.00000000000001,15.329807551047884,0.0,41571.0,0.05624726787209511,0.04573805630207062,7.209386348724365,5.734264850616455
268,177.2216585642362,91.11606420863659,95.81750998781038,41551.0,0.050598613917827606,0.03611103445291519,6.488531112670898,4.435519218444824,122.29580828573191,79.63760601669257,172.37488956434873,41527.0,0.050254784524440765,0.03926490247249603,6.562098979949951,4.975516319274902,91.99999999999997,15.201518407499828,0.0,41551.0,0.05348098278045654,0.04387879744172096,6.859029293060303,5.504457473754883
269,178.59821767919053,90.14994368292864,96.61747169859242,41587.0,0.04839847609400749,0.03767155483365059,6.191501140594482,4.668605804443359,121.15132205257653,78.83607764825372,172.3501375607985,41563.0,0.04753533750772476,0.03853579983115196,6.183443546295166,4.881686687469482,90.99999999999999,15.072084107031905,0.0,41525.0,0.05433105677366257,0.04408280923962593,6.998359203338623,5.549116134643555
270,180.0,89.18410981153926,97.41821192905556,41527.0,0.047529298812150955,0.0379648394882679,6.086697101593018,4.72521448135376,120.00000000000001,78.03519376111677,172.32524052840543,41527.0,0.04739529639482498,0.04018978029489517,6.157718181610107,5.116694450378418,90.00000000000001,14.94151485470033,0.0,41527.0,0.054025799036026,0.04496454447507858,6.970785617828369,5.686922073364258
271,178.57353468307315,88.21852088365519,98.21973948167974,41559.0,0.04897525906562805,0.03805115446448326,6.327463150024414,4.764484405517578,118.84196005831733,77.23487567060853,172.30018188836942,41535.0,0.04886939376592636,0.041915860027074814,6.366235256195068,5.362487316131592,89.00000000000003,14.809820933000845,0.0,41533.0,0.05268614739179611,0.04441116005182266,6.796224594116211,5.621450901031494
272,177.12292282965706,87.25313505077852,99.02206411966799,41541.0,0.04824336618185043,0.04054814577102661,6.272092342376709,5.162715435028076,117.67731879379366,76.43504429489563,172.27494464784624,41541.0,0.04962305724620819,0.04210219904780388,6.4786200523376465,5.392367362976074,87.99999999999996,14.67701270086158,0.0,41543.0,0.05197712406516075,0.044661883264780045,6.717250347137451,5.675732612609863
273,175.64869654499552,86.28791038404117,99.8251964781509,41557.0,0.045904163271188736,0.04082737863063812,5.969309329986572,5.233360290527344,116.50619141314722,75.6356202099441,172.2495113518144,41499.0,0.05051443725824356,0.043476857244968414,6.600537300109863,5.58493709564209,86.99999999999999,14.543100592636474,0.0,41483.0,0.05078236013650894,0.04529362544417381,6.557115077972412,5.774624347686768
274,174.15138302953218,85.32280493154936,100.62914797925927,41609.0,0.049387864768505096,0.03942279890179634,6.504853248596191,5.053923606872559,115.3286917690985,74.83652370495128,172.2238640323485,41543.0,0.050124190747737885,0.04405653849244118,6.51491641998291,5.642886161804199,86.0,14.408095117099757,0.0,41475.0,0.048720989376306534,0.045953355729579926,6.266869068145752,5.872153282165527
275,172.6315040804108,84.357776775667,101.4339307505268,41533.0,0.050669968128204346,0.0392477884888649,6.699780464172363,5.034965991973877,114.14493236691044,74.03767483817035,172.1979841549734,41551.0,0.05161324515938759,0.04700363427400589,6.703253269195557,6.043020248413086,85.00000000000003,14.272006856441775,2.842170943040401e-14,41505.0,0.047174207866191864,0.046658955514431,6.05568265914917,5.982108116149902
276,171.0895756428086,83.39278409014481,102.23955754611407,41547.0,0.051292989403009415,0.04573551565408707,6.761972904205322,5.9553399085998535,112.95502437185988,73.23899349304166,172.17185256174338,41565.0,0.05017784237861633,0.04995937645435333,6.482266426086426,6.451043605804443,84.00000000000001,14.134846465266195,0.0,41561.0,0.0469326376914978,0.04390658438205719,6.02965784072876,5.597067356109619
277,169.5261074089163,82.4277851970032,103.0460416703639,41543.0,0.053713150322437286,0.04918889328837395,7.075576305389404,6.422358512878418,111.75907761758678,72.4403994345476,172.14544941065947,41547.0,0.05516478419303894,0.05516478419303894,7.1781768798828125,7.1781768798828125,82.99999999999997,13.996624669588881,0.0,41545.0,0.04777470603585243,0.04081232473254204,6.15072774887085,5.155364036560059
278,167.94160246230192,81.46273862307675,103.85339690321476,41555.0,0.054133106023073196,0.04974808916449547,7.129067420959473,6.496660232543945,110.55720061526841,71.64181236570631,172.11875411099703,41589.0,0.0591157041490078,0.0591157041490078,7.739366054534912,7.739366054534912,82.0,13.857352265838472,0.0,41559.0,0.04616740345954895,0.044041283428668976,5.903787612915039,5.600640773773193
279,166.33655696534586,80.49760315612801,104.6616374270092,41549.0,0.05289049446582794,0.04763912409543991,6.927650451660156,6.172628402709961,109.34950056356652,70.84315198411751,172.09174525407542,41591.0,0.06074986606836319,0.06074986606836319,7.978890419006348,7.978890419006348,81.0,13.717040119859094,0.0,41541.0,0.048805177211761475,0.04448331892490387,6.262088775634766,5.647511005401611
280,164.71145988741117,79.53233790044119,105.47077775423853,41549.0,0.055126581341028214,0.04477889835834503,7.212222576141357,5.731383323669434,108.13608335929949,70.0443380384759,172.06440053894985,41523.0,0.05946093425154686,0.05946093425154686,7.804192543029785,7.804192543029785,80.00000000000003,13.575699165915227,0.0,41551.0,0.049900468438863754,0.04369586706161499,6.3796563148498535,5.502234935760498
281,163.06679277140776,78.56690233180447,106.28083265576717,41571.0,0.052957721054553986,0.048639893531799316,6.887022972106934,6.270239353179932,106.91705360879146,69.24529038496598,172.03669669245107,41565.0,0.06010952964425087,0.06010952964425087,7.907045364379883,7.907045364379883,78.99999999999993,13.433340405698857,0.0,41545.0,0.05111362040042877,0.04248027503490448,6.523767471313477,5.3075666427612305
282,161.40302953642424,77.60125635179371,107.0918170890732,41569.0,0.05316254496574402,0.04761163145303726,6.91818904876709,6.124978065490723,105.69251463985405,68.4459290434527,172.00860938293337,41547.0,0.06043555587530136,0.06043555587530136,7.951848030090332,7.951848030090332,78.0,13.28997490733928,0.0,41537.0,0.05326927453279495,0.041696954518556595,6.79866886138916,5.174607276916504
283,159.72063631413096,76.63536034126969,107.90374612603333,41557.0,0.054151929914951324,0.044474806636571884,7.088655471801758,5.700267791748047,104.46256851435587,67.64617425338338,171.98011312701962,41541.0,0.05911259725689888,0.05911259725689888,7.758393287658691,7.758393287658691,77.0,13.145613804415309,2.842170943040401e-14,41583.0,0.053918104618787766,0.04231249541044235,6.8625946044921875,5.2395501136779785
284,158.02007131670504,75.66917521300513,108.7166348797625,41537.0,0.05562545731663704,0.04083488509058952,7.334420680999756,5.20286750793457,103.22731604133922,66.84594652931722,171.9511811885471,41581.0,0.05473386496305466,0.05473386496305466,7.113375186920166,7.113375186920166,76.00000000000001,13.000268294970676,0.0,41547.0,0.052958887070417404,0.04249904677271843,6.713700771331787,5.253751754760742
285,156.30178473408102,74.70266246335754,109.53049842999772,41515.0,0.054685696959495544,0.0436987429857254,7.227522850036621,5.638363838195801,101.98685679064445,66.04516671599865,171.92178546882508,41559.0,0.051742929965257645,0.04779783636331558,6.658822059631348,6.098720073699951,75.00000000000003,12.853949640532058,0.0,41589.0,0.05182543769478798,0.042419273406267166,6.550597190856934,5.2386474609375
286,154.56621865839844,73.735784222908,110.34535174648605,41559.0,0.051766570657491684,0.044996585696935654,6.838257789611816,5.854579925537109,100.74128910700206,65.24375604289378,171.89189638720308,41549.0,0.052271101623773575,0.04152818024158478,6.711024284362793,5.190851211547852,73.99999999999999,12.706669165130565,0.0,41503.0,0.05164448916912079,0.0406915545463562,6.519857406616211,4.993344306945801
287,152.81380703359105,72.7685033059875,111.16120960980041,41553.0,0.05069989711046219,0.04630839824676514,6.671622276306152,6.034395217895508,99.49071012455872,64.44163617810912,171.8614827508272,41575.0,0.05295758321881294,0.03991474583745003,6.794650554656982,4.952872276306152,72.99999999999999,12.558438254326079,0.0,41531.0,0.0539834126830101,0.03882783278822899,6.84971284866333,4.736457824707031
288,151.04497562814015,71.8007832590154,111.97808652896285,41567.0,0.0517597459256649,0.04559005796909332,6.775203227996826,5.885962009429932,98.23521578180002,63.63872928161412,171.83051161231717,41561.0,0.05075744912028313,0.04005931690335274,6.469856262207031,4.962456226348877,72.0,12.40926835423541,0.0,41585.0,0.055382899940013885,0.036605533212423325,7.040356636047363,4.423733234405518
289,149.2601420291024,70.83258840757792,112.79599665520013,41569.0,0.05045200511813164,0.046977169811725616,6.538358688354492,6.040918350219727,96.97490083683869,62.83495805769213,171.79894811393032,41545.0,0.04746014252305031,0.04283386841416359,5.985952377319336,5.336256980895996,71.0,12.259170970563554,0.0,41607.0,0.056187935173511505,0.04100184887647629,7.131656646728516,5.021454334259033
290,147.45971565560433,69.86388390217694,113.61495369109267,41571.0,0.0470304898917675,0.043458133935928345,5.9770283699035645,5.4710259437561035,95.70985888303561,62.03024580654377,171.76675531659234,41553.0,0.047821130603551865,0.04395647346973419,6.039783954620361,5.496898174285889,69.99999999999996,12.10815766763899,0.0,41537.0,0.0568537712097168,0.045268427580595016,7.216172218322754,5.608034610748291
291,145.6440977900911,68.89463576258328,114.43497079430082,41555.0,0.04616300016641617,0.04333902522921562,5.816652774810791,5.419040203094482,94.44018236492482,61.2245164749726,171.73389401195297,41557.0,0.049494240432977676,0.04110739752650261,6.281340599060059,5.101947784423828,68.99999999999997,11.956240067452368,0.0,41531.0,0.05773221701383591,0.04748730733990669,7.339242458343506,5.9168524742126465
292,143.81368162570172,67.92481092073076,115.25606047496146,41547.0,0.04986778646707535,0.046653494238853455,6.338075160980225,5.885642051696777,93.16596259441226,60.41769470608206,171.7003225153719,41509.0,0.05000484734773636,0.040556129068136215,6.373453617095947,5.04056453704834,67.99999999999997,11.803429848699126,0.0,41557.0,0.05686131864786148,0.04801543802022934,7.223883152008057,5.994636535644531
293,141.96885232823834,66.95437726209344,116.07823448574104,41557.0,0.04700831323862076,0.04633615165948868,5.96157169342041,5.866565704345703,91.88728976722365,59.60970588791821,171.6659964374459,41551.0,0.049763597548007965,0.03966812416911125,6.3648200035095215,4.935225486755371,66.99999999999999,11.64973874582631,0.0,41525.0,0.055692654103040695,0.046820271760225296,7.076855659484863,5.84112024307251
294,140.10998711128371,65.98330366548832,116.90150370340459,41523.0,0.04579572752118111,0.044966623187065125,5.8193817138671875,5.701648235321045,90.60425297957377,58.800476200994126,171.63086843134707,41531.0,0.046453334391117096,0.03566719591617584,5.916337490081787,4.383628845214844,66.0,11.495178548083164,0.0,41545.0,0.053082749247550964,0.0462183840572834,6.740713119506836,5.780760765075684
295,138.23745532311042,65.01156004125288,117.72587800061066,41549.0,0.045934051275253296,0.04166148602962494,5.8707451820373535,5.261013984680176,89.31694024503406,57.989932664634665,171.59488791284278,41547.0,0.04659729823470116,0.03610289469361305,5.959812164306641,4.462690353393555,64.99999999999996,11.339761098575833,0.0,41611.0,0.052019231021404266,0.04752257466316223,6.61248254776001,5.9816813468933105
296,136.35161854411305,64.03911736774897,118.55136610646818,41573.0,0.04810905456542969,0.042496200650930405,6.183909893035889,5.3824238777160645,88.02543851157591,57.17800318208488,171.5580007494035,41569.0,0.046347133815288544,0.03831000253558159,5.963043212890625,4.809220790863037,63.99999999999998,11.183498293326572,0.0,41623.0,0.050982579588890076,0.046673696488142014,6.4781365394592285,5.872725486755371
297,134.45283069357666,63.065947726147975,119.37797545418309,41561.0,0.04828338325023651,0.04163770005106926,6.194185256958008,5.2470855712890625,86.72983367876633,56.364616584326896,171.52014891425833,41585.0,0.046167559921741486,0.04113294184207916,5.978772163391113,5.251400470733643,62.999999999999986,11.026402080336865,0.0,41567.0,0.04949158802628517,0.04477375000715256,6.270537853240967,5.607540130615234
298,132.54143814467875,62.092024333457616,120.20571201387858,41517.0,0.048429496586322784,0.045783527195453644,6.195738315582275,5.819876670837402,85.43021061509819,55.54970267255515,171.48127010062038,41569.0,0.04686959832906723,0.04300432279706001,6.115415096282959,5.5541181564331055,62.000000000000014,10.86848445865541,0.0,41477.0,0.04610195755958557,0.0447310209274292,5.782630443572998,5.590349197387695
299,130.61777984669925,61.11732157375312,121.03458010838452,41507.0,0.04943867772817612,0.04943867772817612,6.327086448669434,6.327086448669434,84.12665317543315,54.73319225926168,171.4412972905459,41507.0,0.048190269619226456,0.04285440221428871,6.322849750518799,5.5465779304504395,60.999999999999986,10.709757477449928,0.0,41515.0,0.04743628576397896,0.04496931657195091,5.949333667755127,5.60444974899292
300,128.68218745348943,60.141815027580755,121.86458220944664,41535.0,0.050444770604372025,0.050444770604372025,6.470164775848389,6.470164775848389,82.8192442185417,53.9150172078886,171.40015827200494,41543.0,0.05200782045722008,0.04320492595434189,6.88137674331665,5.600979328155518,59.99999999999996,10.55023323508413,0.0,41553.0,0.0482204407453537,0.043271612375974655,6.048248767852783,5.357509136199951
301,126.73498545732119,59.16548149950408,122.6957187114036,41533.0,0.05410642549395561,0.05410642549395561,6.991484642028809,6.991484642028809,81.50806562472121,53.095110471006414,171.35777509668034,41595.0,0.051993802189826965,0.04320212081074715,6.924841403961182,5.639084815979004,58.99999999999997,10.389923878198758,0.0,41579.0,0.048331234604120255,0.040834687650203705,6.0657172203063965,5.018919467926025
302,124.77649132730973,58.188299043769,123.5279876788882,41531.0,0.05494967848062515,0.05494967848062515,7.122192859649658,7.122192859649658,80.19319831347725,52.273406126982614,171.31406346975987,41577.0,0.050443630665540695,0.043186090886592865,6.750827312469482,5.682219982147217,58.00000000000002,10.22884160079719,0.0,41571.0,0.0485280342400074,0.03927192464470863,6.0908355712890625,4.79865026473999
303,122.8070156516651,57.21024698806641,124.36138456453577,41581.0,0.05325891077518463,0.05325891077518463,6.8455095291137695,6.8455095291137695,78.87472226125374,51.449839415107135,171.26893206148546,41515.0,0.049870237708091736,0.044463369995355606,6.701400279998779,5.901600360870361,57.0,10.066998643336312,0.0,41587.0,0.04647508263587952,0.037171147763729095,5.8186116218566895,4.516704082489014
304,120.8268622830925,56.23130595537495,125.19590189198183,41555.0,0.0537787601351738,0.049038294702768326,6.907928943634033,6.238875389099121,77.55271651919621,50.62434676914561,171.22228172843012,41513.0,0.05006093531847,0.04914803430438042,6.734085559844971,6.598972320556641,55.999999999999936,9.90440729182127,0.0,41571.0,0.04822083190083504,0.034747302532196045,6.0748395919799805,4.185928821563721
305,118.8363284867174,55.251457883871645,126.03152889859771,41549.0,0.05150158703327179,0.046169258654117584,6.586745262145996,5.8338165283203125,76.22725923093768,49.79686584929572,171.1740046303182,41555.0,0.05503113195300102,0.05503113195300102,7.456861972808838,7.456861972808838,54.99999999999997,9.741079876905655,0.0,41501.0,0.053816668689250946,0.0331084318459034,6.889986991882324,3.9746921062469482
306,116.83570508996763,54.2706860448994,126.86825113140108,41543.0,0.04845089465379715,0.04744914546608925,6.163839340209961,6.0221967697143555,74.8984276503924,48.96733557252403,171.12398322560156,41515.0,0.05686255544424057,0.05686255544424057,7.700348854064941,7.700348854064941,53.99999999999999,9.57702877299583,0.0,41521.0,0.056911952793598175,0.03342697024345398,7.393954277038574,4.059212684631348
307,114.8252766338972,53.28897505898737,127.70604998835316,41579.0,0.04896914213895798,0.04896914213895798,6.1956377029418945,6.1956377029418945,73.56629815954886,48.135696141266436,171.07208912585753,41565.0,0.05307440459728241,0.05307440459728241,7.115304470062256,7.115304470062256,52.999999999999986,9.412266397360536,0.0,41493.0,0.05981457605957985,0.03411262482404709,7.86280632019043,4.188459396362305
308,112.80532152548251,52.30631090992035,128.54490219576368,41569.0,0.0519423708319664,0.048340510576963425,6.5779290199279785,6.074555397033691,72.23094628624911,47.301889070477465,171.01818178523914,41579.0,0.049766816198825836,0.049766816198825836,6.564218521118164,6.564218521118164,51.999999999999936,9.246805209244878,0.0,41527.0,0.060311209410429,0.037079427391290665,7.963070392608643,4.6306471824646
309,110.77611219047017,51.32268095685948,129.38477921070185,41567.0,0.05586839094758034,0.043537724763154984,7.137435436248779,5.4121012687683105,70.89244672194768,46.46585721301867,170.96210699653403,41541.0,0.05015219375491142,0.04609794542193413,6.5743865966796875,5.9879150390625,50.999999999999964,9.080657708989598,0.0,41491.0,0.05739925056695938,0.03883727267384529,7.5741496086120605,4.9026641845703125
310,108.73791522639391,50.33807394451805,130.22564653507388,41593.0,0.05336930975317955,0.03947819396853447,6.842947483062744,4.884838581085205,69.55087333943787,45.627544783378106,170.9036951596421,41555.0,0.050886791199445724,0.04722470045089722,6.668031692504883,6.139098644256592,50.00000000000001,8.913836437154417,0.0,41509.0,0.05375125631690025,0.03833121061325073,7.080078601837158,4.852349758148193
311,106.69099155542159,49.35248001140107,131.06746292526444,41533.0,0.051890015602111816,0.0391552597284317,6.717456817626953,4.901402950286865,68.20629921054038,44.78689737971884,170.8427592812045,41559.0,0.052008453756570816,0.04387931153178215,6.8108930587768555,5.639641761779785,49.0,8.746353973647212,0.0,41525.0,0.055745597928762436,0.038634687662124634,7.377723217010498,4.903012752532959
312,104.63559657672631,48.36589069611906,131.91017947781828,41557.0,0.046402085572481155,0.03595520555973053,5.981936454772949,4.480990409851074,66.85879662374494,43.943862004255955,170.77909265534592,41607.0,0.05313725024461746,0.043081965297460556,6.935314178466797,5.493919372558594,48.00000000000001,8.578222936856964,0.0,41569.0,0.055908363312482834,0.04224158078432083,7.390721797943115,5.417017459869385
313,102.57198031811245,47.37829894179022,132.75373856736698,41569.0,0.04940740764141083,0.0347454696893692,6.457129001617432,4.337181568145752,65.50843710179858,43.09838708196565,170.712466164564,41561.0,0.05247883498668671,0.040136270225048065,6.8285322189331055,5.062103748321533,47.0,8.40945598279204,0.0,41595.0,0.05462396517395973,0.04409413039684296,7.199599742889404,5.680152893066406
314,100.50038758665609,46.38969909854822,133.59807260766,41537.0,0.0522313266992569,0.03606826439499855,6.850129127502441,4.518153190612793,64.15529141923497,42.25042247763372,170.64262512611904,41551.0,0.05173502117395401,0.04165875166654587,6.724384307861328,5.28184175491333,45.999999999999986,8.240065804223532,0.0,41603.0,0.05204928293824196,0.045445483177900314,6.814429759979248,5.863332271575928
315,98.42105811814949,45.40008692417447,134.44310259981367,41525.0,0.055797278881073,0.04214099794626236,7.275777339935303,5.328230857849121,62.799429619838115,41.399919511252534,170.56928559203809,41583.0,0.05062901973724365,0.04311462491750717,6.569489002227783,5.4931159019470215,45.00000000000001,8.070065129832788,0.0,41603.0,0.04815349727869034,0.04709840193390846,6.237848281860352,6.086224555969238
316,96.33422672516801,44.40945958287807,135.2887364233388,41531.0,0.052427154034376144,0.04275565221905708,6.67163610458374,5.31606912612915,61.44092103403631,40.54683097178082,170.49212998900444,41545.0,0.04997648298740387,0.04209795966744423,6.506024360656738,5.372440338134766,44.00000000000003,7.899466723363723,0.0,41543.0,0.05117432773113251,0.048516131937503815,6.641130447387695,6.260767459869385
317,94.24012344359878,43.417815642247504,136.13486681458934,41543.0,0.0480666346848011,0.04016377404332161,5.990970134735107,4.895143032073975,60.07983429622183,39.69111112928118,170.4108019565397,41577.0,0.05270759016275406,0.04369890317320824,6.920024871826172,5.619935035705566,42.99999999999995,7.728283382780446,0.0,41497.0,0.05331762880086899,0.047602638602256775,6.916316509246826,6.101968288421631
318,92.13897367749519,42.42515506840132,136.98136896323953,41545.0,0.04974106326699257,0.04181564971804619,6.188968658447266,5.095284938812256,58.71623736199181,38.832715745455346,170.32490020610518,41583.0,0.051178086549043655,0.0468180775642395,6.701826572418213,6.07219934463501,41.99999999999997,7.556527939429189,0.0,41489.0,0.05480140075087547,0.04615996032953262,7.115885257720947,5.8864827156066895
319,90.0309983421421,41.43147921936676,137.82809763922464,41549.0,0.05053757131099701,0.03958269581198692,6.314046859741211,4.7982869148254395,57.35019752530683,37.97160208259754,170.23397117747376,41527.0,0.04940802603960037,0.04604671522974968,6.45088529586792,5.964948654174805,40.99999999999998,7.384213257204664,0.0,41589.0,0.05566835030913353,0.04723057150840759,7.22627592086792,6.027884483337402
320,87.91641400523561,40.436790836717805,138.6748837388744,41553.0,0.048430755734443665,0.0383121520280838,6.0344462394714355,4.631272792816162,55.981781435565715,37.10772891099121,170.1375002084154,41543.0,0.05060062184929848,0.041479650884866714,6.622269630432129,5.303524494171143,39.99999999999995,7.211352231721239,0.0,41615.0,0.05649605765938759,0.0470370315015316,7.327104091644287,5.986581802368164
321,85.79543302609785,39.44109403550551,139.5215301077878,41561.0,0.04675548896193504,0.03891146183013916,5.838534355163574,4.74431037902832,54.611055114590904,36.24105651477532,170.0349008545151,41571.0,0.050328195095062256,0.03890050947666168,6.557007789611816,4.910770416259766,38.99999999999999,7.037957789489013,0.0,41577.0,0.05932662636041641,0.04650897532701492,7.713944911956787,5.9005608558654785
322,83.66826369286376,38.44439429251521,140.36780645662517,41553.0,0.04949759319424629,0.04009116441011429,6.275086402893066,4.952781677246094,53.238083973525995,35.371546696308705,169.9255018909742,41549.0,0.0498470701277256,0.0402885377407074,6.479428291320801,5.104151248931885,37.99999999999999,6.864042887093819,0.0,41543.0,0.058449871838092804,0.044258005917072296,7.583826541900635,5.577386379241943
323,81.53511035759178,37.44669843288729,141.21344313059987,41581.0,0.05776747688651085,0.04015180468559265,7.463611125946045,4.979506015777588,51.8629328296406,34.49916277906462,169.80853138789868,41577.0,0.05085396766662598,0.04069969803094864,6.620588302612305,5.160459041595459,37.0,6.689620510382315,0.0,41493.0,0.05617140978574753,0.044886428862810135,7.251345634460449,5.6579365730285645
324,79.39617356926189,36.44801461513847,142.05812341854195,41589.0,0.058609217405319214,0.042111486196517944,7.598618507385254,5.2677903175354,50.48566592304218,33.623869609086746,169.68309706110807,41565.0,0.05577096343040466,0.041667744517326355,7.335554122924805,5.305996417999268,35.99999999999997,6.514703673650571,0.0,41555.0,0.05675647035241127,0.04283570498228073,7.3192338943481445,5.357267379760742
325,77.25165020463902,35.448352314623584,142.90147398502833,41565.0,0.05613303557038307,0.048075590282678604,7.231193542480469,6.095688343048096,49.106346933295,32.74563355504367,169.5481618420381,41581.0,0.05769733712077141,0.04336855188012123,7.630936145782471,5.564891815185547,35.0,6.339305418838313,0.0,41545.0,0.05966194346547127,0.040740080177783966,7.7044782638549805,5.045422554016113
326,75.1017335969879,34.44772230547703,143.7430528675811,41589.0,0.05496126785874367,0.05496126785874367,7.042680263519287,7.042680263519287,47.725038995942796,31.864422506916654,169.40251325381954,41537.0,0.05777358636260033,0.04276319965720177,7.6452107429504395,5.480200290679932,33.999999999999936,6.1634388147262404,0.0,41567.0,0.06228907033801079,0.040685247629880905,8.051299095153809,5.0227766036987305
327,72.946613662638,33.446136641075704,144.58233428296464,41571.0,0.05320022255182266,0.05320022255182266,6.79401159286499,6.79401159286499,46.34180471893829,30.98020587335974,169.24472468300786,41545.0,0.05542762950062752,0.041438110172748566,7.297119140625,5.282141208648682,33.0,5.987116956137829,0.0,41603.0,0.062363043427467346,0.03865974396467209,8.057950973510742,4.735728740692139
328,70.78647702540269,32.44360863306455,145.41868920597912,41547.0,0.05580194294452667,0.04911272972822189,7.16381311416626,6.2238287925720215,44.95670619897576,30.092954577771327,169.07310593289384,41583.0,0.053756020963191986,0.04301261529326439,7.0283074378967285,5.486952304840088,31.99999999999999,5.810352963146161,0.0,41581.0,0.06007284298539162,0.03905913233757019,7.734489440917969,4.789545059204102
329,68.62150713886848,31.44015282898845,146.2513602806367,41537.0,0.058761369436979294,0.04869316890835762,7.586565971374512,6.170673370361328,43.56980503772961,29.202641053118437,168.8856394357291,41523.0,0.05316975712776184,0.044699277728796005,6.914858341217041,5.70450496673584,31.000000000000018,5.633159980283502,0.0,41529.0,0.05614183098077774,0.04073046147823334,7.200447082519531,5.035567760467529
330,66.45188440657527,30.43578498857267,147.07942903439263,41537.0,0.0616782046854496,0.04882736876606941,7.979880332946777,6.176308631896973,42.18116235799834,28.30923923555483,168.6798970334341,41553.0,0.049919143319129944,0.04534938558936119,6.43487024307251,5.783378601074219,29.999999999999993,5.455551175755655,0.0,41537.0,0.05230770260095596,0.04260837286710739,6.6788458824157715,5.312971591949463
331,64.2777863001141,29.430522058696646,147.90177249114552,41553.0,0.06693512201309204,0.048017121851444244,8.650801658630371,6.015068054199219,40.790838819753965,27.41272455687658,168.4529300652386,41565.0,0.04642985761165619,0.04600510746240616,5.9343743324279785,5.873844146728516,28.999999999999964,5.277539740660503,0.0,41571.0,0.052374448627233505,0.04401475191116333,6.700505256652832,5.521312713623047
332,62.099387475178546,28.424382147104538,148.71700495531846,41529.0,0.06492255628108978,0.04386189952492714,8.342299461364746,5.4163079261779785,39.39889463610052,26.513073935858422,168.201122231577,41559.0,0.04667423292994499,0.04667423292994499,5.985583782196045,5.985583782196045,28.0,5.099138888208823,0.0,41523.0,0.052453234791755676,0.046050529927015305,6.711014747619629,5.807928085327148
333,59.91685988560488,27.417384494897348,149.5233986967995,41539.0,0.056414730846881866,0.03928665071725845,7.154622554779053,4.7762956619262695,38.005389589137636,25.61026576851489,167.91998968427998,41567.0,0.047410428524017334,0.047410428524017334,6.100747108459473,6.100747108459473,26.999999999999968,4.920361852951071,0.0,41577.0,0.05025137960910797,0.04713735729455948,6.414187908172607,5.974152565002441
334,57.73037289544735,26.409549447851358,150.31877404292013,41577.0,0.0530509278178215,0.036159761250019073,6.725833415985107,4.367643356323242,36.61038304573711,24.704279917331895,167.60390491993732,41571.0,0.04899342358112335,0.04899342358112335,6.339093208312988,6.339093208312988,25.999999999999936,4.74122189000583,0.0,41523.0,0.04730641841888428,0.04464230686426163,6.00570011138916,5.628899097442627
335,55.540093389134675,25.40089842660729,151.10034416847097,41559.0,0.05394003167748451,0.035710178315639496,6.860990524291992,4.312103748321533,35.213933973228634,23.79509769951342,167.24570840793854,41577.0,0.048673976212739944,0.048673976212739944,6.294773578643799,6.294773578643799,24.999999999999943,4.561732274293036,0.0,41551.0,0.04809517040848732,0.04130733758211136,6.117396831512451,5.157517910003662
336,53.346185879759204,24.391453895775598,151.8644912008468,41535.0,0.06005282327532768,0.036386746913194656,7.769102573394775,4.438734531402588,33.816100954999534,22.88270187428935,166.83615103414647,41569.0,0.04879186674952507,0.04820399731397629,6.296644687652588,6.2125396728515625,23.999999999999915,4.381906299769491,0.0,41557.0,0.0487779937684536,0.04271058738231659,6.21633243560791,5.358082294464111
337,51.14881261555134,23.381239332001467,152.6064353750207,41523.0,0.06207648664712906,0.03995336964726448,8.07448673248291,4.9532647132873535,32.41694220600877,21.96707662932969,166.3630750385758,41561.0,0.04734386131167412,0.04697439447045326,6.0651068687438965,6.012436389923096,23.000000000000014,4.201757278669406,0.0,41537.0,0.050186313688755035,0.043952878564596176,6.406897068023682,5.52631139755249
338,48.948133684598865,22.37027919103539,153.31973252189093,41563.0,0.05970090627670288,0.04547051712870598,7.748309135437012,5.738312721252441,31.016515588218578,21.048207566311746,165.81017900281327,41553.0,0.049288228154182434,0.044622987508773804,6.312526702880859,5.650291442871094,21.999999999999986,4.021298540746457,0.0,41547.0,0.052426528185606,0.045441579073667526,6.705756664276123,5.721399784088135
339,46.7443071178688,21.358598873852923,153.99548622646418,41519.0,0.05098922923207283,0.05098922923207283,6.557173252105713,6.557173252105713,29.61487862594552,20.12608168568554,165.1550992998614,41535.0,0.0512465164065361,0.04772355407476425,6.579056739807129,6.079684257507324,21.000000000000053,3.840543432519204,0.0,41549.0,0.05475263297557831,0.046173546463251114,7.013906955718994,5.80803918838501
340,44.537488990593765,20.346224691867516,154.62106609818338,41527.0,0.052074119448661804,0.052074119448661804,6.717527389526367,6.717527389526367,28.212088521132728,19.200687370682807,164.36632543418068,41521.0,0.05109290033578873,0.04911664500832558,6.553696632385254,6.273694038391113,20.000000000000025,3.659505316521274,0.0,41517.0,0.05547978729009628,0.046921055763959885,7.090515613555908,5.891489028930664
341,42.327833522086436,19.333183831281037,155.17792932263907,41539.0,0.05078448727726936,0.05078448727726936,6.541126251220703,6.541126251220703,26.80820216854692,18.272014370616112,163.39803785775518,41569.0,0.04818839952349663,0.04750427231192589,6.146138668060303,6.0491533279418945,18.99999999999998,3.478197570551527,0.0,41473.0,0.05420044809579849,0.05133116990327835,6.883705139160156,6.483217716217041
342,40.115493174047586,18.319504316614672,155.63771837084434,41513.0,0.048651471734046936,0.048651471734046936,6.184085845947266,6.184085845947266,25.403276170902156,17.340053783511195,162.18105198312875,41531.0,0.04646383225917816,0.045126013457775116,5.899678707122803,5.710065841674805,17.999999999999968,3.296633586930266,0.0,41449.0,0.056512683629989624,0.056512683629989624,7.176027297973633,7.176027297973633
343,37.900618747433874,17.30521497346373,155.95480578979763,41559.0,0.04777036979794502,0.04276148974895477,6.004662990570068,5.303412437438965,23.997366853913363,16.40479803811882,160.6060138968501,41571.0,0.049265056848526,0.045073263347148895,6.284548759460449,5.691505432128906,17.000000000000004,3.1148267717548004,0.0,41513.0,0.059522293508052826,0.059522293508052826,7.560041904449463,7.560041904449463
344,35.6833594779526,16.29034539051859,156.05085112544813,41527.0,0.04913735017180443,0.04182061553001404,6.163967609405518,5.144397258758545,22.590530281282398,15.466240875349241,158.49003860144774,41565.0,0.05257296562194824,0.04694550856947899,6.717676639556885,5.9254326820373535,15.999999999999963,2.932790544160243,0.0,41537.0,0.06154576689004898,0.06154576689004898,7.815553188323975,7.815553188323975
345,33.463863130254474,15.27492588089466,155.77927207487264,41589.0,0.051506709307432175,0.04704444110393524,6.533139228820801,5.907903671264648,21.182822269620416,14.524377329172736,155.50482947240735,41543.0,0.053197283297777176,0.049654874950647354,6.776004791259766,6.279294490814209,14.99999999999983,2.7505383355810222,0.0,41481.0,0.06399674713611603,0.06399674713611603,8.122164726257324,8.122164726257324
346,31.24227609088957,14.25898744281238,154.83102187801816,41595.0,0.05687469244003296,0.046739764511585236,7.301532745361328,5.878214359283447,19.774298403307682,13.579203707028901,151.00587808519086,41529.0,0.05576518923044205,0.05576518923044205,7.110122203826904,7.110122203826904,13.999999999999945,2.568083589015931,0.0,41541.0,0.06779873371124268,0.06779873371124268,8.60484504699707,8.60484504699707
347,29.018743460102378,13.242561719668878,152.42795145569485,41493.0,0.05659214407205582,0.04788709059357643,7.276818752288818,6.051691055297852,18.36501404929687,12.630717569786643,143.580790701173,41579.0,0.06116624176502228,0.06116624176502228,7.847573757171631,7.847573757171631,12.999999999999817,2.3854397582936544,0.0,41567.0,0.07245919853448868,0.07245919853448868,9.211864471435547,9.211864471435547
348,26.79340914253257,12.225680959542515,145.94491944170338,41589.0,0.05420044809579849,0.04686327278614044,6.947242736816406,5.913652420043945,16.955024371859913,11.678917711296206,129.7904992424582,41451.0,0.06520798802375793,0.06520798802375793,8.377679824829102,8.377679824829102,11.99999999999993,2.20262030734326,0.0,41567.0,0.07705935835838318,0.07705935835838318,9.80875015258789,9.80875015258789
349,24.56641593689469,11.208377974169723,120.29313923337608,41909.0,0.05357958748936653,0.04744645208120346,6.9063215255737305,6.036940574645996,15.544384347284675,10.723804137572891,102.23583935023015,41673.0,0.06674183160066605,0.06674183160066605,8.584637641906738,8.584637641906738,10.999999999999943,2.0196387094626087,0.0,41601.0,0.0814301148056984,0.0814301148056984,10.408955574035645,10.408955574035645
350,22.337905624709908,10.190686097435405,35.17557893213356,41939.0,0.05093720927834511,0.046198051422834396,6.516019344329834,5.845738887786865,14.133148778523084,9.765378045652222,62.49336882812875,41569.0,0.06823248416185379,0.06823248416185379,8.79381275177002,8.79381275177002,9.999999999999984,1.836508446592064,0.0,41519.0,0.0860392302274704,0.0860392302274704,11.055060386657715,11.055060386657715
351,20.10801905815768,9.172639143414386,8.101977169174376,41549.0,0.049773525446653366,0.049773525446653366,6.314774513244629,6.314774513244629,12.721372309794734,8.803641802154727,35.14726243928354,41283.0,0.07591429352760315,0.07591429352760315,9.814577102661133,9.814577102661133,8.999999999999694,1.6532430085874046,0.0,41489.0,0.09063603729009628,0.09063603729009628,11.687088012695312,11.687088012695312
352,17.876896247126215,8.154271364005506,1.396569170150883,41543.0,0.05371350795030594,0.0531136691570282,6.815989971160889,6.732237339019775,11.309109441148399,7.838598921597126,21.467555401127242,41481.0,0.08244220167398453,0.08244220167398453,10.662615776062012,10.662615776062012,7.9999999999999,1.4698558924975995,0.0,41835.0,0.09303715825080872,0.09303715825080872,12.031031608581543,12.031031608581543
353,15.644676445529026,7.135617406194274,1.0596585324277328,41577.0,0.062261540442705154,0.062261540442705154,7.945239067077637,7.945239067077637,9.89641454298805,6.870254044487111,14.091238075067281,41889.0,0.08901558071374893,0.08901558071374893,11.531951904296875,11.531951904296875,6.999999999999893,1.2863606018386546,2.842170943040401e-14,42227.0,0.09503478556871414,0.09503478556871414,12.339778900146484,12.339778900146484
354,13.411498236963288,6.116712268984573,2.014146649647074,41509.0,0.06174232438206673,0.06174232438206673,7.805282115936279,7.805282115936279,8.483341870563201,5.898612915236323,9.616240000569547,41605.0,0.1004401445388794,0.1004401445388794,13.04116153717041,13.04116153717041,5.999999999999603,1.1027706458731381,2.842170943040401e-14,41671.0,0.10531946271657944,0.10531946271657944,13.70670223236084,13.70670223236084
355,11.177499619780882,5.097591260035481,2.2712949269392766,41567.0,0.07343704998493195,0.07343704998493195,9.410101890563965,9.410101890563965,7.069945578430486,4.923682359924224,6.644216477078231,41515.0,0.11203480511903763,0.11203480511903763,14.55561351776123,14.55561351776123,4.999999999999906,0.9190995388902606,2.842170943040401e-14,41455.0,0.1149735301733017,0.1149735301733017,14.988917350769043,14.988917350769043
356,8.942818091649205,4.078289952041983,2.148334780268698,41829.0,0.08890645205974579,0.08890645205974579,11.509724617004395,11.509724617004395,5.656279734885918,3.9454702639489776,4.5361819884433885,41573.0,0.12028040736913681,0.12028040736913681,15.57609748840332,15.57609748840332,3.99999999999953,0.735360799484599,2.842170943040401e-14,41573.0,0.12256380915641785,0.12256380915641785,15.961350440979004,15.961350440979004
357,6.707590733669952,3.058844138896405,1.7950527005160097,41655.0,0.1058858335018158,0.1058858335018158,13.773150444030762,13.773150444030762,4.242398336379447,2.9639855495934384,2.9662669388946767,41571.0,0.13000912964344025,0.13000912964344025,16.750314712524414,16.750314712524414,3.0000000000000884,0.5515679498384654,2.842170943040401e-14,41571.0,0.13122135400772095,0.13122135400772095,17.01405143737793,17.01405143737793
358,4.47195429413036,2.0392897916671338,1.2912524096381617,41565.0,0.12280730903148651,0.12280730903148651,15.917993545532227,15.917993545532227,2.828355321903896,1.9792381535388262,1.7527675842584074,41571.0,0.13876482844352722,0.13876482844352722,17.819095611572266,17.819095611572266,1.9999999999998004,0.36773451500135185,2.842170943040401e-14,41551.0,0.13866890966892242,0.13866890966892242,17.912643432617188,17.912643432617188
